complaint_id,citizen_id,category,sub_category,ward,reported_date,status,people_affected,vulnerable_population,essential_service,public_safety_risk,recurrence_indicator,estimated_effort_hours,severity
C000001,P0869,Drainage,Drain Blockage,Peenya,2025-10-01,Closed,230,39,No,Medium,No,4,High
C000002,P0993,Sewerage,Sewage Overflow,Hennur,2025-10-01,Resolved,70,14,Yes,Critical,No,8,Medium
C000003,P1709,Street Infrastructure,Fallen Tree Branch,Dasarahalli,2025-10-01,Closed,190,12,No,Medium,No,12,Medium
C000004,P1458,Revenue Department,Trade Licence Issue,Chickpet,2025-10-01,Resolved,7,2,No,None,No,2,Low
C000005,P1565,Water Supply,No Water Supply,Vasanthnagar,2025-10-01,Closed,140,21,Yes,Low,No,12,High
C000006,P0060,Drainage,Drain Blockage,Peenya,2025-10-01,Resolved,150,35,No,Medium,No,4,High
C000007,P0364,Water Supply,Water Leakage,Chamrajpet,2025-10-01,Resolved,119,,Yes,High,No,12,High
C000008,P0094,Road Maintenance,Pothole,Gandhinagar,2025-10-01,Resolved,210,13,No,Medium,No,2,Medium
C000009,P0621,Road Infrastructure,Road Cutting Not Restored,Marathahalli,2025-10-01,Closed,55,0,Yes,Medium,No,8,Medium
C000010,P1039,Health,Public Health Sanitation Issue,Arekere,2025-10-01,Resolved,25,2,Yes,None,No,12,Low
C000011,P1753,Street Infrastructure,Fallen Tree Branch,Jalahalli,2025-10-01,Closed,180,21,No,High,No,4,High
C000012,P1540,Sewerage,Sewer Line Blockage,Hosahalli,2025-10-01,Resolved,55,17,No,Medium,No,8,Medium
C000013,P0013,Street Infrastructure,Fallen Tree Branch,BTM Layout,2025-10-02,Closed,60,11,No,Medium,No,4,Medium
C000014,P0043,Road Maintenance,Footpath Damage,Hoodi,2025-10-02,Closed,320,18,No,High,No,,Low
C000015,P2136,Solid Waste Management,Garbage Not Collected,Rajajinagar,2025-10-02,Resolved,45,17,Yes,Low,No,8,Medium
C000016,P1851,Drainage,Drain Blockage,Peenya,2025-10-02,Closed,95,11,No,Medium,No,4,High
C000017,P0981,Sewerage,Manhole Overflow,Sarakki,2025-10-02,Closed,470,99,Yes,Medium,No,3,High
C000018,P0062,Solid Waste Management,Garbage Vehicle Not Arrived,Malleshwaram,2025-10-02,Closed,210,7,No,Low,No,4,Medium
C000019,P0664,Road Infrastructure,Missing Manhole Cover,HSR Layout,2025-10-02,Resolved,30,2,No,Medium,No,1,Low
C000020,P2443,Street Infrastructure,Fallen Tree Branch,Jalahalli,2025-10-02,Resolved,180,34,No,High,No,4,High
C000021,P2013,Road Maintenance,Footpath Damage,Dasarahalli,2025-10-02,Resolved,190,18,No,Medium,No,4,Medium
C000022,P1179,Solid Waste Management,Garbage Not Collected,Rajajinagar,2025-10-02,Closed,45,7,Yes,Low,No,8,Medium
C000023,P1699,Solid Waste Management,Garbage Vehicle Not Arrived,Banaswadi,2025-10-02,Closed,130,3,No,Medium,No,1,Low
C000024,P1470,Water Supply,Low Water Pressure,Mathikere,2025-10-02,Closed,119,3,No,Medium,No,8,High
C000025,P2738,Drainage,Drain Overflow,Mathikere,2025-10-02,Closed,40,0,Yes,High,No,8,High
C000026,P1503,Solid Waste Management,Garbage Vehicle Not Arrived,Banaswadi,2025-10-02,Closed,150,2,No,Medium,No,1,Low
C000027,P0349,Drainage,Drain Blockage,Peenya,2025-10-02,Closed,103,10,No,Medium,No,4,Medium
C000028,P0558,Health,Public Health Sanitation Issue,Arekere,2025-10-02,Closed,20,2,Yes,None,No,16,Low
C000029,P2901,Solid Waste Management,Garbage Not Collected,Rajajinagar,2025-10-02,Resolved,45,17,Yes,Low,No,8,Medium
C000030,P2187,Solid Waste Management,Garbage Not Collected,Mathikere,2025-10-02,Resolved,120,1,No,None,Yes,12,Low
C000031,P0058,Sewerage,Manhole Overflow,Sarakki,2025-10-02,Closed,928,145,Yes,Medium,No,4,High
C000032,P0040,Sewerage,Sewer Line Blockage,Hosahalli,2025-10-02,Closed,40,11,No,Medium,No,8,Medium
C000033,P1899,Public Sanitation,Public Toilet Not Maintained,Yelahanka,2025-10-02,In Progress,798,11,No,Medium,Yes,6,Low
C000034,P0631,Sewerage,Manhole Overflow,Sarakki,2025-10-02,Closed,611,103,Yes,Medium,No,4,High
C000035,P0910,Sewerage,Manhole Overflow,Sarakki,2025-10-02,Resolved,470,107,Yes,Medium,No,4,High
C000036,P0660,Solid Waste Management,Garbage Vehicle Not Arrived,Malleshwaram,2025-10-02,Closed,210,7,No,Low,No,4,Medium
C000037,P2585,Street Infrastructure,Fallen Tree Branch,BTM Layout,2025-10-02,Closed,40,8,No,Medium,No,4,Medium
C000038,P0616,Water Supply,No Water Supply,Kammanahalli,2025-10-02,Closed,260,5,Yes,None,No,8,Low
C000039,P0256,Solid Waste Management,Garbage Dumping in Vacant Site,Hosahalli,2025-10-03,Closed,180,1,No,None,Yes,2,Low
C000040,P1979,Solid Waste Management,Garbage Vehicle Not Arrived,Kodigehalli,2025-10-03,Closed,141,7,No,None,No,2,Low
C000041,P0325,Solid Waste Management,Garbage Dump,Hennur,2025-10-03,Resolved,203,13,No,Low,No,8,Low
C000042,P1457,Solid Waste Management,Garbage Dump,Hennur,2025-10-03,Closed,382,23,No,Low,No,12,Low
C000043,P2438,Sewerage,Manhole Overflow,Sarakki,2025-10-03,Resolved,470,98,Yes,Medium,No,,High
C000044,P2361,Road Infrastructure,Road Cutting Not Restored,Marathahalli,2025-10-03,Closed,55,1,,Medium,No,8,Medium
C000045,P0557,Road Infrastructure,Missing Manhole Cover,Shantinagar,2025-10-03,Closed,15,6,No,Critical,No,,Medium
C000046,P0557,Road Infrastructure,Missing Manhole Cover,Shantinagar,2025-10-03,Closed,15,6,No,Critical,No,2,Medium
C000047,P2221,Electrical,Street Light Not Working,Chamrajpet,2025-10-03,Closed,129,2,No,Critical,No,1,Medium
C000048,P2291,Road Maintenance,Road Maintenance Required,JP Nagar,2025-10-03,Closed,270,44,No,Medium,No,8,Low
C000049,P0650,Electrical,Exposed Electrical Wires,Nagarbhavi,2025-10-03,Closed,40,15,No,High,No,2,High
C000050,P2675,Street Infrastructure,Damaged Footpath Railing,Varthur,2025-10-03,Resolved,15,3,No,Critical,No,16,Medium
C000051,P2675,Street Infrastructure,Damaged Footpath Railing,Varthur,2025-10-03,Registered,15,3,No,Critical,No,16,Medium
C000052,P1439,Solid Waste Management,Garbage Dump,Hennur,2025-10-03,Resolved,530,28,No,Low,No,8,Low
C000053,P1619,Solid Waste Management,Garbage Not Collected,Rajajinagar,2025-10-03,Closed,45,13,Yes,Low,No,12,Medium
C000054,P1467,Electrical,Street Light Not Working,Chamrajpet,2025-10-03,Closed,140,1,No,High,No,1,Medium
C000055,P1983,Water Supply,Water Leakage,Jalahalli,2025-10-03,Closed,160,8,No,High,No,12,High
C000056,P1817,Road Maintenance,Road Maintenance Required,Hosahalli,2025-10-03,Resolved,20,1,,Low,No,2,Low
C000057,P1926,Road Maintenance,Pothole,Gandhinagar,2025-10-03,Resolved,240,17,No,Medium,No,2,Medium
C000058,P0243,Drainage,Drain Overflow,Mathikere,2025-10-03,Resolved,40,0,Yes,High,No,8,High
C000059,P1342,Drainage,Drain Overflow,Mathikere,2025-10-03,Closed,35,0,No,High,No,6,High
C000060,P2270,Water Supply,Water Leakage,Jalahalli,2025-10-03,Closed,160,10,No,High,No,12,High
C000061,P0453,Street Infrastructure,Fallen Tree Branch,Jalahalli,2025-10-03,Closed,150,19,No,High,No,3,High
C000062,P1383,Water Supply,Water Leakage,Jalahalli,2025-10-03,Closed,160,7,No,High,No,12,High
C000063,P2363,Solid Waste Management,Garbage Dumping in Vacant Site,Hosahalli,2025-10-03,Closed,130,1,No,None,Yes,,Low
C000064,P2361,Solid Waste Management,Sweeping Not Done,Marathahalli,2025-10-03,Closed,120,2,No,Low,No,3,Low
C000065,P0702,Electrical,Street Light Not Working,Kadugodi,2025-10-03,Closed,47,17,No,Low,No,4,Medium
C000066,P2701,Electrical,Multiple Street Lights Not Working,Nagarbhavi,2025-10-03,Closed,43,4,No,Medium,Yes,2,Medium
C000067,P2701,Electrical,Multiple Street Lights Not Working,Nagarbhavi,2025-10-03,Closed,43,4,No,Low,Yes,2,Medium
C000068,P0293,Sewerage,Sewage Overflow,Hennur,2025-10-03,Closed,70,10,Yes,High,,12,Medium
C000069,P0497,Water Supply,Pipeline Leakage,Mathikere,2025-10-04,Closed,39,3,No,Medium,No,,Low
C000070,P0217,Solid Waste Management,Garbage Vehicle Not Arrived,Malleshwaram,2025-10-04,Closed,190,5,No,Low,No,3,Medium
C000071,P0980,Electrical,Street Light Not Working,Chamrajpet,2025-10-04,Resolved,129,2,No,Critical,No,1,Medium
C000072,P0085,Sewerage,Manhole Overflow,Sarakki,2025-10-04,Resolved,470,95,Yes,Medium,No,4,High
C000073,P1159,Public Sanitation,Garbage Burning,Mathikere,2025-10-04,Resolved,25,4,No,Low,No,1,Low
C000074,P0456,Solid Waste Management,Garbage Dump,Hennur,2025-10-04,Closed,40,8,No,None,No,8,Low
C000075,P0600,Others,Illegal Construction,Basavanagudi,2025-10-04,Closed,210,1,No,High,No,24,High
C000076,P0252,Electrical,Multiple Street Lights Not Working,Nagarbhavi,2025-10-04,Resolved,43,3,No,Medium,Yes,2,Low
C000077,P0414,Water Supply,No Water Supply,Kammanahalli,2025-10-04,Closed,260,4,Yes,None,No,8,Medium
C000078,P2131,Solid Waste Management,Garbage Not Collected,Rajajinagar,2025-10-04,Closed,45,10,Yes,Low,No,8,Medium
C000079,P2075,Road Maintenance,Footpath Damage,Hoodi,2025-10-04,Resolved,75,11,No,High,No,12,Medium
C000080,P2691,Solid Waste Management,Garbage Dumping in Vacant Site,Hosahalli,2025-10-04,Resolved,130,1,No,None,Yes,2,Low
C000081,P1479,Sewerage,Manhole Overflow,Sarakki,2025-10-04,Closed,470,88,Yes,Medium,No,4,High
C000082,P0922,Road Maintenance,Footpath Damage,Hoodi,2025-10-04,Resolved,210,12,No,,,6,Medium
C000083,P1667,Water Supply,Water Leakage,Shivajinagar,2025-10-04,Resolved,640,63,No,Medium,No,16,High
C000084,P0825,Street Infrastructure,Fallen Tree Branch,Bellandur,2025-10-04,Resolved,7,1,No,Critical,No,4,Medium
C000085,P2629,Electrical,Street Light Not Working,Kadugodi,2025-10-04,Resolved,20,5,No,Medium,No,6,Medium
C000086,P1242,Solid Waste Management,Garbage Not Collected,Sadashivanagar,2025-10-04,Closed,240,38,No,,No,1,Low
C000087,P2464,Health,Increase in Mosquito Density,Sarakki,2025-10-04,Closed,8500,192,No,Low,No,4,Medium
C000088,P1140,Solid Waste Management,Garbage Not Collected,Sadashivanagar,2025-10-04,Resolved,200,26,No,Low,No,2,Low
C000089,P1312,Solid Waste Management,Garbage Not Collected,Rajajinagar,2025-10-04,Resolved,45,10,Yes,Medium,No,8,Medium
C000090,P1063,Public Sanitation,Garbage Burning,Mathikere,2025-10-05,Closed,30,5,No,Low,No,1,Low
C000091,P1857,Solid Waste Management,Sweeping Not Done,Yelahanka,2025-10-05,Resolved,90,9,Yes,Low,No,4,Medium
C000092,P2741,Drainage,Drain Overflow,Basavanagudi,2025-10-05,Closed,130,17,Yes,Medium,No,2,Medium
C000093,P2226,Drainage,Drain Overflow,Basavanagudi,2025-10-05,Closed,95,7,Yes,Medium,No,,High
C000094,P1872,Electrical,Multiple Street Lights Not Working,HSR Layout,2025-10-05,Closed,240,14,No,Medium,Yes,3,Medium
C000095,P0412,Solid Waste Management,Sweeping Not Done,Yelahanka,2025-10-05,Closed,90,8,Yes,None,No,4,Medium
C000096,P0180,Drainage,Open Drain,Peenya,2025-10-05,Closed,15,9,No,None,No,8,Low
C000097,P2133,Electrical,Street Light Not Working,Varthur,2025-10-05,Resolved,54,7,No,Medium,No,1,Medium
C000098,P2133,Electrical,Street Light Not Working,Varthur,2025-10-05,Closed,54,7,No,Medium,No,1,Medium
C000099,P1775,Water Supply,Pipeline Leakage,HSR Layout,2025-10-05,In Progress,0,7,Yes,Critical,No,24,High
C000100,P0881,Water Supply,Water Leakage,Shivajinagar,2025-10-05,Resolved,1005,134,No,Medium,No,8,High
C000101,P1556,Water Supply,Water Leakage,Jalahalli,2025-10-05,Closed,190,11,No,High,Yes,16,High
C000102,P0649,Solid Waste Management,Sweeping Not Done,Sarakki,2025-10-05,Closed,9,2,No,,No,2,Low
C000103,P0690,Solid Waste Management,Sweeping Not Done,Yelahanka,2025-10-05,Closed,40,4,Yes,Low,No,4,Medium
C000104,P2564,Solid Waste Management,Garbage Not Collected,Sadashivanagar,2025-10-05,Resolved,190,22,No,Low,No,0.5,Low
C000105,P1078,Electrical,Street Light Not Working,Kadugodi,2025-10-05,Resolved,69,11,No,Low,No,4,Medium
C000106,P1569,Drainage,Drain Overflow,Basavanagudi,2025-10-05,Closed,80,7,Yes,Medium,No,2,High
C000107,P1618,Road Maintenance,Footpath Damage,Shantinagar,2025-10-05,Closed,20,3,No,Medium,No,6,Medium
C000108,P2301,Electrical,Electric Pole Damaged,Mathikere,2025-10-06,Closed,10,0,No,High,No,6,Medium
C000109,P2301,Water Supply,Pipeline Leakage,Mathikere,2025-10-06,Resolved,50,3,No,Low,No,12,Low
C000110,P0511,Road Maintenance,Road Surface Damage,Kadugodi,2025-10-06,Closed,210,3,No,Low,No,8,Low
C000111,P2878,Solid Waste Management,Garbage Vehicle Not Arrived,Kadugodi,2025-10-06,Resolved,15,0,No,Medium,Yes,6,Medium
C000112,P0519,Drainage,Drain Overflow,Basavanagudi,2025-10-06,Closed,80,6,Yes,Medium,No,1,High
C000113,P1517,Electrical,Street Light Not Working,Sadashivanagar,2025-10-06,Closed,160,1,No,Low,No,1,Low
C000114,P2819,Drainage,Damaged Drain,Whitefield,2025-10-06,Closed,,8,Yes,None,No,48,Low
C000115,P1083,Electrical,Street Light Not Working,Kodigehalli,2025-10-06,Resolved,20,6,Yes,Medium,Yes,4,High
C000116,P0394,Others,Miscellaneous Complaint,Rajarajeshwari Nagar,2025-10-06,Resolved,,0,No,None,,2,Low
C000117,P1295,Road Maintenance,Road Surface Damage,Kadugodi,2025-10-06,Closed,230,3,No,Low,No,8,Low
C000118,P0868,Water Supply,Pipeline Leakage,HSR Layout,2025-10-06,Resolved,244,19,Yes,High,No,24,High
C000119,P0798,Water Supply,Water Leakage,Sarakki,2025-10-06,Resolved,270,24,Yes,Low,No,,Medium
C000120,P2815,Road Infrastructure,Road Encroachment,Mathikere,2025-10-06,Closed,100,4,No,High,No,6,Medium
C000121,P0143,Water Supply,Water Leakage,Sarakki,2025-10-06,Closed,457,33,Yes,Low,No,2,Medium
C000122,P1275,Road Maintenance,Pothole,Peenya,2025-10-06,Closed,440,67,No,Low,No,4,Medium
C000123,P2718,Public Sanitation,Unclean Public Area,Marathahalli,2025-10-06,Closed,158,3,No,Medium,No,8,Low
C000124,P2162,Electrical,Street Light Not Working,Kodigehalli,2025-10-06,Closed,30,8,Yes,Medium,Yes,4,High
C000125,P0908,Public Sanitation,Garbage Burning,Mathikere,2025-10-06,Closed,30,6,No,Low,No,1,Low
C000126,P1193,Electrical,Street Light Not Working,Sarakki,2025-10-07,Resolved,40,8,No,High,Yes,3,High
C000127,P0123,Solid Waste Management,Garbage Vehicle Not Arrived,Kadugodi,2025-10-07,In Progress,40,1,No,Low,Yes,6,Medium
C000128,P1735,Solid Waste Management,Garbage Not Collected,Sadashivanagar,2025-10-07,Closed,15,2,Yes,None,Yes,2,Low
C000129,P1480,Electrical,Street Light Not Working,Kodigehalli,2025-10-07,Resolved,75,21,Yes,Medium,Yes,,High
C000130,P1242,Electrical,Street Light Not Working,Sadashivanagar,2025-10-07,Closed,190,2,Yes,Low,No,1,Low
C000131,P2027,Solid Waste Management,Garbage Not Collected,Hosahalli,2025-10-07,Closed,80,2,Yes,Low,No,4,Low
C000132,P2174,Others,Miscellaneous Complaint,Sadashivanagar,2025-10-07,Closed,5,0,No,None,No,2,Low
C000133,P0050,Drainage,Damaged Drain,Bommanahalli,2025-10-07,Closed,45,4,Yes,Medium,No,12,Medium
C000134,P1161,Solid Waste Management,Garbage Vehicle Not Arrived,Kadugodi,2025-10-07,In Progress,40,2,No,Low,Yes,4,Medium
C000135,P1897,Drainage,Damaged Drain,Bommanahalli,2025-10-07,Resolved,25,4,No,Medium,No,16,Low
C000136,P0194,Solid Waste Management,Garbage Not Collected,Hosahalli,2025-10-07,Resolved,100,2,Yes,Low,No,4,Low
C000137,P1892,Road Infrastructure,Road Cutting Not Restored,Hosahalli,2025-10-07,Resolved,120,8,No,Low,Yes,12,Low
C000138,P1314,Electrical,Street Light Not Working,Varthur,2025-10-07,Closed,54,7,No,Medium,No,1,Medium
C000139,P2675,Electrical,Street Light Not Working,Varthur,2025-10-07,Closed,54,7,No,Medium,No,2,Medium
C000140,P2150,Water Supply,Water Leakage,Sarakki,2025-10-07,Resolved,270,20,Yes,None,No,1,Medium
C000141,P1365,Electrical,Street Light Not Working,Sadashivanagar,2025-10-07,Resolved,190,1,No,Low,No,2,Low
C000142,P1426,Solid Waste Management,Garbage Not Collected,Sadashivanagar,2025-10-07,Closed,20,2,No,None,Yes,2,Low
C000143,P1904,Solid Waste Management,Garbage Not Collected,Sadashivanagar,2025-10-07,Closed,20,2,Yes,None,Yes,3,Low
C000144,P0393,Solid Waste Management,Garbage Vehicle Not Arrived,Kadugodi,2025-10-07,Resolved,40,1,No,None,Yes,4,Medium
C000145,P0241,Public Sanitation,Garbage Burning,Whitefield,2025-10-07,Closed,95,11,No,Low,No,3,Low
C000146,P1950,Water Supply,Pipeline Leakage,Kodigehalli,2025-10-07,Resolved,400,23,Yes,Low,No,8,High
C000147,P1186,Public Sanitation,Unclean Public Area,Rajarajeshwari Nagar,2025-10-08,Resolved,25,4,No,Medium,Yes,6,Medium
C000148,P2666,Solid Waste Management,Garbage Dump,BTM Layout,2025-10-08,Closed,,12,No,Low,No,8,Medium
C000149,P2352,Solid Waste Management,Sweeping Not Done,Hoodi,2025-10-08,Closed,320,19,No,,No,6,Medium
C000150,P0159,Road Maintenance,Footpath Damage,Varthur,2025-10-08,Closed,30,0,No,Medium,No,4,Medium
C000151,P1411,Solid Waste Management,Sweeping Not Done,Hoodi,2025-10-08,Closed,320,26,No,High,No,4,Medium
C000152,P2101,Water Supply,No Water Supply,Dasarahalli,2025-10-08,Resolved,80,4,Yes,Low,No,12,Medium
C000153,P0381,Road Maintenance,Footpath Damage,Varthur,2025-10-08,Closed,30,0,No,Medium,No,4,Medium
C000154,P1789,Electrical,Damaged Street Light,Kammanahalli,2025-10-08,In Progress,20,1,No,Medium,No,2,Medium
C000155,P1012,Solid Waste Management,Garbage Dump,Whitefield,2025-10-08,Closed,,33,No,Low,No,2,Low
C000156,P0172,Revenue Department,Property Tax Query,Rajajinagar,2025-10-08,Closed,15,5,No,None,No,1,Low
C000157,P1145,Solid Waste Management,Garbage Vehicle Not Arrived,Kadugodi,2025-10-08,Resolved,40,1,No,Low,Yes,4,Medium
C000158,P1249,Solid Waste Management,Garbage Not Collected,Sadashivanagar,2025-10-08,Closed,20,3,Yes,None,Yes,1,Low
C000159,P0220,Water Supply,No Water Supply,Koramangala,2025-10-08,Closed,3900,1112,Yes,High,No,2,Critical
C000160,P0962,Road Maintenance,Pothole,Peenya,2025-10-08,Closed,340,48,No,Medium,Yes,6,Medium
C000161,P0651,Solid Waste Management,Garbage Dump,Whitefield,2025-10-08,Closed,130,18,No,None,,2,Low
C000162,P2442,Electrical,Multiple Street Lights Not Working,Bommanahalli,2025-10-08,Closed,130,,No,Medium,No,4,High
C000163,P2423,Public Sanitation,Unclean Public Area,Marathahalli,2025-10-08,Closed,158,4,No,Low,No,12,Low
C000164,P2852,Solid Waste Management,Garbage Not Collected,Anjanapura,2025-10-08,Resolved,96,11,No,High,Yes,4,High
C000165,P2595,Electrical,Damaged Street Light,Hebbal,2025-10-08,Resolved,9,2,No,Medium,No,1,Medium
C000166,P0043,Solid Waste Management,Sweeping Not Done,Hoodi,2025-10-08,Resolved,320,20,No,Medium,No,4,Medium
C000167,P2014,Solid Waste Management,Sweeping Not Done,Hoodi,2025-10-08,Closed,320,10,No,Medium,No,4,Medium
C000168,P2350,Solid Waste Management,Garbage Dump,Whitefield,2025-10-08,Closed,100,12,No,None,No,3,Low
C000169,P1432,Health,Stray Dog Menace,Kengeri,2025-10-09,Closed,720,330,No,Medium,No,1,High
C000170,P2867,Solid Waste Management,Garbage Not Collected,Sadashivanagar,2025-10-09,Closed,16,2,Yes,None,Yes,2,Low
C000171,P2876,Solid Waste Management,Garbage Vehicle Not Arrived,Vasanthnagar,2025-10-09,Resolved,100,1,No,Low,No,2,Low
C000172,P0178,Sewerage,Sewer Line Blockage,Sarakki,2025-10-09,Closed,370,38,Yes,Medium,No,2,Medium
C000173,P0480,Solid Waste Management,Garbage Vehicle Not Arrived,Vasanthnagar,2025-10-09,In Progress,120,2,No,Low,No,2,Low
C000174,P0651,Solid Waste Management,Garbage Dump,Whitefield,2025-10-09,Resolved,130,30,No,None,No,2,Low
C000175,P2588,Drainage,Damaged Drain,Bommanahalli,2025-10-09,Closed,50,9,No,Medium,No,12,Medium
C000176,P0493,Solid Waste Management,Garbage Not Collected,Anjanapura,2025-10-09,In Progress,60,7,No,High,No,4,High
C000177,P0651,Solid Waste Management,Garbage Vehicle Not Arrived,Whitefield,2025-10-09,Resolved,90,20,No,Low,No,2,Low
C000178,P0981,Sewerage,Sewer Line Blockage,Sarakki,2025-10-09,Resolved,370,35,Yes,Medium,No,2,Medium
C000179,P0956,Solid Waste Management,Garbage Dump,BTM Layout,2025-10-09,Resolved,98,16,No,Low,No,6,Medium
C000180,P0937,Solid Waste Management,Garbage Vehicle Not Arrived,Vasanthnagar,2025-10-10,Closed,70,0,No,Low,No,1,Low
C000181,P2125,Solid Waste Management,Garbage Dump,Hosahalli,2025-10-10,Closed,35,3,No,None,Yes,12,Low
C000182,P1976,Solid Waste Management,Garbage Not Collected,Shantinagar,2025-10-10,Resolved,35,4,No,Low,No,2,Low
C000183,P1887,Solid Waste Management,Garbage Vehicle Not Arrived,Electronic City,2025-10-10,Closed,140,44,No,None,No,6,Low
C000184,P1993,Solid Waste Management,Garbage Dump,Whitefield,2025-10-10,Closed,130,28,No,None,No,2,Low
C000185,P1700,Street Infrastructure,Damaged Footpath Railing,KR Puram,2025-10-10,Closed,240,95,No,High,No,16,High
C000186,P2187,Sewerage,Sewer Line Blockage,Mathikere,2025-10-10,In Progress,45,7,Yes,Medium,No,6,High
C000187,P1506,Solid Waste Management,Garbage Vehicle Not Arrived,Electronic City,2025-10-10,Resolved,130,39,No,None,No,4,Low
C000188,P2487,Solid Waste Management,Garbage Dump,BTM Layout,2025-10-10,Closed,98,,No,None,No,12,Medium
C000189,P1788,Health,Stray Dog Menace,Kengeri,2025-10-10,Resolved,780,252,No,Medium,No,2,High
C000190,P2983,Solid Waste Management,Garbage Vehicle Not Arrived,Vasanthnagar,2025-10-10,Resolved,100,1,No,Low,No,1,Low
C000191,P1839,Water Supply,No Water Supply,Kadugodi,2025-10-10,Resolved,160,55,Yes,Critical,Yes,12,Critical
C000192,P1479,Sewerage,Sewer Line Blockage,Sarakki,2025-10-10,Closed,361,22,Yes,Medium,No,2,Medium
C000193,P1556,Road Maintenance,Footpath Damage,Jalahalli,2025-10-11,Closed,33,4,No,Medium,No,4,Medium
C000194,P2424,Road Maintenance,Pothole,Mathikere,2025-10-11,Resolved,65,7,No,Low,No,24,Low
C000195,P2555,Electrical,Street Light Not Working,Sadashivanagar,2025-10-11,Resolved,55,1,No,High,Yes,0.5,High
C000196,P0183,Solid Waste Management,Garbage Dump,Hosahalli,2025-10-11,Resolved,60,6,No,None,No,12,Low
C000197,P2559,Road Maintenance,Pothole,Mathikere,2025-10-11,Closed,75,10,No,Low,No,24,Low
C000198,P1316,Health,Stray Dog Menace,Chamrajpet,2025-10-11,Resolved,70,44,No,Medium,No,2,Critical
C000199,P0158,Solid Waste Management,Garbage Dump,Kengeri,2025-10-11,Resolved,350,44,No,High,No,4,Medium
C000200,P0613,Solid Waste Management,Garbage Dump,Hosahalli,2025-10-11,Closed,25,3,Yes,Medium,No,2,Low
C000201,P0363,Electrical,Street Light Not Working,Ulsoor,2025-10-11,Closed,20,1,No,Low,No,2,Low
C000202,P0023,Drainage,Drain Overflow,Byatarayanapura,2025-10-11,In Progress,2871,68,Yes,Critical,No,3,Critical
C000203,P0118,Road Maintenance,Footpath Damage,Jalahalli,2025-10-11,Closed,33,4,No,Medium,No,4,Medium
C000204,P0118,Road Maintenance,Footpath Damage,Jalahalli,2025-10-11,Closed,33,4,No,Medium,No,4,Medium
C000205,P0026,Solid Waste Management,Garbage Dump,Hosahalli,2025-10-11,Resolved,70,,No,None,No,12,Low
C000206,P2875,Solid Waste Management,Garbage Dump,Kengeri,2025-10-11,Resolved,350,59,No,High,,6,High
C000207,P2738,Road Maintenance,Pothole,Mathikere,2025-10-11,Resolved,65,9,No,Low,Yes,24,Low
C000208,P0123,Water Supply,No Water Supply,Kadugodi,2025-10-11,Resolved,160,48,Yes,Critical,Yes,12,Critical
C000209,P0078,Public Sanitation,Unclean Public Area,Hosahalli,2025-10-11,In Progress,580,9,No,None,No,4,Low
C000210,P0322,Sewerage,Sewer Line Blockage,Sarakki,2025-10-11,Closed,510,59,Yes,,No,2,Medium
C000211,P0304,Solid Waste Management,Garbage Dump,Hosahalli,2025-10-11,Closed,15,2,Yes,Medium,No,2,Low
C000212,P0427,Road Maintenance,Pothole,Mathikere,2025-10-11,Resolved,70,8,No,Low,No,24,Low
C000213,P0641,Solid Waste Management,Garbage Dumping in Vacant Site,Yeshwanthpur,2025-10-11,Closed,65,7,No,Medium,No,4,Medium
C000214,P0349,Solid Waste Management,Garbage Dumping in Vacant Site,Electronic City,2025-10-12,Resolved,15,0,No,Medium,No,8,Low
C000215,P0380,Solid Waste Management,Garbage Not Collected,Shantinagar,2025-10-12,Resolved,30,2,No,Low,Yes,,Low
C000216,P2516,Solid Waste Management,Garbage Dump,Kengeri,2025-10-12,Closed,350,36,No,Critical,No,4,Medium
C000217,P0177,Others,Illegal Construction,Rajajinagar,2025-10-12,Closed,27,4,No,Medium,Yes,16,Low
C000218,P1684,Solid Waste Management,Garbage Dumping in Vacant Site,Electronic City,2025-10-12,Closed,15,0,No,Medium,No,8,Low
C000219,P0057,Public Sanitation,Unclean Public Area,Hosahalli,2025-10-12,Closed,580,10,No,Low,No,6,Low
C000220,P1358,Solid Waste Management,Garbage Dump,Hosahalli,2025-10-12,Resolved,90,11,No,None,Yes,4,High
C000221,P1452,Drainage,Drain Overflow,Byatarayanapura,2025-10-12,Assigned,2114,64,Yes,Critical,No,4,Critical
C000222,P1807,Drainage,Drain Overflow,Byatarayanapura,2025-10-12,Assigned,2200,59,Yes,,No,6,Critical
C000223,P1280,Solid Waste Management,Garbage Dumping in Vacant Site,Anjanapura,2025-10-12,Closed,55,5,No,Medium,Yes,8,Medium
C000224,P2943,Electrical,Street Light Not Working,Dasarahalli,2025-10-13,Closed,130,17,No,None,No,3,Medium
C000225,P0322,Public Sanitation,Unclean Public Area,Sarakki,2025-10-13,Closed,240,0,Yes,Medium,No,2,Medium
C000226,P2217,Road Maintenance,Pothole,Hosahalli,2025-10-13,Closed,298,0,No,Low,No,8,Low
C000227,P2917,Solid Waste Management,Garbage Dumping in Vacant Site,Yeshwanthpur,2025-10-13,Closed,65,8,,Medium,No,4,Medium
C000228,P1108,Electrical,Street Light Not Working,Sadashivanagar,2025-10-13,Resolved,113,1,No,Medium,Yes,1,High
C000229,P1688,Water Supply,Water Leakage,Anjanapura,2025-10-13,Closed,25,3,No,Low,No,2,Low
C000230,P1196,Electrical,Street Light Not Working,Dasarahalli,2025-10-13,Closed,150,28,No,None,No,4,Medium
C000231,P0246,Solid Waste Management,Garbage Dumping in Vacant Site,Anjanapura,2025-10-13,Closed,60,7,No,Medium,Yes,12,Medium
C000232,P0507,Road Maintenance,Pothole,Hosahalli,2025-10-13,Resolved,590,2,Yes,Low,No,8,Low
C000233,P2992,Road Infrastructure,Missing Manhole Cover,Mathikere,2025-10-13,Resolved,29,2,No,High,No,1,Medium
C000234,P2706,Electrical,Multiple Street Lights Not Working,Hoodi,2025-10-13,Closed,1900,168,No,None,Yes,12,Low
C000235,P1198,Electrical,Multiple Street Lights Not Working,Bellandur,2025-10-13,Closed,220,14,No,High,No,4,High
C000236,P0315,Electrical,Multiple Street Lights Not Working,Bellandur,2025-10-13,Closed,267,13,No,High,No,3,High
C000237,P1822,Solid Waste Management,Garbage Dump,Chickpet,2025-10-13,Closed,47,9,No,Low,No,6,Medium
C000238,P1445,Electrical,multiple street lights not working,Hoodi,2025-10-13,Closed,1900,212,No,None,Yes,12,Low
C000239,P2992,Public Sanitation,Public Toilet Not Maintained,Mathikere,2025-10-13,Resolved,100,1,No,None,No,4,Low
C000240,P1746,Public Sanitation,Garbage Burning,Kengeri,2025-10-14,Closed,500,71,No,Low,No,4,High
C000241,P2326,Solid Waste Management,Garbage Not Collected,Mathikere,2025-10-14,Closed,220,10,No,Medium,No,4,Medium
C000242,P2878,Drainage,Drain Overflow,Kadugodi,2025-10-14,Closed,1800,571,Yes,Low,Yes,6,Medium
C000243,P2828,Road Maintenance,Pothole,Hosahalli,2025-10-14,Closed,260,1,No,Low,No,8,Low
C000244,P1122,Solid Waste Management,Garbage Dumping in Vacant Site,Anjanapura,2025-10-14,Resolved,50,6,No,High,Yes,8,Medium
C000245,P2547,Electrical,Damaged Street Light,Marathahalli,2025-10-14,Resolved,25,1,No,Low,No,8,Medium
C000246,P0123,Electrical,Damaged Street Light,Kadugodi,2025-10-14,Resolved,90,3,No,Critical,No,6,Medium
C000247,P2794,Drainage,Drain Overflow,Indiranagar,2025-10-14,Closed,240,14,Yes,Low,Yes,4,High
C000248,P0828,Electrical,Multiple Street Lights Not Working,Bellandur,2025-10-14,Resolved,320,28,No,High,Yes,4,High
C000249,P0414,Sewerage,Sewage Overflow,Kammanahalli,2025-10-14,Closed,,15,Yes,High,No,6,Critical
C000250,P0393,Electrical,Damaged Street Light,Kadugodi,2025-10-14,Resolved,90,3,No,Critical,No,8,Medium
C000251,P0639,Drainage,Drain Overflow,Shantinagar,2025-10-14,Closed,2000,623,Yes,High,No,12,Critical
C000252,P0789,Sewerage,Sewer Line Blockage,Rajajinagar,2025-10-14,Closed,270,40,No,High,No,8,High
C000253,P1626,Solid Waste Management,Garbage Dumping in Vacant Site,Anjanapura,2025-10-14,Closed,50,8,No,Medium,Yes,8,Medium
C000254,P0562,Health,Public Health Sanitation Issue,Bellandur,2025-10-14,Resolved,79,10,,Low,Yes,2,Low
C000255,P2217,Road Maintenance,Pothole,Hosahalli,2025-10-15,Closed,298,0,No,Low,No,8,Low
C000256,P1360,Water Supply,Water Leakage,Anjanapura,2025-10-15,Closed,40,3,No,Low,No,2,Low
C000257,P2631,Drainage,Drain Overflow,Indiranagar,2025-10-15,Resolved,240,13,Yes,None,Yes,4,High
C000258,P1804,Sewerage,Sewage Overflow,Kammanahalli,2025-10-15,Resolved,50,13,Yes,High,No,12,Critical
C000259,P1804,Sewerage,Sewage Overflow,Kammanahalli,2025-10-15,Resolved,50,13,Yes,High,No,12,Critical
C000260,P1621,Water Supply,No Water Supply,Kammanahalli,2025-10-15,Closed,440,15,Yes,Medium,No,12,High
C000261,P2205,Electrical,Multiple Street Lights Not Working,Bellandur,2025-10-15,Resolved,230,16,No,High,No,3,Critical
C000262,P0944,Drainage,Drain Overflow,Kadugodi,2025-10-15,Closed,1800,439,Yes,Low,No,4,Medium
C000263,P0858,Solid Waste Management,Garbage Not Collected,HSR Layout,2025-10-15,Resolved,60,11,No,Medium,No,1,Low
C000264,P2485,Solid Waste Management,Garbage Not Collected ,HSR Layout,2025-10-15,Closed,67,14,No,Medium,No,0.5,Low
C000265,P0336,Street Infrastructure,Bus Shelter Damaged,Kammanahalli,2025-10-15,Closed,69,2,No,None,No,16,Low
C000266,P0205,Drainage,Drain Overflow,Indiranagar,2025-10-15,Resolved,240,15,Yes,Low,Yes,,High
C000267,P2218,Road Maintenance,Pothole,Hosahalli,2025-10-15,Closed,410,1,No,Low,No,8,Low
C000268,P2822,Solid Waste Management,Garbage Not Collected,Bommanahalli,2025-10-15,Closed,65,,No,None,No,2,Medium
C000269,P0559,Drainage,Drain Overflow,Indiranagar,2025-10-15,Closed,450,36,Yes,None,Yes,3,High
C000270,P2789,Revenue Department,Trade Licence Issue,Malleshwaram,2025-10-15,Closed,5,0,No,None,No,2,Low
C000271,P2619,Water Supply,No Water Supply,Kammanahalli,2025-10-15,Resolved,230,5,Yes,Low,No,12,Medium
C000272,P0194,Road Maintenance,Pothole,Hosahalli,2025-10-15,Resolved,480,1,No,Medium,No,8,Low
C000273,P0768,Solid Waste Management,Garbage Vehicle Not Arrived,Sadashivanagar,2025-10-16,Closed,520,200,Yes,Low,No,2,High
C000274,P1729,Public Sanitation,Public Toilet Not Maintained,Peenya,2025-10-16,Closed,280,64,No,High,No,12,High
C000275,P1729,Public Sanitation,Public Toilet Not Maintained,Peenya,2025-10-16,Registered,280,64,No,,No,12,High
C000276,P2550,Road Infrastructure,Speed Breaker Required,HSR Layout,2025-10-16,Closed,310,61,No,Medium,No,24,High
C000277,P1070,Road Maintenance,Pothole,Dasarahalli,2025-10-16,Closed,236,13,No,Critical,No,2,High
C000278,P1280,Road Maintenance,Pothole,Dasarahalli,2025-10-16,Closed,236,11,No,Critical,No,2,High
C000279,P0483,Electrical,Street Light Not Working,Rajajinagar,2025-10-16,Closed,25,0,No,High,No,1,Medium
C000280,P2328,Electrical,Street Light Not Working,Hosahalli,2025-10-16,Resolved,16,1,No,Medium,Yes,2,Low
C000281,P2951,Drainage,Damaged Drain,Hosahalli,2025-10-16,Closed,8,1,No,High,Yes,12,Low
C000282,P0243,Water Supply,No Water Supply,Mathikere,2025-10-16,Resolved,7000,397,Yes,None,No,,Medium
C000283,P0243,Water Supply,No Water Supply,Mathikere,2025-10-16,Resolved,7000,397,Yes,None,No,12,Medium
C000284,P1063,Solid Waste Management,Garbage Dumping in Vacant Site,Kengeri,2025-10-16,Closed,156,88,No,None,No,2,Medium
C000285,P0132,Solid Waste Management,Garbage Vehicle Not Arrived,Rajajinagar,2025-10-16,Closed,104,7,Yes,Medium,No,1,Medium
C000286,P2363,Drainage,Damaged Drain,Hosahalli,2025-10-16,Resolved,8,1,No,High,Yes,12,Medium
C000287,P2661,Electrical,Street Light Not Working,Bellandur,2025-10-16,Closed,25,3,No,Medium,Yes,2,Medium
C000288,P2249,Revenue Department,Property Tax Query,Varthur,2025-10-16,Closed,5,1,No,None,No,2,Low
C000289,P1063,Public Sanitation,Garbage Burning,Kengeri,2025-10-16,Resolved,370,31,No,Medium,No,4,High
C000290,P0785,Solid Waste Management,Garbage Vehicle Not Arrived,Rajajinagar,2025-10-16,Closed,110,7,Yes,Low,No,2,Medium
C000291,P0894,Solid Waste Management,Garbage Vehicle Not Arrived,Rajajinagar,2025-10-16,Closed,150,13,Yes,Low,No,1,Medium
C000292,P1621,Water Supply,No Water Supply,Kammanahalli,2025-10-16,Closed,440,15,Yes,Medium,No,12,High
C000293,P0144,Public Sanitation,Open Drain,JP Nagar,2025-10-16,Closed,700,79,No,High,No,12,Critical
C000294,P2680,Solid Waste Management,Garbage Not Collected,Mathikere,2025-10-16,Resolved,190,4,No,Medium,No,4,Medium
C000295,P0607,Electrical,Damaged Street Light,Shivajinagar,2025-10-16,Closed,70,3,No,Medium,No,2,High
C000296,P2572,Solid Waste Management,Garbage Not Collected,Bommanahalli,2025-10-16,Resolved,80,,No,None,No,2,Medium
C000297,P2963,Water Supply,No Water Supply,Mathikere,2025-10-16,Closed,9215,529,Yes,None,No,12,Medium
C000298,P1667,Electrical,Damaged Street Light,Shivajinagar,2025-10-16,Closed,65,5,No,Critical,No,1,High
C000299,P2205,Electrical,Street Light Not Working,Bellandur,2025-10-17,Closed,20,,No,Medium,Yes,0.5,Low
C000300,P0987,Electrical,Damaged Street Light,Jayanagar,2025-10-17,Closed,35,1,,Medium,No,6,High
C000301,P2308,Sewerage,Sewage Overflow,Yelahanka,2025-10-17,Closed,365,82,Yes,Low,No,12,High
C000302,P2691,Others,Miscellaneous Complaint,Hosahalli,2025-10-17,Resolved,4,0,No,None,No,4,Low
C000303,P2337,Road Infrastructure,Speed Breaker Required,HSR Layout,2025-10-17,Closed,320,42,No,Low,No,24,High
C000304,P2391,Health,Increase in Mosquito Density,Hennur,2025-10-17,Closed,90,47,Yes,Medium,Yes,4,Critical
C000305,P2215,Water Supply,No Water Supply,Jayanagar,2025-10-17,Closed,2000,200,Yes,Low,Yes,8,Critical
C000306,P0404,Health,Increase in Mosquito Density,Hennur,2025-10-17,Closed,90,23,Yes,Medium,Yes,4,Critical
C000307,P0211,Electrical,Street Light Not Working,Bellandur,2025-10-17,Resolved,25,5,No,Medium,Yes,1,Low
C000308,P2079,Water Supply,No Water Supply,Mathikere,2025-10-17,Closed,9029,,Yes,None,Yes,12,Medium
C000309,P0099,Health,Increase in Mosquito Density,Hennur,2025-10-17,Resolved,140,54,Yes,Low,Yes,4,Critical
C000310,P1630,Street Infrastructure,Bus Shelter Damaged,Kodigehalli,2025-10-17,Closed,31,1,No,High,No,16,High
C000311,P2818,Solid Waste Management,Garbage Vehicle Not Arrived,Rajajinagar,2025-10-17,Resolved,150,11,Yes,Low,No,1,Medium
C000312,P2162,Water Supply,No Water Supply,Jayanagar,2025-10-17,Closed,2600,444,Yes,Medium,Yes,8,High
C000313,P1619,Electrical,Street Light Not Working,Rajajinagar,2025-10-17,Closed,25,0,No,Critical,No,1,Medium
C000314,P2830,Electrical,Street Light Not Working,Nagarbhavi,2025-10-18,Resolved,35,1,No,Critical,No,1,High
C000315,P1572,Health,Increase in Mosquito Density,Hennur,2025-10-18,In Progress,90,32,Yes,Medium,Yes,4,Critical
C000316,P0641,Drainage,Open Drain,Yeshwanthpur,2025-10-18,Resolved,90,15,No,High,Yes,12,Medium
C000317,P1618,Solid Waste Management,Garbage Not Collected,Shantinagar,2025-10-18,Closed,,17,Yes,None,Yes,6,Medium
C000318,P1685,Drainage,Drain Overflow,Chickpet,2025-10-18,Resolved,672,118,Yes,Critical,No,2,High
C000319,P2701,Electrical,Street Light Not Working,Nagarbhavi,2025-10-18,Resolved,40,1,No,Critical,No,1,High
C000320,P0398,Sewerage,Sewage Overflow,Vasanthnagar,2025-10-18,Resolved,20,2,No,Medium,No,2,Medium
C000321,P2593,Solid Waste Management,Garbage Not Collected,Shantinagar,2025-10-18,Resolved,300,29,Yes,None,Yes,8,Medium
C000322,P1860,Water Supply,No Water Supply,Jayanagar,2025-10-18,Closed,2000,249,Yes,Medium,Yes,6,Critical
C000323,P1405,Electrical,Street Light Not Working,Nagarbhavi,2025-10-18,Resolved,35,1,No,Critical,No,1,High
C000324,P1054,Solid Waste Management,Sweeping Not Done,Padmanabhanagar,2025-10-18,Closed,220,34,No,Low,No,4,Low
C000325,P1819,Electrical,Multiple Street Lights Not Working,Vijayanagar,2025-10-18,Resolved,110,18,No,Medium,No,8,Low
C000326,P2268,Street Infrastructure,Fallen Tree Branch,Bellandur,2025-10-18,Resolved,138,11,No,High,Yes,4,High
C000327,P2718,Solid Waste Management,Sweeping Not Done,Marathahalli,2025-10-18,Resolved,95,3,No,None,Yes,6,Low
C000328,P2909,Solid Waste Management,Sweeping Not Done,Marathahalli,2025-10-18,Closed,95,3,Yes,None,Yes,3,Low
C000329,P2205,Solid Waste Management,Garbage Not Collected,Shantinagar,2025-10-18,Closed,240,35,Yes,None,Yes,8,Medium
C000330,P1199,Sewerage,Sewage Overflow,Shantinagar,2025-10-19,Closed,70,13,No,None,No,2,Low
C000331,P0292,Electrical,Multiple Street Lights Not Working,Hennur,2025-10-19,Resolved,250,14,No,High,No,12,High
C000332,P0498,Water Supply,Pipeline Leakage,Electronic City,2025-10-19,Closed,117,50,No,None,No,6,Medium
C000333,P0498,Water Supply,Pipeline Leakage,Electronic City,2025-10-19,Closed,117,50,No,Low,No,6,Medium
C000334,P0369,Water Supply,No Water Supply,Shantinagar,2025-10-19,Resolved,280,25,Yes,Medium,Yes,12,Medium
C000335,P2816,Road Maintenance,Footpath Damage,Kadugodi,2025-10-19,Resolved,6,1,No,Medium,No,6,Low
C000336,P2391,Health,Increase in Mosquito Density,Hennur,2025-10-19,Closed,90,47,Yes,Medium,Yes,4,Critical
C000337,P0329,Electrical,Street Light Not Working,Nagarbhavi,2025-10-19,Resolved,35,1,No,Critical,No,1,High
C000338,P1347,Public Sanitation,Garbage Burning,HSR Layout,2025-10-19,Closed,70,6,No,Medium,Yes,1,Low
C000339,P2224,Public Sanitation,Unclean Public Area,Hennur,2025-10-19,Resolved,69,10,No,None,No,8,Low
C000340,P1199,Water Supply,No Water Supply,Shantinagar,2025-10-19,Closed,280,29,Yes,Medium,No,12,Medium
C000341,P0461,Drainage,Drain Overflow,Chickpet,2025-10-19,Closed,470,70,Yes,Critical,No,2,High
C000342,P1919,Street Infrastructure,Damaged Footpath Railing,Mathikere,2025-10-19,Resolved,30,3,No,Critical,No,16,Critical
C000343,P1976,Water Supply,No Water Supply,Shantinagar,2025-10-19,Resolved,280,27,Yes,Medium,No,8,Medium
C000344,P0655,Water Supply,Pipeline Leakage,Electronic City,2025-10-19,Closed,150,25,Yes,,Yes,4,Medium
C000345,P0439,Water Supply,Pipeline Leakage,Electronic City,2025-10-19,Resolved,150,62,Yes,None,No,4,Medium
C000346,P0706,Sewerage,Sewage Overflow,Shantinagar,2025-10-19,Closed,55,14,No,None,No,2,Low
C000347,P0349,Water Supply,Pipeline Leakage,Electronic City,2025-10-19,Closed,150,52,Yes,None,No,4,Medium
C000348,P0781,Electrical,Street Light Not Working,Shivajinagar,2025-10-19,Resolved,35,4,No,Low,Yes,2,Low
C000349,P1578,Health,Increase in Mosquito Density,Chickpet,2025-10-19,Closed,140,13,Yes,Low,No,8,Critical
C000350,P1280,Drainage,Drain Blockage,Anjanapura,2025-10-19,Closed,65,1,Yes,Medium,No,4,Low
C000351,P1202,Sewerage,Sewage Overflow,Vasanthnagar,2025-10-19,Closed,20,1,No,Medium,No,3,Medium
C000352,P1283,Electrical,Street Light Not Working,Nagarbhavi,2025-10-19,Closed,35,1,No,High,No,1,High
C000353,P0220,Water Supply,Low Water Pressure,Jayanagar,2025-10-19,Resolved,160,37,No,Low,No,4,Low
C000354,P1718,Electrical,Multiple Street Lights Not Working,Hennur,2025-10-19,Closed,240,13,Yes,Medium,No,8,High
C000355,P1572,Public Sanitation,Unclean Public Area,Hennur,2025-10-19,Closed,35,5,No,None,No,8,Low
C000356,P1177,Electrical,Multiple Street Lights Not Working,Vijayanagar,2025-10-19,In Progress,110,13,No,Low,No,6,Low
C000357,P1969,Road Maintenance,Road Surface Damage,Mathikere,2025-10-19,Closed,80,1,Yes,Medium,No,4,Low
C000358,P1969,Road Maintenance,Road Surface Damage,Mathikere,2025-10-19,Closed,100,1,Yes,Medium,No,4,Low
C000359,P1163,Public Sanitation,Unclean Public Area,Koramangala,2025-10-19,Closed,95,22,No,High,No,4,High
C000360,P1201,Electrical,Street Light Not Working,BTM LAYOUT,2025-10-19,Resolved,150,1,No,Medium,No,1,Low
C000361,P2675,Water Supply,Water Leakage,Peenya,2025-10-19,Closed,56,14,No,None,No,4,Low
C000362,P0899,Drainage,Drain Blockage,Rajajinagar,2025-10-19,In Progress,15,1,Yes,Medium,Yes,12,Low
C000363,P0460,Water Supply,No Water Supply,Shantinagar,2025-10-20,Closed,260,25,Yes,Medium,No,12,Medium
C000364,P0162,Water Supply,Pipeline Leakage,Electronic City,2025-10-20,Resolved,230,96,Yes,None,No,4,Medium
C000365,P0338,Public Sanitation,Unclean Public Area,Hennur,2025-10-20,Closed,45,7,No,Low,No,8,Low
C000366,P2504,Water Supply,No Water Supply,Shantinagar,2025-10-20,Closed,280,34,Yes,Medium,No,12,Medium
C000367,P2797,Solid Waste Management,Garbage Not Collected,Mathikere,2025-10-20,Closed,50,6,Yes,High,Yes,1,Medium
C000368,P2998,Solid Waste Management,Garbage Not Collected,Shantinagar,2025-10-20,Resolved,130,12,Yes,None,Yes,12,Medium
C000369,P1420,Road Infrastructure,Missing Manhole Cover,Dasarahalli,2025-10-20,Closed,20,2,Yes,Critical,No,2,High
C000370,P0142,Others,Stray Cattle on Road,Yelahanka,2025-10-20,Closed,25,4,No,None,No,6,Low
C000371,P0553,Street Infrastructure,Damaged Signboard,Whitefield,2025-10-20,Resolved,25,0,No,None,No,2,Low
C000372,P0142,Electrical,Street Light Not Working,Yelahanka,2025-10-20,Closed,20,7,Yes,Low,No,0.5,Low
C000373,P2313,Water Supply,Pipeline Leakage,Electronic City,2025-10-20,Closed,150,39,Yes,None,,4,Medium
C000374,P0786,Electrical,Street Light Not Working,Vijayanagar,2025-10-20,Resolved,203,53,No,Low,No,1,Low
C000375,P0680,Road Maintenance,Road Maintenance Required,Shantinagar,2025-10-20,Closed,38,1,No,Medium,No,2,Low
C000376,P2948,Drainage,Drain Blockage,Rajajinagar,2025-10-20,In Progress,15,2,Yes,Low,Yes,12,Medium
C000377,P0412,Others,Stray Cattle on Road,Yelahanka,2025-10-20,Closed,30,4,No,None,No,4,Low
C000378,P2513,Drainage,Drain Blockage,Rajajinagar,2025-10-20,In Progress,15,2,Yes,Low,No,12,Medium
C000379,P1581,Solid Waste Management,Sweeping Not Done,Chickpet,2025-10-20,Resolved,15,1,No,Medium,No,4,Medium
C000380,P0938,Water Supply,Pipeline Leakage,Electronic City,2025-10-20,Closed,150,53,Yes,None,No,4,Medium
C000381,P1972,Drainage,Drain Blockage,Kengeri,2025-10-20,In Progress,164,11,Yes,Low,No,2,Low
C000382,P0035,Others,Miscellaneous Complaint,Vasanthnagar,2025-10-21,Closed,15,0,Yes,None,Yes,1,Low
C000383,P1520,Health,Increase in Mosquito Density,Chickpet,2025-10-21,Resolved,140,10,Yes,Medium,No,8,High
C000384,P2995,Electrical,Multiple Street Lights Not Working,Hennur,2025-10-21,Resolved,170,8,No,Medium,No,8,High
C000385,P1263,Public Sanitation,Garbage Burning,Bellandur,2025-10-21,Closed,120,60,No,Medium,No,1,High
C000386,P1220,Road Maintenance,Pothole,Hoodi,2025-10-21,Resolved,40,1,No,Medium,No,4,Medium
C000387,P0462,Electrical,Street Light Not Working,Yelahanka,2025-10-21,Closed,20,7,Yes,None,No,0.5,Low
C000388,P0057,Health,Public Health Sanitation Issue,Ulsoor,2025-10-21,Resolved,150,27,Yes,Medium,Yes,2,High
C000389,P1323,Electrical,Street Light Not Working,Varthur,2025-10-21,Closed,35,8,No,Medium,Yes,1,Medium
C000390,P2074,Solid Waste Management,Garbage Vehicle Not Arrived,Jalahalli,2025-10-21,Resolved,30,1,No,Low,No,4,Low
C000391,P0092,Electrical,Street Light Not Working,Vijayanagar,2025-10-21,Closed,220,41,No,Medium,No,1,Low
C000392,P0370,Health,Public Health Sanitation Issue,Ulsoor,2025-10-21,Closed,210,51,No,None,Yes,2,High
C000393,P1589,Revenue Department,Khata Related Issue,Ulsoor,2025-10-21,Closed,1,0,No,None,No,2,Low
C000394,P2272,Public Sanitation,Garbage Burning,Sadashivanagar,2025-10-21,In Progress,109,2,No,High,No,2,Low
C000395,P0457,Road Infrastructure,Missing Manhole Cover,Dasarahalli,2025-10-21,Resolved,20,1,No,Critical,No,1,High
C000396,P2058,Drainage,Drain Blockage,Mathikere,2025-10-21,Closed,95,44,Yes,Medium,No,6,Critical
C000397,P2651,Drainage,Drain Blockage,Mathikere,2025-10-21,Resolved,65,27,Yes,Medium,No,6,High
C000398,P2675,Electrical,Street Light Not Working,Varthur,2025-10-22,Resolved,35,7,No,Medium,Yes,0.5,Medium
C000399,P0437,Solid Waste Management,Garbage Not Collected,Shivajinagar,2025-10-22,Closed,1400,182,No,Low,No,3,Medium
C000400,P1072,Health,Public Health Sanitation Issue,Ulsoor,2025-10-22,Resolved,150,46,Yes,Low,Yes,3,High
C000401,P0708,Solid Waste Management,Garbage Not Collected,Shivajinagar,2025-10-22,Closed,810,153,No,Low,No,2,Medium
C000402,P2070,Solid Waste Management,Garbage Dumping in Vacant Site,Mathikere,2025-10-22,Resolved,141,28,No,None,Yes,3,Low
C000403,P1621,Road Maintenance,Pothole,Kammanahalli,2025-10-22,Closed,6,0,No,Medium,No,24,Medium
C000404,P0135,Solid Waste Management,Garbage Dumping in Vacant Site,Rajajinagar,2025-10-22,Closed,50,7,No,Medium,No,8,Medium
C000405,P1980,Others,Stray Cattle on Road,Yelahanka,2025-10-22,Resolved,25,3,No,None,,4,Low
C000406,P1072,Road Infrastructure,Road Encroachment,Ulsoor,2025-10-22,Closed,10,0,Yes,Low,Yes,4,Low
C000407,P0814,Solid Waste Management,Garbage Dump,JP Nagar,2025-10-22,Closed,10,0,No,Medium,Yes,16,Medium
C000408,P0243,Health,Increase in Mosquito Density,Mathikere,2025-10-22,Closed,2600,436,No,Medium,No,16,Medium
C000409,P2239,Road Maintenance,Pothole,Kammanahalli,2025-10-22,Resolved,5,0,No,Medium,Yes,24,Medium
C000410,P1588,Electrical,Street Light Not Working,Varthur,2025-10-22,Closed,35,10,No,Medium,Yes,1,Medium
C000411,P2550,Water Supply,No Water Supply,HSR Layout,2025-10-22,Closed,710,17,Yes,,No,8,High
C000412,P1659,Electrical,Street Light Not Working,Bellandur,2025-10-22,Closed,70,5,No,None,No,2,Low
C000413,P1806,Road Infrastructure,Speed Breaker Required,Shivajinagar,2025-10-22,Resolved,50,2,No,,No,16,Low
C000414,P0341,Solid Waste Management,Sweeping Not Done,Arekere,2025-10-22,Closed,40,5,No,None,No,1,Low
C000415,P0018,Electrical,Street Light Not Working,Bellandur,2025-10-22,Resolved,70,5,No,None,No,3,Low
C000416,P2442,Street Infrastructure,Bus Shelter Damaged,Bommanahalli,2025-10-23,Resolved,65,1,No,Medium,No,16,Low
C000417,P0439,Sewerage,Sewage Overflow,Electronic City,2025-10-23,Closed,92,3,,Critical,No,3,Medium
C000418,P2313,Solid Waste Management,Garbage Dumping in Vacant Site,Electronic City,2025-10-23,Resolved,40,3,Yes,None,Yes,2,Low
C000419,P0090,Electrical,Street Light Not Working,Bellandur,2025-10-23,Closed,70,9,No,Low,Yes,2,Low
C000420,P2056,Road Maintenance,Pothole ,Hoodi,2025-10-23,Closed,40,1,No,High,No,4,Medium
C000421,P2395,Drainage,Water Leakage,Mathikere,2025-10-23,Closed,110,32,No,Low,No,8,Medium
C000422,P0573,Solid Waste Management,Sweeping Not Done,Hosahalli,2025-10-23,Closed,54,1,No,Low,No,1,Low
C000423,P0664,Water Supply,No Water Supply,HSR Layout,2025-10-23,Resolved,710,38,Yes,Medium,No,6,High
C000424,P0065,Solid Waste Management,Garbage Vehicle Not Arrived,Jalahalli,2025-10-23,Closed,38,,No,Low,No,3,Low
C000425,P1223,Electrical,Street Light Not Working,Varthur,2025-10-23,Resolved,35,6,No,Medium,Yes,0.5,Medium
C000426,P1223,Electrical,Street Light Not Working,Varthur,2025-10-23,Resolved,35,6,No,Medium,Yes,0.5,Medium
C000427,P0439,Solid Waste Management,Garbage Dumping in Vacant Site,Electronic City,2025-10-23,Resolved,40,2,Yes,None,Yes,3,Low
C000428,P2395,Road Maintenance,Road Maintenance Required,Mathikere,2025-10-23,Closed,56,3,No,Medium,No,12,Medium
C000429,P1556,Solid Waste Management,Garbage Not Collected,Jalahalli,2025-10-23,Resolved,150,7,No,Low,No,4,Medium
C000430,P2064,Solid Waste Management,Garbage Vehicle Not Arrived,Bellandur,2025-10-23,Closed,50,5,Yes,Low,Yes,1,Medium
C000431,P1347,Water Supply,No Water Supply,HSR Layout,2025-10-23,Resolved,570,16,Yes,Low,No,6,High
C000432,P1983,Solid Waste Management,Garbage Not Collected,Jalahalli,2025-10-23,Resolved,130,5,No,Low,No,4,Medium
C000433,P1810,Solid Waste Management,Garbage Vehicle Not Arrived,Bellandur,2025-10-23,Resolved,65,8,Yes,Low,No,0.5,Medium
C000434,P1806,Solid Waste Management,Garbage Not Collected,Shivajinagar,2025-10-23,Closed,810,161,No,Low,No,3,Medium
C000435,P1359,Electrical,Street Light Not Working,Varthur,2025-10-23,Closed,40,12,No,Medium,Yes,2,Medium
C000436,P1555,Water Supply,Water Leakage,Mathikere,2025-10-23,Closed,60,12,No,Low,No,16,Low
C000437,P0908,Electrical,Damaged Street Light,Mathikere,2025-10-23,Closed,25,7,No,Critical,No,3,High
C000438,P0603,Solid Waste Management,Garbage Not Collected,Shivajinagar,2025-10-23,Resolved,760,155,No,Low,No,3,Medium
C000439,P0295,Health,Public Health Sanitation Issue,Rajajinagar,2025-10-23,Closed,149,24,No,Low,,8,Low
C000440,P2768,Solid Waste Management,Garbage Vehicle Not Arrived,Sadashivanagar,2025-10-23,Resolved,310,51,No,Low,Yes,4,Medium
C000441,P0115,Health,Public Health Sanitation Issue,Ulsoor,2025-10-23,Resolved,,38,Yes,Low,Yes,3,High
C000442,P1185,Road Maintenance,Pothole,Kammanahalli,2025-10-23,Resolved,4,0,No,Medium,No,16,Medium
C000443,P2752,Electrical,Street Light Not Working,Bellandur,2025-10-23,Closed,80,9,No,Low,No,2,Low
C000444,P0194,Solid Waste Management,Sweeping Not Done,Hosahalli,2025-10-24,Resolved,55,2,No,None,No,1,Low
C000445,P1537,Solid Waste Management,Garbage Not Collected,Hosahalli,2025-10-24,Closed,140,16,Yes,Medium,Yes,1,Medium
C000446,P2675,Public Sanitation,Public Toilet Not Maintained,Varthur,2025-10-24,Closed,620,60,No,Low,No,4,Medium
C000447,P0349,Solid Waste Management,Garbage Dumping in Vacant Site,Electronic City,2025-10-24,Resolved,40,2,Yes,None,Yes,2,Low
C000448,P2865,Electrical,Multiple Street Lights Not Working,Dasarahalli,2025-10-24,Resolved,918,107,No,High,No,12,High
C000449,P2027,Solid Waste Management,Garbage Not Collected,Hosahalli,2025-10-24,In Progress,251,27,Yes,Medium,Yes,1,Medium
C000450,P0629,Public Sanitation,Unclean Public Area,Jayanagar,2025-10-24,Closed,410,33,No,Low,Yes,4,High
C000451,P1588,Public Sanitation,Public Toilet Not Maintained,Varthur,2025-10-24,Closed,256,,No,Low,No,4,Medium
C000452,P1193,Drainage,Drain Overflow,Sarakki,2025-10-24,Resolved,80,3,No,Medium,No,8,Low
C000453,P2593,Drainage,Damaged Drain,Shantinagar,2025-10-24,Closed,35,11,No,Medium,No,8,Medium
C000454,P0883,Road Maintenance,Pothole,KR Puram,2025-10-24,Closed,75,4,No,Low,No,4,Low
C000455,P1729,Road Maintenance,Pothole,Kammanahalli,2025-10-24,Closed,8,0,No,Medium,No,24,Medium
C000456,P0695,Public Sanitation,Public Toilet Not Maintained,Sarakki,2025-10-24,Closed,160,25,No,Medium,Yes,4,Low
C000457,P0695,Public Sanitation,Public Toilet Not Maintained,Sarakki,2025-10-24,Closed,160,25,No,Medium,Yes,4,Low
C000458,P2709,Public Sanitation,Public Toilet Not Maintained,KR Puram,2025-10-24,Closed,35,2,Yes,Critical,Yes,6,Medium
C000459,P2589,Road Infrastructure,Road Signage Missing,Jalahalli,2025-10-24,Closed,280,90,No,Low,No,6,Low
C000460,P0373,Solid Waste Management,Sweeping Not Done,Hosahalli,2025-10-24,In Progress,45,1,No,None,No,1,Low
C000461,P0918,Electrical,Multiple Street Lights Not Working,Dasarahalli,2025-10-24,Closed,1200,150,No,High,,16,High
C000462,P0655,Solid Waste Management,Garbage Dumping in Vacant Site,Electronic City,2025-10-24,Closed,25,1,Yes,None,Yes,2,Low
C000463,P2884,Public Sanitation,Public Toilet Not Maintained,Varthur,2025-10-24,Closed,360,32,No,Low,No,4,Medium
C000464,P1673,Sewerage,Sewage Overflow,Hennur,2025-10-24,Closed,54,,Yes,Critical,Yes,4,High
C000465,P1029,Electrical,Multiple Street Lights Not Working,Anjanapura,2025-10-25,Closed,151,19,No,Medium,No,8,Medium
C000466,P0940,Electrical,Electric Pole Damaged,Chickpet,2025-10-25,Closed,15,1,No,Critical,No,12,High
C000467,P0191,Road Maintenance,Pothole,KR Puram,2025-10-25,Resolved,75,3,No,Low,No,,Low
C000468,P1793,Solid Waste Management,Sweeping Not Done,Mahadevapura,2025-10-25,Closed,60,19,Yes,Medium,No,2,Medium
C000469,P1458,Electrical,Exposed Electrical Wires,Chickpet,2025-10-25,Closed,15,1,No,Medium,No,2,Medium
C000470,P1143,Electrical,Street Light Not Working,Hosahalli,2025-10-25,Closed,10,1,No,,Yes,2,Medium
C000471,P2123,Electrical,Multiple Street Lights Not Working,Dasarahalli,2025-10-25,Resolved,1200,197,No,High,No,12,High
C000472,P2873,Solid Waste Management,Garbage Not Collected,Jalahalli,2025-10-25,Resolved,200,12,No,Low,No,4,Medium
C000473,P0312,Electrical,Multiple Street Lights Not Working,Anjanapura,2025-10-25,Closed,151,,No,Medium,No,6,Medium
C000474,P0422,Street Infrastructure,Bus Shelter Damaged,BTM Layout,2025-10-25,Closed,125,3,No,High,No,12,Medium
C000475,P0808,Sewerage,Drain Overflow,Sarakki,2025-10-25,Closed,35,1,No,Medium,No,12,Low
C000476,P2359,Public Sanitation,Public Toilet Not Maintained,VARTHUR,2025-10-25,Resolved,360,35,No,Low,No,4,Medium
C000477,P0660,Water Supply,No Water Supply,Malleshwaram,2025-10-25,Closed,1668,82,Yes,Medium,No,4,High
C000478,P2420,Solid Waste Management,Garbage Not Collected,Jalahalli,2025-10-25,Closed,150,6,No,Low,No,4,Medium
C000479,P2463,Electrical,Exposed Electrical Wires,Kadugodi,2025-10-25,Closed,15,5,No,High,No,2,High
C000480,P0887,Road Maintenance,Road Maintenance Required,HSR Layout,2025-10-25,Closed,310,7,No,Critical,Yes,2,Critical
C000481,P2512,Solid Waste Management,Sweeping Not Done,Mahadevapura,2025-10-25,Resolved,55,28,No,Medium,No,3,Medium
C000482,P0365,Drainage,Drain Overflow,Sarakki,2025-10-25,Resolved,50,1,No,Medium,No,6,Low
C000483,P0063,Drainage,Open Drain,Whitefield,2025-10-26,Closed,60,8,No,Low,No,48,High
C000484,P2160,Electrical,Exposed Electrical Wires,Chickpet,2025-10-26,Resolved,14,2,No,Medium,No,2,Medium
C000485,P1360,Electrical,Multiple Street Lights Not Working,Anjanapura,2025-10-26,Closed,151,11,No,Medium,No,8,Medium
C000486,P1928,Solid Waste Management,Garbage Dumping in Vacant Site,Mathikere,2025-10-26,Closed,20,2,,Low,No,4,Low
C000487,P2529,Solid Waste Management,Garbage Not Collected,Hosahalli,2025-10-26,Closed,124,14,Yes,Medium,Yes,0.5,Medium
C000488,P0591,Electrical,Street Light Not Working,Vasanthnagar,2025-10-26,Closed,190,50,No,Low,No,6,Low
C000489,P0440,Electrical,Street Light Not Working,Varthur,2025-10-26,Closed,90,23,No,None,Yes,2,Low
C000490,P1454,Solid Waste Management,Garbage Not Collected,Sarakki,2025-10-26,Resolved,,3,No,Medium,No,1,Medium
C000491,P2533,Drainage,Open Drain,BTM Layout,2025-10-26,Resolved,25,17,No,Medium,No,48,Medium
C000492,P1285,Electrical,Street Light Not Working,Hosahalli,2025-10-26,Closed,10,1,No,High,Yes,2,Medium
C000493,P2538,Drainage,Damaged Drain,Shantinagar,2025-10-26,Closed,35,19,No,Medium,No,8,Medium
C000494,P0744,Electrical,Multiple Street Lights Not Working,Rajarajeshwari Nagar,2025-10-27,Resolved,180,20,No,Medium,No,12,High
C000495,P2499,Solid Waste Management,Garbage Not Collected,Hosahalli,2025-10-27,Resolved,200,20,Yes,Low,Yes,2,Medium
C000496,P2483,Electrical,Multiple Street Lights Not Working,Sarakki,2025-10-27,Closed,30,1,No,High,No,4,Critical
C000497,P2637,Solid Waste Management,Garbage Not Collected,Whitefield,2025-10-27,Closed,220,15,Yes,None,No,4,Medium
C000498,P2699,Electrical,Multiple Street Lights Not Working,Sarakki,2025-10-27,Resolved,35,1,Yes,High,No,4,Critical
C000499,P1461,Drainage,Drain Blockage,Koramangala,2025-10-27,Closed,234,10,No,Critical,No,12,High
C000500,P2767,Drainage,Drain Blockage,Koramangala,2025-10-27,Closed,190,14,No,Critical,No,12,High
C000501,P0199,Electrical,Multiple Street Lights Not Working,Mathikere,2025-10-27,Resolved,85,8,No,Critical,No,1,High
C000502,P2654,Drainage,open drain,BTM Layout,2025-10-27,In Progress,20,13,No,Medium,No,36,Medium
C000503,P0069,Road Maintenance,Road Maintenance Required,Mathikere,2025-10-27,Resolved,100,6,No,Medium,Yes,8,Medium
C000504,P0798,Water Supply,Low Water Pressure,Sarakki,2025-10-27,Closed,60,2,No,Low,No,2,Low
C000505,P1410,Electrical,Street Light Not Working,Varthur,2025-10-27,Closed,120,23,No,None,Yes,1,Low
C000506,P1383,Solid Waste Management,Garbage Not Collected,Jalahalli,2025-10-27,In Progress,50,3,No,High,,8,High
C000507,P1010,Drainage,Drain Blockage,Koramangala,2025-10-27,Resolved,190,9,No,Critical,No,12,High
C000508,P2728,Street Infrastructure,Fallen Tree Branch,Mathikere,2025-10-27,Closed,15,1,No,Medium,Yes,2,Low
C000509,P0523,Solid Waste Management,Sweeping Not Done,Dasarahalli,2025-10-27,Resolved,20,1,No,Critical,No,2,Medium
C000510,P2470,Water Supply,Water Leakage,Hosahalli,2025-10-27,Resolved,490,44,Yes,None,No,3,Medium
C000511,P0322,Electrical,Multiple Street Lights Not Working,Sarakki,2025-10-27,Resolved,30,1,No,High,No,6,Critical
C000512,P0817,Electrical,Multiple Street Lights Not Working,Sarakki,2025-10-27,Closed,30,,No,Medium,No,4,Critical
C000513,P0546,Road Maintenance,Footpath Damage,Hebbal,2025-10-27,Resolved,20,2,No,High,No,24,Medium
C000514,P2804,Electrical,Multiple Street Lights Not Working,Yelahanka,2025-10-27,Closed,130,7,No,Medium,No,8,Medium
C000515,P2934,Electrical,Multiple Street Lights Not Working,Hebbal,2025-10-27,Closed,150,30,No,None,No,8,Medium
C000516,P0350,Solid Waste Management,Garbage Not Collected,Dasarahalli,2025-10-27,Closed,200,28,No,None,No,0.5,Low
C000517,P2135,Revenue Department,Property Tax Query,Kadugodi,2025-10-27,Closed,4,1,No,None,No,0.5,Low
C000518,P2135,Revenue Department,Property Tax Query,Kadugodi,2025-10-27,Closed,4,1,No,None,No,0.5,Low
C000519,P2812,Solid Waste Management,Garbage Not Collected,Kadugodi,2025-10-27,Resolved,45,3,Yes,Low,No,1,Low
C000520,P0124,Electrical,Multiple Street Lights Not Working,Sarakki,2025-10-27,Resolved,25,1,No,High,No,,Critical
C000521,P0199,Solid Waste Management,Garbage Dumping in Vacant Site,Mathikere,2025-10-27,Closed,200,2,No,Low,Yes,4,Medium
C000522,P2678,Public Sanitation,Garbage Burning,Bommanahalli,2025-10-27,Resolved,40,6,No,Medium,Yes,2,Medium
C000523,P2473,Drainage,Open Drain,Whitefield,2025-10-27,Resolved,70,8,Yes,None,Yes,16,Medium
C000524,P0232,Drainage,Open Drain,Whitefield,2025-10-27,Resolved,40,13,Yes,High,No,12,High
C000525,P1899,Electrical,Multiple Street Lights Not Working,Yelahanka,2025-10-27,Resolved,130,4,Yes,Medium,No,8,Medium
C000526,P0229,Public Sanitation,Garbage Burning,Bommanahalli,2025-10-27,Resolved,60,13,No,Medium,Yes,2,Medium
C000527,P0421,Electrical,Multiple Street Lights Not Working,Sarakki,2025-10-27,Closed,30,1,No,High,No,4,Critical
C000528,P1087,Drainage,Drain Blockage,Koramangala,2025-10-27,Resolved,190,11,No,Critical,No,12,Critical
C000529,P1087,Drainage,Drain Blockage,Koramangala,2025-10-27,Closed,190,11,No,Critical,No,12,Critical
C000530,P0660,Health,Public Health Sanitation Issue,Malleshwaram,2025-10-27,Closed,85,36,Yes,Low,No,4,High
C000531,P1615,Electrical,Multiple Street Lights Not Working,Sarakki,2025-10-27,Resolved,39,2,No,Critical,No,6,Critical
C000532,P0787,Solid Waste Management,Garbage Dumping in Vacant Site,Mathikere,2025-10-27,Closed,15,1,No,Low,No,6,Medium
C000533,P0546,Electrical,Multiple Street Lights Not Working,Hebbal,2025-10-27,Closed,280,57,No,None,No,8,Medium
C000534,P1114,Drainage,Water Leakage,Hosahalli,2025-10-27,Closed,440,35,Yes,None,Yes,4,Medium
C000535,P2576,Solid Waste Management,Sweeping Not Done,Mahadevapura,2025-10-27,Closed,55,15,No,Medium,No,2,Medium
C000536,P0611,Solid Waste Management,Garbage Not Collected,Whitefield,2025-10-27,Resolved,220,17,Yes,None,No,,Medium
C000537,P1867,Electrical,Street Light Not Working,Kadugodi,2025-10-27,Closed,10,1,No,Low,Yes,4,Low
C000538,P2023,Electrical,Multiple Street Lights Not Working,Mathikere,2025-10-27,Closed,65,8,No,Critical,No,2,High
C000539,P1133,Electrical,Multiple Street Lights Not Working,Sarakki,2025-10-28,Closed,30,1,No,High,No,4,Critical
C000540,P2661,Drainage,Damaged Drain,Bellandur,2025-10-28,Closed,25,1,No,Low,No,12,Medium
C000541,P2263,Electrical,Multiple Street Lights Not Working,Sarakki,2025-10-28,Closed,30,1,No,High,No,4,Critical
C000542,P0711,Drainage,Drain Blockage,Koramangala,2025-10-28,Resolved,190,12,No,Critical,No,12,High
C000543,P2017,Sewerage,Sewer Line Blockage,Electronic City,2025-10-28,Closed,250,4,No,Medium,No,4,Medium
C000544,P2750,Electrical,Multiple Street Lights Not Working,Yelahanka,2025-10-28,Closed,130,6,No,Low,No,8,Low
C000545,P2192,Solid Waste Management,Garbage Not Collected,Kadugodi,2025-10-28,Closed,70,6,Yes,Low,No,1,Low
C000546,P1938,Drainage,Drain Blockage,Koramangala,2025-10-28,Closed,190,8,No,High,No,12,High
C000547,P0665,Electrical,Multiple Street Lights Not Working,Mathikere,2025-10-28,Resolved,68,5,No,Critical,No,2,High
C000548,P2882,Drainage,Drain Blockage,Koramangala,2025-10-28,Resolved,190,11,No,Critical,No,12,High
C000549,P1163,Drainage,Drain Blockage,Koramangala,2025-10-28,Closed,166,8,No,Critical,No,8,High
C000550,P0674,Electrical,Electric Pole Damaged,Begur,2025-10-28,Closed,4,0,No,Critical,No,4,Medium
C000551,P1772,Solid Waste Management,Garbage Not Collected,Hosahalli,2025-10-28,Resolved,20,1,No,Low,Yes,4,Low
C000552,P1369,Drainage,Drain Blockage,Koramangala,2025-10-28,Closed,190,11,No,Critical,No,12,High
C000553,P0055,Electrical,Street Light Not Working,Vasanthnagar,2025-10-28,Resolved,200,40,No,Medium,No,8,Low
C000554,P2617,Drainage,Drain Blockage,Koramangala,2025-10-28,Closed,120,8,No,Critical,No,12,High
C000555,P0806,Electrical,Electric Pole Damaged,Begur,2025-10-28,Closed,3,0,No,Critical,Yes,4,Medium
C000556,P2423,Road Maintenance,Pothole,Marathahalli,2025-10-28,Resolved,50,2,No,Low,No,4,Low
C000557,P2602,Electrical,Multiple Street Lights Not Working,Sarakki,2025-10-28,Closed,19,1,No,High,No,6,Critical
C000558,P0697,Drainage,Drain Blockage,Koramangala,2025-10-28,Closed,240,7,No,Critical,No,12,High
C000559,P0407,Electrical,Multiple Street Lights Not Working,Malleshwaram,2025-10-28,Closed,170,40,No,None,No,6,Low
C000560,P2446,Street Infrastructure,Fallen Tree Branch,Dasarahalli,2025-10-28,In Progress,25,6,No,Medium,Yes,12,High
C000561,P1232,Electrical,Electric Pole Damaged,Kadugodi,2025-10-28,Resolved,30,2,No,Critical,No,4,High
C000562,P1201,Water Supply,Low Water Pressure,BTM Layout,2025-10-28,Closed,210,8,No,None,No,8,Low
C000563,P1004,Electrical,Multiple Street Lights Not Working,Sarakki,2025-10-28,Closed,38,2,No,Critical,Yes,4,Critical
C000564,P0482,Health,Public Health Sanitation Issue,Rajajinagar,2025-10-28,Closed,260,127,No,Medium,Yes,3,High
C000565,P0043,Water Supply,No Water Supply,Hoodi,2025-10-28,Closed,539,99,Yes,High,No,12,Critical
C000566,P2464,Electrical,Multiple Street Lights Not Working,Sarakki,2025-10-28,Resolved,30,1,No,High,No,4,Critical
C000567,P2464,Electrical,Multiple Street Lights Not Working,Sarakki,2025-10-28,Registered,30,1,No,High,No,4,Critical
C000568,P1454,Electrical,Multiple Street Lights Not Working,Sarakki,2025-10-28,Resolved,40,2,No,High,No,6,Critical
C000569,P1896,Electrical,Electric Pole Damaged,Malleshwaram,2025-10-28,Closed,140,36,No,Medium,No,2,Medium
C000570,P1452,Road Maintenance,Road Surface Damage,Byatarayanapura,2025-10-28,Closed,80,5,No,Medium,Yes,8,High
C000571,P1320,Drainage,Drain Blockage,Koramangala,2025-10-28,Closed,190,13,No,High,No,,High
C000572,P1152,Electrical,Multiple Street Lights Not Working,Yelahanka,2025-10-28,Closed,130,6,No,High,No,8,Medium
C000573,P1772,Road Maintenance,Road Maintenance Required,Hosahalli,2025-10-28,Closed,15,0,No,Low,Yes,2,Low
C000574,P0065,Solid Waste Management,Garbage Not Collected,Jalahalli,2025-10-28,In Progress,60,5,No,Critical,Yes,8,High
C000575,P0965,Sewerage,Sewer Line Blockage,Electronic City,2025-10-28,Closed,200,4,No,High,Yes,4,Medium
C000576,P2267,Drainage,Damaged Drain,Bellandur,2025-10-28,Closed,15,1,No,Low,No,8,Medium
C000577,P0439,Electrical,Multiple Street Lights Not Working,Yelahanka,2025-10-28,Closed,150,12,No,Medium,No,8,Medium
C000578,P0439,Electrical,Multiple Street Lights Not Working,Yelahanka,2025-10-28,Closed,150,,No,Medium,No,8,Medium
C000579,P0796,Drainage,Drain Blockage,Koramangala,2025-10-28,Resolved,190,10,No,Critical,No,12,High
C000580,P2862,Electrical,Multiple Street Lights Not Working,Sarakki,2025-10-28,Closed,25,1,Yes,High,No,4,Critical
C000581,P2192,Drainage,Damaged Drain,Kadugodi,2025-10-28,Resolved,39,1,No,None,No,36,Medium
C000582,P0899,Health,Public Health Sanitation Issue,Rajajinagar,2025-10-28,Closed,286,168,No,Medium,No,4,High
C000583,P0457,Drainage,Drain Blockage,Koramangala,2025-10-28,Closed,190,9,No,Critical,No,8,High
C000584,P0417,Electrical,Multiple Street Lights Not Working,Sarakki,2025-10-29,Resolved,30,1,No,High,No,4,Critical
C000585,P2788,Drainage,Drain Blockage,Koramangala,2025-10-29,Resolved,190,13,No,Critical,No,12,Medium
C000586,P1332,Drainage,Drain Blockage,Koramangala,2025-10-29,Closed,,8,No,Critical,No,16,High
C000587,P0990,Electrical,Street Light Not Working,JP Nagar,2025-10-29,Closed,150,13,No,None,Yes,0.5,Low
C000588,P0814,Health,Public Health Sanitation Issue,Domlur,2025-10-29,Closed,143,13,Yes,Medium,No,4,Low
C000589,P2967,Electrical,Multiple Street Lights Not Working,Sarakki,2025-10-29,Resolved,30,1,No,Medium,No,4,Critical
C000590,P1943,Solid Waste Management,Garbage Not Collected,Jalahalli,2025-10-29,In Progress,49,5,No,High,Yes,8,High
C000591,P0349,Road Maintenance,Pothole,Peenya,2025-10-29,Closed,120,9,No,Medium,Yes,8,Medium
C000592,P0016,Drainage,Open Drain,Dasarahalli,2025-10-29,Resolved,70,13,Yes,None,No,24,Low
C000593,P1541,Road Maintenance,Road Maintenance Required,Rajarajeshwari Nagar,2025-10-29,Resolved,45,3,Yes,Medium,No,6,High
C000594,P1541,Road Maintenance,Road Maintenance Required,Rajarajeshwari Nagar,2025-10-29,Registered,45,3,Yes,Medium,No,6,High
C000595,P2415,Health,Public Health Sanitation Issue,Malleshwaram,2025-10-29,Closed,70,22,Yes,Low,No,4,High
C000596,P0041,Road Infrastructure,Road Encroachment,BTM Layout,2025-10-29,Resolved,47,5,No,None,No,8,Medium
C000597,P2907,Electrical,Electric Pole Damaged,Kadugodi,2025-10-29,Closed,30,2,No,Critical,No,4,Critical
C000598,P0383,Road Maintenance,Road Surface Damage,Hosahalli,2025-10-29,Closed,240,9,No,None,No,24,Low
C000599,P1454,Electrical,Multiple Street Lights Not Working,Sarakki,2025-10-29,Resolved,40,2,No,High,No,6,Critical
C000600,P2734,Road Maintenance,Road Surface Damage,Shantinagar,2025-10-29,In Progress,300,1,No,Medium,No,12,Low
C000601,P0122,Solid Waste Management,Garbage Not Collected,Hoodi,2025-10-29,Resolved,320,31,Yes,Low,No,1,Medium
C000602,P1833,Health,Public Health Sanitation Issue,Malleshwaram,2025-10-29,Closed,60,34,No,Low,No,4,High
C000603,P0194,Solid Waste Management,Garbage Not Collected,Hosahalli,2025-10-29,Resolved,20,1,No,Low,Yes,4,Low
C000604,P2371,Drainage,Drain Blockage,Koramangala,2025-10-29,Closed,190,11,No,High,No,12,High
C000605,P1383,Water Supply,Low Water Pressure,BTM Layout,2025-10-29,Closed,240,20,No,None,No,8,Low
C000606,P1426,Revenue Department,Property Tax Query,Sadashivanagar,2025-10-29,Closed,3,1,No,None,No,1,Low
C000607,P1031,Electrical,Multiple Street Lights Not Working,Sarakki,2025-10-29,Closed,19,1,No,High,No,4,Critical
C000608,P2312,Drainage,Open Drain,Mathikere,2025-10-29,Resolved,30,3,Yes,Low,Yes,48,Medium
C000609,P0573,Solid Waste Management,Garbage Vehicle Not Arrived,Hosahalli,2025-10-29,Resolved,50,0,No,Medium,No,6,Medium
C000610,P2071,Road Maintenance,Road Surface Damage,Byatarayanapura,2025-10-29,Resolved,80,4,No,High,Yes,8,High
C000611,P2795,Solid Waste Management,Garbage Not Collected,Hoodi,2025-10-29,Closed,320,30,Yes,Medium,No,2,Medium
C000612,P0177,Health,Public Health Sanitation Issue,Rajajinagar,2025-10-29,Closed,190,63,No,Medium,Yes,4,High
C000613,P0215,Solid Waste Management,Garbage Not Collected,Hoodi,2025-10-29,Resolved,320,24,Yes,Low,No,2,Medium
C000614,P0239,Solid Waste Management,Garbage Not Collected,Shivajinagar,2025-10-29,In Progress,790,13,Yes,Medium,Yes,2,High
C000615,P1480,Drainage,Drain Blockage,Kodigehalli,2025-10-29,Closed,170,5,Yes,Medium,No,8,Medium
C000616,P2293,Sewerage,Sewer Line Blockage,Hosahalli,2025-10-29,Resolved,91,9,Yes,None,No,6,Low
C000617,P1631,Drainage,Drain Blockage,Koramangala,2025-10-29,Resolved,173,5,No,Critical,No,8,Critical
C000618,P0655,Sewerage,Sewer Line Blockage,Electronic City,2025-10-29,In Progress,190,3,Yes,Medium,No,4,Medium
C000619,P1973,Drainage,Drain Blockage,Koramangala,2025-10-29,Closed,220,13,No,Critical,No,12,High
C000620,P0015,Solid Waste Management,Sweeping Not Done,Shantinagar,2025-10-29,Closed,60,8,Yes,None,Yes,4,Low
C000621,P0542,Electrical,Multiple Street Lights Not Working,Sarakki,2025-10-29,Resolved,30,1,No,High,No,6,Critical
C000622,P2405,Electrical,Multiple Street Lights Not Working,Rajarajeshwari Nagar,2025-10-29,Resolved,120,12,No,High,No,12,High
C000623,P1671,Drainage,Open Drain,Dasarahalli,2025-10-29,Closed,70,14,No,None,Yes,16,Low
C000624,P0023,Road Maintenance,Road Surface Damage,Byatarayanapura,2025-10-29,Closed,80,3,No,Medium,No,8,High
C000625,P0023,Road Maintenance,Road Surface Damage,Byatarayanapura,2025-10-29,Closed,85,3,No,Medium,No,8,High
C000626,P1902,Sewerage,Sewer Line Blockage,Hosahalli,2025-10-29,Closed,75,17,Yes,None,No,8,Medium
C000627,P0781,Solid Waste Management,Garbage Not Collected,Shivajinagar,2025-10-29,In Progress,930,19,Yes,Medium,Yes,3,High
C000628,P0527,Solid Waste Management,Garbage Not Collected,Hoodi,2025-10-29,Resolved,320,56,Yes,Medium,No,1,Medium
C000629,P0527,Solid Waste Management,Garbage Not Collected,Hoodi,2025-10-29,Resolved,320,56,Yes,Low,No,1,Medium
C000630,P2463,Drainage,Damaged Drain,Kadugodi,2025-10-29,Closed,55,2,No,Low,No,24,Medium
C000631,P0270,Road Maintenance,Road Surface Damage,Byatarayanapura,2025-10-29,Closed,100,7,No,Medium,Yes,8,High
C000632,P0214,Health,Public Health Sanitation Issue,Mathikere,2025-10-30,Resolved,310,66,No,Medium,No,12,High
C000633,P2269,Health,Public Health Sanitation Issue,Mathikere,2025-10-30,Resolved,220,51,No,Medium,No,12,High
C000634,P2824,Electrical,Multiple Street Lights Not Working,Bellandur,2025-10-30,Closed,75,12,No,Low,Yes,4,Medium
C000635,P1844,Road Maintenance,Pothole,Yeshwanthpur,2025-10-30,Closed,3000,276,No,None,No,12,Medium
C000636,P1844,Road Maintenance,Pothole,Yeshwanthpur,2025-10-30,Closed,3000,276,No,None,No,12,Medium
C000637,P0465,Health,Public Health Sanitation Issue,Mathikere,2025-10-30,In Progress,343,57,Yes,Medium,No,12,High
C000638,P1979,Road Maintenance,Pothole,Kodigehalli,2025-10-30,Closed,490,19,No,Critical,No,8,Critical
C000639,P1979,Road Maintenance,Pothole,Kodigehalli,2025-10-30,Closed,490,19,No,Critical,No,8,Critical
C000640,P1672,Solid Waste Management,Garbage Not Collected,Shivajinagar,2025-10-30,In Progress,419,7,Yes,High,Yes,2,High
C000641,P1473,Electrical,Multiple Street Lights Not Working,Yelahanka,2025-10-30,Closed,65,10,No,Low,Yes,6,Low
C000642,P1303,Road Maintenance,Road Maintenance Required,Rajarajeshwari Nagar,2025-10-30,Resolved,45,2,Yes,Low,No,4,High
C000643,P1807,Road Maintenance,Road Surface Damage,Byatarayanapura,2025-10-30,Closed,88,6,No,Medium,No,12,High
C000644,P1647,Health,Public Health Sanitation Issue,Domlur,2025-10-30,Closed,143,,Yes,Medium,No,3,Low
C000645,P1629,Road Maintenance,Pothole,Kodigehalli,2025-10-30,Resolved,340,14,No,Critical,No,8,Critical
C000646,P1985,Street Infrastructure,Fallen Tree Branch,Dasarahalli,2025-10-30,Resolved,25,8,No,Medium,Yes,12,High
C000647,P1329,Electrical,Multiple Street Lights Not Working,Malleshwaram,2025-10-30,Closed,210,45,No,Low,No,4,Medium
C000648,P0555,Water Supply,No Water Supply,Hoodi,2025-10-30,Closed,600,100,Yes,High,No,12,Critical
C000649,P0560,Electrical,Multiple Street Lights Not Working,Bellandur,2025-10-30,Closed,75,13,No,Low,Yes,4,Medium
C000650,P0060,Road Maintenance,Pothole,Peenya,2025-10-30,Resolved,91,6,No,Medium,Yes,12,Medium
C000651,P1855,Electrical,Multiple Street Lights Not Working,Bellandur,2025-10-30,Resolved,65,10,No,Low,Yes,6,Medium
C000652,P0482,Electrical,Multiple Street Lights Not Working,Bellandur,2025-10-30,Resolved,75,10,No,Medium,Yes,4,Medium
C000653,P1231,Health,Public Health Sanitation Issue,Mathikere,2025-10-30,Closed,310,54,No,Medium,No,12,High
C000654,P1511,Road Maintenance,Pothole,Yeshwanthpur,2025-10-31,Resolved,4000,321,No,Low,No,12,Medium
C000655,P1607,Electrical,Multiple Street Lights Not Working,Arekere,2025-10-31,Resolved,55,3,No,Low,Yes,3,Low
C000656,P0341,Electrical,Multiple Street Lights Not Working,Arekere,2025-10-31,Closed,55,3,No,None,Yes,6,Low
C000657,P2352,Electrical,Damaged Street Light,Hoodi,2025-10-31,Closed,35,2,No,Critical,No,4,Medium
C000658,P0558,Electrical,Multiple Street Lights Not Working,Arekere,2025-10-31,In Progress,55,3,No,Low,Yes,4,Low
C000659,P1659,Electrical,Street Light Not Working,Bellandur,2025-10-31,Closed,2,0,No,Medium,,2,Medium
C000660,P0471,Drainage,Open Drain,Whitefield,2025-10-31,Closed,180,14,No,High,No,12,Medium
C000661,P2352,Solid Waste Management,Garbage Not Collected,Hoodi,2025-10-31,Closed,320,56,Yes,Low,No,1,Low
C000662,P1622,Solid Waste Management,Garbage Dumping in Vacant Site,Anjanapura,2025-10-31,Closed,130,2,No,Low,Yes,12,Low
C000663,P1718,Health,Public Health Sanitation Issue,Hennur,2025-10-31,Resolved,120,28,Yes,Low,No,4,Medium
C000664,P1596,Solid Waste Management,Garbage Not Collected,Shivajinagar,2025-10-31,In Progress,790,16,Yes,Medium,Yes,2,High
C000665,P0424,Electrical,Street Light Not Working,Bellandur,2025-10-31,Closed,2,0,No,Medium,Yes,2,Medium
C000666,P0437,Solid Waste Management,Garbage Not Collected,Shivajinagar ,2025-10-31,In Progress,790,12,Yes,Medium,Yes,2,High
C000667,P0194,Solid Waste Management,Garbage Vehicle Not Arrived,Hosahalli,2025-10-31,Resolved,40,0,No,Medium,No,4,Medium
C000668,P2369,Water Supply,No Water Supply,Mahadevapura,2025-10-31,Closed,460,5,Yes,High,No,12,Critical
C000669,P1768,Electrical,Damaged Street Light,Dasarahalli,2025-10-31,Resolved,15,0,No,Medium,No,8,Medium
C000670,P2291,Solid Waste Management,Sweeping Not Done,BTM Layout,2025-10-31,Resolved,35,4,No,None,No,4,Low
C000671,P0571,Water Supply,No Water Supply,Kadugodi,2025-11-01,Closed,75,4,Yes,High,No,12,High
C000672,P2912,Solid Waste Management,Garbage Vehicle Not Arrived,Indiranagar,2025-11-01,Resolved,55,11,Yes,Low,No,,Medium
C000673,P2912,Solid Waste Management,Garbage Vehicle Not Arrived,Indiranagar,2025-11-01,Resolved,40,11,Yes,,No,2,Medium
C000674,P1412,Electrical,Damaged Street Light,Dasarahalli,2025-11-01,Resolved,15,1,No,Medium,No,8,Medium
C000675,P0127,Water Supply,No Water Supply,Kadugodi,2025-11-01,Closed,95,2,Yes,Medium,No,,High
C000676,P0211,Electrical,Multiple Street Lights Not Working,Bellandur,2025-11-01,Closed,95,10,No,Low,No,6,Medium
C000677,P1163,Solid Waste Management,Garbage Vehicle Not Arrived,Indiranagar,2025-11-01,Resolved,80,20,Yes,None,No,,Medium
C000678,P2512,Water Supply,No Water Supply,Mahadevapura,2025-11-01,Closed,310,4,Yes,High,No,8,Critical
C000679,P2415,Road Infrastructure,Missing Manhole Cover,Mathikere,2025-11-01,Closed,27,1,No,Critical,Yes,4,Medium
C000680,P0868,Road Maintenance,Footpath Damage,HSR Layout,2025-11-01,Closed,100,14,No,High,No,8,High
C000681,P0868,Road Maintenance,Footpath Damage,HSR Layout,2025-11-01,Closed,100,14,No,High,No,8,High
C000682,P1520,Electrical,Multiple Street Lights Not Working,Arekere,2025-11-01,Closed,55,5,No,Low,Yes,4,Low
C000683,P1314,Solid Waste Management,Garbage Dumping in Vacant Site,Varthur,2025-11-01,Resolved,480,44,No,Medium,No,4,Medium
C000684,P0194,Solid Waste Management,Garbage Vehicle Not Arrived,Hosahalli,2025-11-01,Resolved,40,0,No,Medium,No,4,Medium
C000685,P0842,Electrical,Multiple Street Lights Not Working,Arekere,2025-11-01,Resolved,55,3,No,Low,Yes,4,Low
C000686,P0015,Health,Public Health Sanitation Issue,Arekere,2025-11-01,Closed,370,50,Yes,Low,Yes,12,Low
C000687,P1238,Water Supply,No Water Supply,Kadugodi,2025-11-01,Closed,100,2,,Medium,No,12,High
C000688,P0502,Water Supply,No Water Supply,Kadugodi,2025-11-02,Closed,100,4,Yes,High,No,12,High
C000689,P0958,Health,Public Health Sanitation Issue,Hennur,2025-11-02,Closed,120,26,Yes,Low,No,4,Medium
C000690,P0706,Solid Waste Management,Garbage Not Collected,Shantinagar,2025-11-02,Closed,250,7,No,,No,4,Medium
C000691,P1081,Solid Waste Management,Garbage Not Collected,Sadashivanagar,2025-11-02,In Progress,1893,947,Yes,None,No,12,High
C000692,P2869,Electrical,Damaged Street Light,Dasarahalli,2025-11-02,Closed,20,1,No,Medium,No,8,Medium
C000693,P2869,Electrical,Damaged Street Light,Dasarahalli,2025-11-02,Closed,25,1,No,Medium,,8,Medium
C000694,P1792,Solid Waste Management,Garbage Not Collected,Shantinagar,2025-11-02,Closed,,8,Yes,Low,No,4,Low
C000695,P2364,Health,Public Health Sanitation Issue,Arekere,2025-11-02,Closed,260,42,No,Low,Yes,8,Low
C000696,P0437,Electrical,Street Light Not Working,Basavanagudi,2025-11-02,Resolved,110,41,No,Medium,No,0.5,Medium
C000697,P2258,Water Supply,Water Leakage,Rajajinagar,2025-11-02,Closed,40,7,Yes,Low,No,2,Low
C000698,P2859,Solid Waste Management,Garbage Not Collected,Shantinagar,2025-11-02,Closed,316,12,No,Low,No,4,Low
C000699,P1992,Solid Waste Management,Garbage Dumping in Vacant Site,Anjanapura,2025-11-02,Closed,220,5,No,Low,,12,Low
C000700,P2944,Solid Waste Management,Garbage Not Collected,Sadashivanagar,2025-11-02,In Progress,1893,518,Yes,Low,Yes,12,High
C000701,P1918,Revenue Department,Property Tax Query,Yelahanka,2025-11-02,Resolved,9,1,No,,No,0.5,Low
C000702,P0502,Solid Waste Management,Garbage Dumping in Vacant Site,Kadugodi,2025-11-02,Closed,50,1,No,None,No,2,Low
C000703,P1363,Water Supply,Water Leakage,Rajajinagar,2025-11-02,Closed,40,7,Yes,Low,No,2,Low
C000704,P0822,Solid Waste Management,Garbage Not Collected,Shantinagar,2025-11-02,Resolved,,10,No,Low,No,4,Low
C000705,P0819,Water Supply,No Water Supply,Kadugodi,2025-11-02,Resolved,100,3,Yes,Medium,No,12,High
C000706,P0423,Road Infrastructure,Missing Manhole Cover,Mahadevapura,2025-11-02,Resolved,8,1,No,High,No,1,Medium
C000707,P2796,Road Infrastructure,Road Encroachment,Kadugodi,2025-11-02,Closed,30,1,No,Low,No,8,Low
C000708,P1368,Road Maintenance,Footpath Damage,Bellandur,2025-11-03,Resolved,70,4,No,Medium,No,24,Low
C000709,P2354,Water Supply,Water Leakage,Rajajinagar,2025-11-03,Resolved,40,9,Yes,Low,No,2,Low
C000710,P1807,Street Infrastructure,Damaged Signboard,Byatarayanapura,2025-11-03,Closed,20,0,No,Low,No,6,Low
C000711,P1807,Street Infrastructure,Damaged Signboard,Byatarayanapura,2025-11-03,Registered,20,0,No,Low,No,6,Low
C000712,P2621,Health,Public Health Sanitation Issue,Hennur,2025-11-03,Resolved,120,23,Yes,Low,No,4,Medium
C000713,P2621,Health,Public Health Sanitation Issue,Hennur,2025-11-03,Registered,120,23,Yes,Low,No,4,Medium
C000714,P0588,Drainage,Drain Blockage,Shivajinagar,2025-11-03,Closed,30,1,Yes,None,No,8,Low
C000715,P2171,Water Supply,Water Leakage,Kadugodi,2025-11-03,Closed,119,8,Yes,Low,No,4,Medium
C000716,P1044,Road Infrastructure,Road Encroachment,Basavanagudi,2025-11-03,Resolved,160,4,No,None,Yes,16,Low
C000717,P0625,Revenue Department,Khata Related Issue,Jalahalli,2025-11-03,Resolved,10,0,No,None,No,2,Low
C000718,P0625,Revenue Department,Khata Related Issue,Jalahalli,2025-11-03,Resolved,10,0,No,None,No,2,Low
C000719,P2900,Water Supply,No Water Supply,Kadugodi,2025-11-03,Resolved,100,3,Yes,Low,No,12,High
C000720,P2212,Electrical,Street Light Not Working,Hosahalli,2025-11-03,Closed,110,32,Yes,Low,Yes,2,High
C000721,P2933,Solid Waste Management,Garbage Vehicle Not Arrived,Begur,2025-11-03,Resolved,,,Yes,Low,Yes,4,Medium
C000722,P2145,Solid Waste Management,Garbage Dump,Hennur,2025-11-03,Closed,20,5,No,Medium,Yes,2,Medium
C000723,P2145,Solid Waste Management,Garbage Dump,Hennur,2025-11-03,Closed,20,5,No,Medium,Yes,2,Medium
C000724,P1157,Electrical,Damaged Street Light,Sadashivanagar,2025-11-03,Closed,18,1,No,Medium,No,8,Medium
C000725,P2223,Water Supply,Pipeline Leakage,Hosahalli,2025-11-03,Closed,310,20,No,Low,No,8,Medium
C000726,P1647,Water Supply,Water Leakage,Domlur,2025-11-03,Resolved,170,34,Yes,High,No,4,High
C000727,P2496,Street Infrastructure,Bus Shelter Damaged,Hosahalli,2025-11-03,Resolved,35,8,No,Medium,No,8,High
C000728,P2828,Road Infrastructure,Road Cutting Not Restored,Hosahalli,2025-11-03,Resolved,80,11,Yes,None,Yes,8,Medium
C000729,P0281,Solid Waste Management,Garbage Not Collected,Shantinagar,2025-11-03,Closed,220,6,No,Medium,No,6,Low
C000730,P2089,Health,Increase in Mosquito Density,Kodigehalli,2025-11-03,Resolved,560,141,No,Low,No,2,Medium
C000731,P0239,Sewerage,Drain Blockage,Shivajinagar,2025-11-03,Closed,35,1,Yes,None,No,8,Low
C000732,P1034,Water Supply,No Water Supply,Electronic City,2025-11-03,Closed,2100,195,Yes,None,No,8,High
C000733,P2204,Solid Waste Management,Sweeping Not Done,Mathikere,2025-11-03,Closed,47,0,No,Low,Yes,2,Low
C000734,P0730,Public Sanitation,Garbage Burning,Sarakki,2025-11-03,In Progress,40,1,No,High,No,0.5,Medium
C000735,P2314,Solid Waste Management,Garbage Not Collected,Sadashivanagar,2025-11-03,In Progress,1200,544,Yes,None,No,,Medium
C000736,P2937,Solid Waste Management,Garbage Not Collected,Sadashivanagar,2025-11-03,In Progress,1893,649,Yes,Low,No,12,High
C000737,P1607,Electrical,Street Light Not Working,Basavanagudi,2025-11-04,Closed,65,13,No,Low,No,1,Medium
C000738,P1979,Health,Increase in Mosquito Density,Kodigehalli,2025-11-04,In Progress,800,362,No,Medium,No,1,Medium
C000739,P2427,Health,Increase in Mosquito Density,Shivajinagar,2025-11-04,Closed,146,14,No,Low,No,4,High
C000740,P2427,Health,Increase in Mosquito Density,Shivajinagar,2025-11-04,Closed,146,14,No,,No,4,High
C000741,P2817,Health,Increase in Mosquito Density,Shivajinagar,2025-11-04,Closed,292,40,No,Low,No,4,High
C000742,P1155,Solid Waste Management,Garbage Not Collected,Sadashivanagar,2025-11-04,In Progress,1700,696,Yes,None,No,12,High
C000743,P1887,Others,Miscellaneous Complaint,Kengeri,2025-11-04,Closed,,7,No,None,No,2,Low
C000744,P1949,Road Infrastructure,Road Cutting Not Restored,Electronic City,2025-11-04,Closed,94,6,No,Critical,Yes,16,High
C000745,P1467,Sewerage,Sewer Line Blockage,Chamrajpet,2025-11-04,Resolved,120,8,Yes,Critical,No,12,Critical
C000746,P2053,Solid Waste Management,Sweeping Not Done,Mathikere,2025-11-04,In Progress,12000,0,No,Low,Yes,2,Low
C000747,P0347,Public Sanitation,Garbage Burning,Sarakki,2025-11-04,In Progress,40,1,No,Critical,No,2,Medium
C000748,P0347,Water Supply,No Water Supply,Electronic City,2025-11-04,Closed,1200,80,Yes,None,No,8,High
C000749,P0292,Solid Waste Management,Garbage Dump,Hennur,2025-11-04,Closed,15,3,No,Low,Yes,2,Medium
C000750,P0292,Solid Waste Management,Garbage Dump,Hennur,2025-11-04,Closed,15,3,No,Low,Yes,,Medium
C000751,P0952,Sewerage,Sewer Line Blockage,Chamrajpet,2025-11-04,Closed,140,12,Yes,High,No,8,Critical
C000752,P1782,Road Maintenance,Footpath Damage,Koramangala,2025-11-04,Closed,130,13,No,Medium,No,24,Low
C000753,P1667,Health,Increase in Mosquito Density,Shivajinagar,2025-11-04,Resolved,210,29,No,Low,No,4,High
C000754,P1667,Health,Increase in Mosquito Density,Shivajinagar,2025-11-04,Resolved,200,29,No,Low,No,4,High
C000755,P0107,Solid Waste Management,Garbage Not Collected,Shantinagar,2025-11-05,Closed,130,46,,None,Yes,6,Low
C000756,P1758,Solid Waste Management,Garbage Dump,Hennur,2025-11-05,Closed,20,4,No,None,Yes,2,Medium
C000757,P0437,Health,Increase in Mosquito Density,Shivajinagar,2025-11-05,Closed,290,40,No,Low,No,4,High
C000758,P0588,Drainage,Drain Blockage,Shivajinagar,2025-11-05,Closed,30,1,Yes,None,No,8,Low
C000759,P1827,Water Supply,Pipeline Leakage,Hosahalli,2025-11-05,Resolved,310,15,No,Low,No,8,Medium
C000760,P0325,Electrical,Street Light Not Working,Mahadevapura,2025-11-05,Resolved,15,1,Yes,High,No,2,Medium
C000761,P0594,Solid Waste Management,Sweeping Not Done,Hosahalli,2025-11-05,Closed,70,5,No,None,Yes,3,Medium
C000762,P0878,Water Supply,Water Leakage,Kadugodi,2025-11-05,Closed,119,6,Yes,Low,No,4,Medium
C000763,P0666,Health,Public Health Sanitation Issue,Jalahalli,2025-11-05,Closed,724,328,Yes,High,No,2,Critical
C000764,P2432,Solid Waste Management,Garbage Not Collected,Mathikere,2025-11-05,Resolved,300,31,No,None,No,3,Low
C000765,P0497,Solid Waste Management,Garbage Not Collected,Mathikere,2025-11-05,Closed,290,37,No,None,No,4,Low
C000766,P1103,Solid Waste Management,Sweeping Not Done,Chickpet,2025-11-05,Closed,24,1,Yes,High,Yes,2,High
C000767,P1361,Solid Waste Management,Garbage Vehicle Not Arrived,Begur,2025-11-05,Closed,20,0,Yes,Medium,Yes,4,Medium
C000768,P2126,Health,Public Health Sanitation Issue,Jalahalli,2025-11-05,Resolved,724,284,Yes,High,No,,Critical
C000769,P0878,Road Maintenance,Road Maintenance Required,Kadugodi,2025-11-05,Closed,90,0,No,Low,Yes,8,Low
C000770,P1075,Solid Waste Management,Garbage Vehicle Not Arrived,Banaswadi,2025-11-06,Closed,40,6,No,Low,Yes,2,Medium
C000771,P0465,Solid Waste Management,Garbage Not Collected,Mathikere,2025-11-06,Closed,380,37,No,None,Yes,4,Low
C000772,P2132,Solid Waste Management,Garbage Dump,Shantinagar,2025-11-06,Closed,160,24,No,High,No,4,Medium
C000773,P2434,Health,Public Health Sanitation Issue,Chamrajpet,2025-11-06,Closed,160,2,No,High,No,4,High
C000774,P2672,Electrical,Street Light Not Working ,Mahadevapura,2025-11-06,Closed,15,2,No,High,No,2,Medium
C000775,P0354,Solid Waste Management,Garbage Vehicle Not Arrived,Banaswadi,2025-11-06,Resolved,40,9,No,Low,Yes,2,Medium
C000776,P2797,Solid Waste Management,Garbage Vehicle Not Arrived,Banaswadi,2025-11-06,Closed,35,7,No,Low,Yes,3,Medium
C000777,P1858,Drainage,Drain Blockage,Ulsoor,2025-11-06,Resolved,80,7,Yes,Medium,No,4,Medium
C000778,P1330,Health,Stray Dog Menace,Sadashivanagar,2025-11-06,Closed,130,40,No,Medium,No,2,Medium
C000779,P1048,Solid Waste Management,Garbage Not Collected,Byatarayanapura,2025-11-06,Closed,40,3,No,Low,No,2,Low
C000780,P2590,Solid Waste Management,Garbage Dump,Shantinagar,2025-11-06,Closed,186,14,No,High,No,6,Medium
C000781,P1503,Solid Waste Management,Garbage Vehicle Not Arrived,Banaswadi,2025-11-06,Resolved,40,8,No,Low,Yes,1,Medium
C000782,P1484,Solid Waste Management,Garbage Vehicle Not Arrived,Banaswadi,2025-11-06,Closed,50,6,No,Low,Yes,2,Medium
C000783,P1397,Solid Waste Management,Garbage Vehicle Not Arrived,Banaswadi,2025-11-06,Closed,25,4,Yes,Low,Yes,1,Medium
C000784,P2962,Solid Waste Management,Garbage Vehicle Not Arrived,Banaswadi,2025-11-06,Closed,40,8,No,Low,Yes,2,Medium
C000785,P1899,Drainage,Drain Blockage,Ulsoor,2025-11-06,Closed,110,8,Yes,Low,No,4,Medium
C000786,P1295,Electrical,Street Light Not Working,Kadugodi,2025-11-06,Resolved,12,3,Yes,Medium,Yes,4,Medium
C000787,P0735,Solid Waste Management,Garbage Vehicle Not Arrived,Banaswadi,2025-11-06,Resolved,40,6,No,Low,Yes,2,Medium
C000788,P1039,Drainage,Damaged Drain,Arekere,2025-11-06,Resolved,30,0,No,Medium,No,12,Medium
C000789,P0716,Public Sanitation,Unclean Public Area,Kadugodi,2025-11-06,Closed,100,10,No,None,No,6,Low
C000790,P1295,Public Sanitation,Unclean Public Area,Kadugodi,2025-11-06,Resolved,100,7,No,None,No,8,Low
C000791,P0645,Solid Waste Management,Garbage Vehicle Not Arrived,Banaswadi,2025-11-06,Closed,40,6,No,Low,Yes,2,Low
C000792,P0613,Road Maintenance,Footpath Damage,Hosahalli,2025-11-06,Resolved,55,8,Yes,High,No,8,Medium
C000793,P2489,Road Infrastructure,Missing Manhole Cover,Marathahalli,2025-11-06,Resolved,30,6,No,Medium,No,2,Medium
C000794,P0878,Electrical,Street Light Not Working,Kadugodi,2025-11-06,Closed,12,2,Yes,Low,Yes,3,Medium
C000795,P2132,Solid Waste Management,Garbage Not Collected,Shantinagar,2025-11-06,Resolved,119,20,No,None,Yes,4,Low
C000796,P2137,Solid Waste Management,Sweeping Not Done,Hoodi,2025-11-06,In Progress,334,41,No,Low,No,2,Medium
C000797,P1699,Solid Waste Management,Garbage Vehicle Not Arrived,Banaswadi,2025-11-06,Closed,40,5,No,Low,Yes,2,Medium
C000798,P0424,Water Supply,Low Water Pressure,Sarakki,2025-11-06,Closed,120,25,No,Low,Yes,3,Low
C000799,P1515,Health,Public Health Sanitation Issue,Chamrajpet,2025-11-06,Resolved,95,2,No,High,No,3,High
C000800,P0934,Solid Waste Management,Garbage Vehicle Not Arrived,Banaswadi,2025-11-06,Closed,25,4,No,Low,Yes,2,Medium
C000801,P0483,Solid Waste Management,Garbage Vehicle Not Arrived,Banaswadi,2025-11-06,Closed,50,11,No,Low,Yes,2,Medium
C000802,P0571,Public Sanitation,Unclean Public Area,Kadugodi,2025-11-06,Closed,120,14,No,None,No,12,Low
C000803,P2238,Road Infrastructure,Missing Manhole Cover,Malleshwaram,2025-11-06,Closed,75,3,No,High,No,2,Medium
C000804,P1664,Public Sanitation,Public Health Sanitation Issue,Chamrajpet,2025-11-06,Resolved,160,3,No,High,Yes,4,High
C000805,P0630,Solid Waste Management,Garbage Not Collected,Byatarayanapura,2025-11-06,In Progress,45,2,No,Low,Yes,2,Low
C000806,P0630,Solid Waste Management,Garbage Not Collected,Byatarayanapura,2025-11-06,Registered,,2,No,Low,Yes,2,Low
C000807,P2423,Road Infrastructure,Missing Manhole Cover,Marathahalli,2025-11-07,Closed,33,6,No,Medium,No,1,Medium
C000808,P2026,Solid Waste Management,Garbage Vehicle Not Arrived,Banaswadi,2025-11-07,Closed,110,17,No,Low,Yes,3,Medium
C000809,P1818,Solid Waste Management,Garbage Vehicle Not Arrived,Banaswadi,2025-11-07,Closed,40,6,No,Low,Yes,2,Low
C000810,P1300,Public Sanitation,Garbage Burning,Jalahalli,2025-11-07,Resolved,170,50,No,Low,No,2,Medium
C000811,P1270,Solid Waste Management,Garbage Vehicle Not Arrived,Banaswadi,2025-11-07,Closed,40,5,No,Low,Yes,2,Medium
C000812,P0706,Electrical,Street Light Not Working,Shantinagar,2025-11-07,Closed,55,1,No,Low,No,2,Low
C000813,P1191,Solid Waste Management,Garbage Vehicle Not Arrived,Banaswadi,2025-11-07,Resolved,40,6,No,Medium,Yes,3,Medium
C000814,P1470,Solid Waste Management,Garbage Not Collected,Mathikere,2025-11-07,Closed,260,26,No,None,No,4,Low
C000815,P0871,Drainage,Drain Blockage,Ulsoor,2025-11-07,Closed,110,7,Yes,Medium,No,4,Medium
C000816,P0871,Drainage,Drain Blockage,Ulsoor,2025-11-07,Closed,110,7,Yes,Medium,No,4,Medium
C000817,P1618,Electrical,Street Light Not Working,Sadashivanagar,2025-11-07,Resolved,60,2,No,None,Yes,0.5,Low
C000818,P0871,Drainage,Damaged Drain,Ulsoor,2025-11-07,Closed,85,3,No,Low,No,36,Low
C000819,P2438,Solid Waste Management,Garbage Not Collected,Byatarayanapura,2025-11-07,Resolved,45,2,No,Low,No,,Low
C000820,P1055,Revenue Department,Trade Licence Issue,Kadugodi,2025-11-07,Closed,1,0,No,None,Yes,0.5,Low
C000821,P0031,Solid Waste Management,Garbage Vehicle Not Arrived,Banaswadi,2025-11-07,Closed,40,6,No,None,Yes,2,Medium
C000822,P1470,Water Supply,Water Leakage,Mathikere,2025-11-07,Resolved,100,25,Yes,High,Yes,4,High
C000823,P2520,Electrical,Street Light Not Working,Shantinagar,2025-11-07,Closed,35,1,No,Low,No,3,Low
C000824,P0906,Others,Illegal Construction,Varthur,2025-11-07,Resolved,85,27,No,Critical,No,24,High
C000825,P0850,Solid Waste Management,Garbage Vehicle Not Arrived,Banaswadi,2025-11-07,Closed,40,8,No,Low,Yes,2,Medium
C000826,P0706,Solid Waste Management,Garbage Dump,Shantinagar,2025-11-07,Resolved,186,9,No,Medium,No,4,Medium
C000827,P0739,Solid Waste Management,Garbage Vehicle Not Arrived,Banaswadi,2025-11-07,Resolved,40,6,No,Low,Yes,2,Medium
C000828,P2649,Solid Waste Management,Garbage Vehicle Not Arrived,Banaswadi,2025-11-07,Closed,35,6,No,Low,No,2,Medium
C000829,P0125,Solid Waste Management,Garbage Vehicle Not Arrived,Banaswadi,2025-11-07,Closed,40,6,No,Low,Yes,2,Medium
C000830,P2546,Solid Waste Management,Garbage Vehicle Not Arrived,Banaswadi,2025-11-07,Resolved,33,7,No,Medium,No,2,Medium
C000831,P0826,Solid Waste Management,Garbage Not Collected,Bellandur,2025-11-08,In Progress,45,2,No,Low,No,,Low
C000832,P1205,Drainage,Drain Blockage,Jayanagar,2025-11-08,Resolved,280,80,Yes,Medium,No,1,High
C000833,P2838,Public Sanitation,Garbage Burning,Jalahalli,2025-11-08,Resolved,220,45,No,Low,No,2,Medium
C000834,P0654,Solid Waste Management,Garbage Not Collected,Bellandur,2025-11-08,Closed,45,2,No,Low,No,1,Low
C000835,P1832,Solid Waste Management,Garbage Not Collected,Chickpet,2025-11-08,Closed,90,19,No,Low,No,2,Low
C000836,P1780,Solid Waste Management,Garbage Dump,Shantinagar,2025-11-08,Closed,310,33,No,High,No,4,Medium
C000837,P1456,Road Maintenance,Road Maintenance Required,Arekere,2025-11-08,Closed,30,1,No,Low,Yes,6,Medium
C000838,P2333,Solid Waste Management,Sweeping Not Done,JP Nagar,2025-11-08,Resolved,280,9,Yes,None,No,3,Low
C000839,P1445,Solid Waste Management,Sweeping Not Done,Hoodi,2025-11-08,In Progress,334,35,No,Low,Yes,2,Medium
C000840,P0805,Solid Waste Management,Garbage Vehicle Not Arrived,Banaswadi,2025-11-08,Closed,40,6,No,Low,Yes,2,Medium
C000841,P1389,Water Supply,Water Leakage,Mathikere,2025-11-08,Closed,70,16,Yes,High,Yes,4,Medium
C000842,P0874,Water Supply,Low Water Pressure,Sarakki,2025-11-08,Closed,110,16,No,Low,Yes,1,Low
C000843,P1953,Solid Waste Management,Garbage Vehicle Not Arrived,Banaswadi,2025-11-08,Closed,45,9,No,Low,Yes,1,Medium
C000844,P0742,Solid Waste Management,Garbage Vehicle Not Arrived,Banaswadi,2025-11-08,Resolved,33,3,No,Low,Yes,2,Medium
C000845,P0559,Solid Waste Management,Garbage Not Collected,Chickpet,2025-11-08,Closed,102,15,No,Medium,Yes,2,Low
C000846,P1830,Solid Waste Management,Garbage Vehicle Not Arrived,Banaswadi,2025-11-08,Closed,40,6,No,Low,Yes,2,Medium
C000847,P2504,Solid Waste Management,Garbage Dump,Shantinagar,2025-11-08,Resolved,186,18,No,High,No,4,Medium
C000848,P2504,Solid Waste Management,Garbage Dump,Shantinagar,2025-11-08,Resolved,230,18,No,High,No,4,Medium
C000849,P2339,Water Supply,No Water Supply,Padmanabhanagar,2025-11-08,Resolved,3700,250,Yes,Critical,No,,Critical
C000850,P1458,Solid Waste Management,Garbage Not Collected,Chickpet,2025-11-08,Closed,140,12,No,Low,No,2,Low
C000851,P0810,Solid Waste Management,Garbage Vehicle Not Arrived,Banaswadi,2025-11-08,Resolved,30,7,No,Low,Yes,2,Medium
C000852,P0641,Road Infrastructure,Road Encroachment,Yeshwanthpur,2025-11-09,Closed,60,3,No,None,Yes,8,Low
C000853,P0369,Electrical,Street Light Not Working,Shantinagar,2025-11-09,Closed,70,1,No,Low,No,2,Low
C000854,P2225,Solid Waste Management,Garbage Not Collected,Chickpet,2025-11-09,Closed,190,24,,Low,No,2,Low
C000855,P2115,Road Maintenance,Footpath Damage,Malleshwaram,2025-11-09,Resolved,110,20,No,Medium,No,8,Medium
C000856,P0892,Solid Waste Management,Garbage Not Collected,Bellandur,2025-11-09,Closed,50,3,Yes,Medium,No,1,Low
C000857,P0430,Drainage,Drain Blockage,Jayanagar,2025-11-09,Resolved,280,55,Yes,Medium,No,2,High
C000858,P0573,Street Infrastructure,Bus Shelter Damaged,Hosahalli,2025-11-09,Resolved,50,6,No,Medium,Yes,8,Medium
C000859,P2206,Solid Waste Management,Garbage Dumping in Vacant Site,Rajajinagar,2025-11-09,Closed,82,2,No,Low,Yes,4,Low
C000860,P1981,Public Sanitation,Public Toilet Not Maintained,Gandhinagar,2025-11-09,Closed,70,11,Yes,Low,No,4,Low
C000861,P1554,Solid Waste Management,Garbage Dumping in Vacant Site,Rajajinagar,2025-11-09,Closed,60,1,No,Low,Yes,4,Low
C000862,P0191,Electrical,Multiple Street Lights Not Working,Koramangala,2025-11-10,Resolved,120,64,No,Medium,Yes,4,High
C000863,P2447,Sewerage,Manhole Overflow,Kadugodi,2025-11-10,Resolved,85,11,Yes,Medium,Yes,4,High
C000864,P1087,Electrical,Multiple Street Lights Not Working,Koramangala,2025-11-10,Resolved,130,48,No,Medium,Yes,4,High
C000865,P0605,Water Supply,No Water Supply,Domlur,2025-11-10,Closed,540,109,Yes,Medium,Yes,16,High
C000866,P0908,Water Supply,Water Leakage,Mathikere,2025-11-10,Closed,740,57,No,None,Yes,2,Low
C000867,P1385,Solid Waste Management,Sweeping Not Done,Yelahanka,2025-11-10,Closed,160,3,No,None,No,2,Low
C000868,P1055,Road Maintenance,Road Maintenance Required,Kadugodi,2025-11-10,Closed,25,3,No,Medium,Yes,8,Low
C000869,P0918,Public Sanitation,Unclean Public Area,Dasarahalli,2025-11-10,Resolved,760,201,No,High,No,12,High
C000870,P0062,Road Maintenance,Footpath Damage,Malleshwaram,2025-11-10,Closed,110,41,No,High,No,12,Medium
C000871,P0506,Public Sanitation,Unclean Public Area,Mathikere,2025-11-10,Resolved,530,159,No,Medium,No,12,Medium
C000872,P2965,Electrical,Multiple Street Lights Not Working,Koramangala,2025-11-10,Resolved,130,23,No,Low,Yes,4,High
C000873,P2859,Sewerage,Drain Overflow,Shantinagar,2025-11-10,Closed,651,8,Yes,High,Yes,24,High
C000874,P2299,Revenue Department,Khata Related Issue,HSR Layout,2025-11-10,Closed,4,0,No,None,No,0.5,Low
C000875,P1806,Electrical,Street Light Not Working,Shivajinagar,2025-11-10,Closed,120,9,No,Medium,No,0.5,Medium
C000876,P2312,Water Supply,Water Leakage,Mathikere,2025-11-10,Closed,1074,62,No,None,Yes,2,Medium
C000877,P0815,Electrical,Street Light Not Working,Shivajinagar,2025-11-10,Resolved,90,8,No,Low,No,0.5,Medium
C000878,P1667,Electrical,Street Light Not Working,Shivajinagar,2025-11-10,Closed,80,8,No,Medium,No,0.5,Medium
C000879,P2018,Solid Waste Management,Garbage Dump,Padmanabhanagar,2025-11-11,Closed,,8,No,Medium,No,8,Low
C000880,P1247,Electrical,Street Light Not Working,Shivajinagar,2025-11-11,Resolved,90,14,No,Medium,No,0.5,Medium
C000881,P0349,Solid Waste Management,Garbage Vehicle Not Arrived,Peenya,2025-11-11,Closed,120,16,No,Low,No,2,High
C000882,P1918,Solid Waste Management,Sweeping Not Done,Yelahanka,2025-11-11,Resolved,170,4,No,None,Yes,2,Low
C000883,P1918,Solid Waste Management,Sweeping Not Done,Yelahanka,2025-11-11,Closed,151,4,No,None,Yes,2,Low
C000884,P1669,Solid Waste Management,Garbage Vehicle Not Arrived,Chamrajpet,2025-11-11,Resolved,15,,Yes,Medium,No,3,Low
C000885,P0659,Solid Waste Management,Garbage Vehicle Not Arrived,Peenya,2025-11-11,Resolved,120,13,No,Low,Yes,1,Medium
C000886,P0659,Solid Waste Management,Garbage Vehicle Not Arrived,Peenya,2025-11-11,Resolved,120,13,No,Low,Yes,1,Medium
C000887,P1722,Solid Waste Management,Garbage Dump,Kadugodi,2025-11-11,Closed,130,16,No,None,No,12,Low
C000888,P0860,Water Supply,No Water Supply,Indiranagar,2025-11-11,Closed,1100,74,Yes,Critical,No,4,Critical
C000889,P0365,Electrical,Street Light Not Working,Sarakki,2025-11-11,Resolved,60,,Yes,Low,Yes,8,High
C000890,P0216,Solid Waste Management,Sweeping Not Done,Yelahanka,2025-11-11,Resolved,85,2,No,None,No,2,Low
C000891,P2030,Solid Waste Management,Garbage Dump,Domlur,2025-11-11,Resolved,61,5,Yes,Low,No,8,Low
C000892,P1699,Others,Miscellaneous Complaint,Banaswadi,2025-11-11,Closed,25,,No,Low,No,2,Low
C000893,P2559,Water Supply,Water Leakage,Mathikere,2025-11-11,In Progress,923,71,No,None,Yes,2,Medium
C000894,P2724,Water Supply,No Water Supply,Indiranagar,2025-11-11,Closed,1200,56,Yes,High,No,6,Critical
C000895,P2832,Street Infrastructure,Damaged Signboard,Rajarajeshwari Nagar,2025-11-11,Closed,240,49,No,Low,No,2,Low
C000896,P2018,Sewerage,Sewage Overflow,Padmanabhanagar,2025-11-11,Closed,1300,256,Yes,Low,Yes,4,High
C000897,P0511,Public Sanitation,Unclean Public Area,Kadugodi,2025-11-11,Closed,15,,No,None,Yes,1,Low
C000898,P0196,Electrical,Multiple Street Lights Not Working,Koramangala,2025-11-12,Resolved,130,40,No,Medium,No,4,High
C000899,P2008,Health,Stray Dog Menace,Chamrajpet,2025-11-12,Closed,860,319,No,Medium,Yes,12,High
C000900,P1004,Electrical,Multiple Street Lights Not Working,Sarakki,2025-11-12,Closed,640,102,No,High,Yes,6,Critical
C000901,P2924,Road Infrastructure,Road Cutting Not Restored,Chamrajpet,2025-11-12,Closed,120,8,No,Low,No,16,Medium
C000902,P2182,Road Infrastructure,Missing Manhole Cover,Shivajinagar,2025-11-12,Closed,50,2,No,Medium,No,1,Low
C000903,P2463,Solid Waste Management,Garbage Dump,Kadugodi,2025-11-12,Closed,130,24,No,None,No,12,Low
C000904,P2152,Sewerage,Sewer Line Blockage,Rajajinagar,2025-11-12,Closed,25,6,No,Medium,Yes,8,Medium
C000905,P0467,Road Infrastructure,Road Cutting Not Restored,Chamrajpet,2025-11-12,Closed,137,15,No,Low,No,24,Medium
C000906,P0389,Sewerage,Sewage Overflow,Padmanabhanagar,2025-11-12,Resolved,2950,,Yes,Low,No,4,High
C000907,P0163,Solid Waste Management,Garbage Vehicle Not Arrived,Peenya,2025-11-12,Resolved,120,8,No,Low,No,1,Medium
C000908,P0785,Sewerage,Sewer Line Blockage,Rajajinagar,2025-11-12,Closed,25,6,No,Medium,Yes,8,Medium
C000909,P1532,Public Sanitation,Public Toilet Not Maintained,Mathikere,2025-11-12,Closed,30,3,Yes,Medium,,6,Low
C000910,P0322,Electrical,Multiple Street Lights Not Working,Sarakki,2025-11-12,Resolved,1000,169,No,High,Yes,8,Critical
C000911,P2629,Sewerage,Manhole Overflow,Kadugodi,2025-11-12,Resolved,70,11,Yes,Medium,No,4,High
C000912,P2397,Electrical,Multiple Street Lights Not Working,Sarakki,2025-11-12,Closed,1500,241,No,Medium,Yes,6,Critical
C000913,P1256,Electrical,Street Light Not Working,Sarakki,2025-11-12,Closed,60,27,No,Low,Yes,8,High
C000914,P2703,Road Infrastructure,Road Encroachment,Malleshwaram,2025-11-12,Closed,749,131,No,None,No,12,Low
C000915,P0573,Health,Stray Dog Menace,Dasarahalli,2025-11-12,Closed,70,24,No,Medium,No,3,Medium
C000916,P2924,Road Maintenance,Pothole,Chamrajpet,2025-11-12,Closed,100,2,No,High,No,8,High
C000917,P2197,Others,Miscellaneous Complaint,Vijayanagar,2025-11-13,Closed,65,,No,None,No,4,Low
C000918,P0369,Sewerage,Manhole Overflow,Shantinagar,2025-11-13,Closed,,12,Yes,Medium,Yes,12,Medium
C000919,P2339,Sewerage,Sewage Overflow,Padmanabhanagar,2025-11-13,Resolved,1100,212,Yes,Low,No,6,High
C000920,P2117,Electrical,Multiple Street Lights Not Working,Sarakki,2025-11-13,Resolved,1000,122,Yes,High,Yes,6,Critical
C000921,P0383,Electrical,Multiple Street Lights Not Working,Hosahalli,2025-11-13,Closed,161,45,No,Low,No,24,Medium
C000922,P0139,Road Maintenance,Pothole,Chamrajpet,2025-11-13,Resolved,120,2,No,High,No,8,High
C000923,P2252,Others,Miscellaneous Complaint,Vijayanagar,2025-11-13,Resolved,45,3,No,None,No,4,Low
C000924,P1505,Solid Waste Management,Garbage Not Collected,Rajajinagar,2025-11-13,Closed,80,5,No,,Yes,8,Critical
C000925,P1312,Solid Waste Management,Garbage Not Collected,Rajajinagar,2025-11-13,Closed,90,7,No,High,No,8,Critical
C000926,P1234,Electrical,Multiple Street Lights Not Working,Hosahalli,2025-11-13,Closed,161,82,No,Medium,No,24,Medium
C000927,P2602,Electrical,Multiple Street Lights Not Working,Sarakki,2025-11-13,Closed,780,117,No,High,Yes,6,Critical
C000928,P2701,Road Maintenance,Road Surface Damage,Nagarbhavi,2025-11-13,Resolved,270,5,No,Medium,No,,Low
C000929,P1122,Drainage,Open Drain,Anjanapura,2025-11-13,Closed,270,22,No,None,No,,Low
C000930,P1197,Electrical,Multiple Street Lights Not Working,Sarakki,2025-11-13,Closed,980,181,No,High,No,4,Critical
C000931,P1236,Road Maintenance,Road Maintenance Required,Mathikere,2025-11-13,Resolved,20,2,No,Medium,Yes,3,Medium
C000932,P0910,Electrical,Street Light Not Working,Sarakki,2025-11-13,Resolved,,35,No,Low,Yes,6,High
C000933,P2245,Public Sanitation,Unclean Public Area,Hebbal,2025-11-13,Resolved,73,0,No,Low,No,8,Low
C000934,P1758,Public Sanitation,Public Toilet Not Maintained,Dasarahalli,2025-11-13,Closed,290,59,Yes,Medium,No,3,Medium
C000935,P0258,Health,Stray Dog Menace,Dasarahalli,2025-11-14,Closed,240,17,Yes,Low,Yes,3,High
C000936,P1638,Electrical,Multiple Street Lights Not Working,Hosahalli,2025-11-14,Closed,161,35,No,High,No,24,Medium
C000937,P0712,Water Supply,Water Leakage,Vasanthnagar,2025-11-14,Closed,50,2,No,Low,No,3,Low
C000938,P0738,Solid Waste Management,Garbage Not Collected,Bellandur,2025-11-14,Closed,75,0,No,Low,No,2,Low
C000939,P0369,Solid Waste Management,Sweeping Not Done,Shantinagar,2025-11-14,Closed,260,76,No,Low,Yes,3,Medium
C000940,P2328,Electrical,Multiple Street Lights Not Working,Hosahalli,2025-11-14,Closed,110,43,No,Medium,No,24,Medium
C000941,P0785,Solid Waste Management,Garbage Not Collected,Rajajinagar,2025-11-14,Resolved,90,6,No,High,Yes,6,Critical
C000942,P0899,Solid Waste Management,Sweeping Not Done,Shantinagar,2025-11-14,Closed,450,95,No,Low,Yes,2,Medium
C000943,P0481,Water Supply,Water Leakage,Vasanthnagar,2025-11-14,Resolved,50,1,No,None,No,4,Low
C000944,P0908,Road Maintenance,Footpath Damage,Mathikere,2025-11-14,Closed,20,1,No,High,No,24,Medium
C000945,P2492,Electrical,Multiple Street Lights Not Working,Hosahalli,2025-11-14,Resolved,180,80,No,Medium,No,24,Medium
C000946,P0833,Road Maintenance,Footpath Damage,Hosahalli,2025-11-14,In Progress,4,0,No,None,,4,Low
C000947,P1283,Road Maintenance,Road Surface Damage,Nagarbhavi,2025-11-14,Closed,290,5,No,Medium,No,36,Low
C000948,P1615,Electrical,Multiple Street Lights Not Working,Sarakki,2025-11-14,Resolved,730,164,No,High,Yes,6,Critical
C000949,P2661,Solid Waste Management,Garbage Not Collected,Bellandur,2025-11-14,Resolved,100,0,No,Low,No,2,Low
C000950,P2330,Solid Waste Management,Garbage Dumping in Vacant Site,Kengeri,2025-11-14,Closed,460,38,No,Low,Yes,12,Low
C000951,P1024,Others,Miscellaneous Complaint,Kodigehalli,2025-11-15,Closed,50,8,No,High,No,8,Low
C000952,P1377,Solid Waste Management,Garbage Not Collected,Koramangala,2025-11-15,Closed,780,56,No,Low,No,,Medium
C000953,P0164,Electrical,Street Light Not Working,Whitefield,2025-11-15,Closed,85,26,No,None,No,2,Low
C000954,P2661,Solid Waste Management,Garbage Not Collected,Bellandur,2025-11-15,Resolved,100,0,No,Low,No,2,Low
C000955,P2259,Solid Waste Management,Garbage Dump,Chamrajpet,2025-11-15,Resolved,29,1,Yes,None,No,4,Medium
C000956,P1220,Public Sanitation,Garbage Dump,Hoodi,2025-11-15,Resolved,90,2,No,Medium,Yes,2,Medium
C000957,P2474,Solid Waste Management,Garbage Dump,Chamrajpet,2025-11-15,Closed,24,1,Yes,Low,Yes,6,Medium
C000958,P0380,Solid Waste Management,Sweeping Not Done,Shantinagar,2025-11-15,Closed,300,55,No,Low,Yes,2,Medium
C000959,P1251,Solid Waste Management,Garbage Not Collected,Padmanabhanagar,2025-11-15,Closed,350,49,Yes,None,No,1,Low
C000960,P2811,Water Supply,No Water Supply,Padmanabhanagar,2025-11-15,Closed,1100,147,Yes,Low,Yes,8,Critical
C000961,P1505,Sewerage,Sewer Line Blockage,Rajajinagar,2025-11-15,Closed,25,4,No,Medium,Yes,12,Medium
C000962,P0443,Water Supply,No Water Supply,Padmanabhanagar,2025-11-15,Resolved,1100,245,Yes,Low,Yes,12,Critical
C000963,P2960,Solid Waste Management,Garbage Not Collected,Malleshwaram,2025-11-15,Closed,100,13,No,Low,Yes,2,Medium
C000964,P1638,Road Maintenance,Footpath Damage,Hosahalli,2025-11-15,Closed,5,0,No,Low,No,4,Low
C000965,P0714,Solid Waste Management,Garbage Not Collected,Padmanabhanagar,2025-11-15,Closed,290,65,Yes,None,No,1,Low
C000966,P0137,Solid Waste Management,Garbage Not Collected,Koramangala,2025-11-15,Resolved,,26,No,Low,No,4,Medium
C000967,P1552,Solid Waste Management,Garbage Dump,Hoodi,2025-11-15,Closed,120,3,No,Medium,No,3,Low
C000968,P2549,Solid Waste Management,Garbage Dump,Chamrajpet,2025-11-15,Resolved,10,0,Yes,None,No,4,Medium
C000969,P0832,Solid Waste Management,Sweeping Not Done,Shantinagar,2025-11-15,Closed,330,43,No,Low,Yes,1,Low
C000970,P1899,Solid Waste Management,Garbage Dump,Yelahanka,2025-11-15,Resolved,25,1,No,High,No,3,High
C000971,P1518,Solid Waste Management,Garbage Not Collected,Padmanabhanagar,2025-11-15,Resolved,293,53,Yes,None,No,1,Low
C000972,P2013,Health,Stray Dog Menace,Dasarahalli,2025-11-15,Resolved,240,18,Yes,Low,Yes,2,High
C000973,P2217,Electrical,Multiple Street Lights Not Working,Hosahalli,2025-11-15,Resolved,161,81,No,Medium,No,24,Medium
C000974,P2358,Water Supply,No Water Supply,Padmanabhanagar,2025-11-15,Closed,1100,170,Yes,None,Yes,8,Critical
C000975,P2709,Health,Public Health Sanitation Issue ,Mahadevapura,2025-11-16,Resolved,20,8,No,None,No,4,Medium
C000976,P1903,Electrical,Multiple Street Lights Not Working,Gandhinagar,2025-11-16,Resolved,172,12,No,High,Yes,12,High
C000977,P1898,Water Supply,No Water Supply,Padmanabhanagar,2025-11-16,Resolved,1100,167,Yes,Low,Yes,8,Critical
C000978,P1619,Solid Waste Management,Garbage Not Collected,Rajajinagar,2025-11-16,Closed,90,6,No,High,Yes,8,Critical
C000979,P0745,Public Sanitation,Unclean Public Area,Hebbal,2025-11-16,Closed,,1,No,Low,No,8,Low
C000980,P0443,Water Supply,No Water Supply,Padmanabhanagar,2025-11-16,Resolved,1100,245,Yes,Low,Yes,12,Critical
C000981,P1642,Solid Waste Management,Garbage Not Collected,Bellandur,2025-11-16,Closed,100,0,No,Low,No,2,Low
C000982,P1980,Electrical,Multiple Street Lights Not Working,Gandhinagar,2025-11-16,Closed,172,16,No,High,Yes,12,Critical
C000983,P0335,Electrical,Multiple Street Lights Not Working,Gandhinagar,2025-11-16,Closed,172,13,No,Critical,Yes,12,Critical
C000984,P2344,Health,Public Health Sanitation Issue,Mahadevapura,2025-11-16,Resolved,25,8,No,None,No,4,Medium
C000985,P2595,Health,Public Health Sanitation Issue,Mahadevapura,2025-11-16,Closed,25,12,No,None,No,4,Medium
C000986,P1212,Solid Waste Management,Garbage Dumping in Vacant Site,Kengeri,2025-11-16,Resolved,370,43,No,Low,Yes,12,Medium
C000987,P0264,Water Supply,Water Leakage,Vasanthnagar,2025-11-16,Closed,50,1,No,None,No,6,Low
C000988,P0785,Public Sanitation,Garbage Burning,Rajajinagar,2025-11-16,Closed,70,3,No,None,No,2,Low
C000989,P0143,Others,Miscellaneous Complaint,Sarakki,2025-11-16,Closed,8,0,No,None,No,4,Low
C000990,P2452,Water Supply,No Water Supply,Padmanabhanagar,2025-11-16,Closed,1100,226,Yes,Low,Yes,8,Critical
C000991,P1428,Water Supply,No Water Supply,Padmanabhanagar,2025-11-16,Resolved,1100,230,Yes,None,Yes,12,Critical
C000992,P1878,Road Maintenance,Footpath Damage,Hosahalli,2025-11-16,Closed,4,0,No,Low,No,4,Low
C000993,P0119,Road Maintenance,Road Maintenance Required,Vijayanagar,2025-11-16,Closed,65,2,No,Medium,No,8,Medium
C000994,P1736,Solid Waste Management,Garbage Dump,JP Nagar,2025-11-17,Closed,35,1,Yes,Medium,Yes,4,Medium
C000995,P0069,Solid Waste Management,Garbage Not Collected,Domlur,2025-11-17,Resolved,327,35,No,Medium,No,2,Medium
C000996,P1804,Revenue Department,Property Tax Query,Jayanagar,2025-11-17,In Progress,4,0,No,None,No,0.5,Low
C000997,P1949,Solid Waste Management,Garbage Dump,JP Nagar,2025-11-17,Resolved,95,3,No,None,Yes,4,Medium
C000998,P2291,Public Sanitation,Garbage Dump,JP Nagar,2025-11-17,Resolved,60,2,Yes,None,Yes,4,Medium
C000999,P2593,Electrical,Electric Pole Damaged,Shantinagar,2025-11-17,Resolved,25,5,No,Low,No,8,Low
C001000,P2979,Public Sanitation,Unclean Public Area,Varthur,2025-11-17,Resolved,91,7,No,Low,No,8,Low
C001001,P1020,Solid Waste Management,Garbage Dump,Chamrajpet,2025-11-17,Closed,20,0,Yes,None,No,4,Medium
C001002,P0827,Others,Stray Cattle on Road,Kammanahalli,2025-11-17,Closed,43,5,No,High,Yes,1,Medium
C001003,P2955,Revenue Department,Property Tax Query,Chamrajpet,2025-11-17,Resolved,15,2,No,None,No,0.5,Low
C001004,P1576,Solid Waste Management,Garbage Vehicle Not Arrived,Gandhinagar,2025-11-17,Closed,65,12,No,,No,1,Low
C001005,P2559,Health,Increase in Mosquito Density,Mathikere,2025-11-17,Closed,60,6,Yes,Low,Yes,6,Low
C001006,P1909,Solid Waste Management,Garbage Not Collected,Padmanabhanagar,2025-11-17,Resolved,252,50,Yes,None,No,1,Low
C001007,P0985,Solid Waste Management,Garbage Not Collected,Koramangala,2025-11-17,Closed,490,28,No,Low,No,4,Medium
C001008,P2966,Health,Public Health Sanitation Issue,Domlur,2025-11-17,Closed,1400,142,No,None,Yes,2,Low
C001009,P0024,Solid Waste Management,Garbage Dump,JP Nagar,2025-11-17,Resolved,35,1,Yes,High,Yes,4,Medium
C001010,P2052,Electrical,Multiple Street Lights Not Working,Gandhinagar,2025-11-17,Closed,172,,No,High,Yes,12,Critical
C001011,P1005,Solid Waste Management,Garbage Vehicle Not Arrived,Mathikere,2025-11-17,Closed,100,3,No,Medium,Yes,2,Medium
C001012,P0521,Solid Waste Management,Garbage Vehicle Not Arrived,Kadugodi,2025-11-17,Closed,75,2,No,Medium,Yes,6,Low
C001013,P1323,Public Sanitation,Unclean Public Area,Varthur,2025-11-17,Closed,80,7,No,Low,No,8,Low
C001014,P1992,Solid Waste Management,Garbage Vehicle Not Arrived,Anjanapura,2025-11-17,Closed,57,3,No,Medium,No,4,Medium
C001015,P2186,Electrical,Multiple Street Lights Not Working,Gandhinagar,2025-11-17,Closed,138,8,No,High,Yes,12,Critical
C001016,P0511,Solid Waste Management,Garbage Vehicle Not Arrived,Kadugodi,2025-11-17,Closed,75,3,No,Low,Yes,6,Low
C001017,P1054,Solid Waste Management,Garbage Not Collected,Padmanabhanagar,2025-11-17,Closed,293,42,Yes,None,No,2,Low
C001018,P0232,Road Maintenance,Footpath Damage,Whitefield,2025-11-18,Resolved,100,11,No,Critical,No,12,High
C001019,P1863,Road Maintenance,Pothole,BTM Layout,2025-11-18,Resolved,320,40,No,Medium,Yes,8,Medium
C001020,P0251,Road Maintenance,Pothole,BTM Layout,2025-11-18,Resolved,320,68,No,Medium,Yes,8,Medium
C001021,P0125,Electrical,Damaged Street Light,Banaswadi,2025-11-18,Closed,40,1,No,Medium,No,1,Low
C001022,P0293,Road Maintenance,Pothole,Dasarahalli,2025-11-18,Closed,1300,14,No,None,Yes,8,Low
C001023,P1160,Solid Waste Management,Garbage Vehicle Not Arrived,Anjanapura,2025-11-18,Resolved,75,7,No,Low,No,4,Low
C001024,P2017,Drainage,Drain Blockage,Rajarajeshwari Nagar,2025-11-18,Closed,40,1,No,None,Yes,12,Low
C001025,P2030,Solid Waste Management,Garbage Not Collected,Domlur,2025-11-18,Closed,327,35,No,Medium,No,1,Medium
C001026,P2957,Drainage,Drain Blockage,Rajarajeshwari Nagar,2025-11-18,Closed,55,1,No,None,Yes,12,Low
C001027,P1903,Electrical,Multiple Street Lights Not Working,Gandhinagar,2025-11-18,In Progress,,7,No,High,Yes,12,Critical
C001028,P2209,Water Supply,Low Water Pressure,Hosahalli,2025-11-18,Closed,370,21,No,Low,No,3,Medium
C001029,P2749,Sewerage,Sewage Overflow,Kodigehalli,2025-11-18,Resolved,490,50,Yes,None,No,2,Medium
C001030,P0394,Drainage,Drain Blockage,Rajarajeshwari Nagar,2025-11-18,Resolved,60,0,No,None,Yes,16,Medium
C001031,P1903,Solid Waste Management,Garbage Vehicle Not Arrived,Gandhinagar,2025-11-18,Resolved,60,16,No,None,No,2,Low
C001032,P2089,Sewerage,Sewage Overflow,Kodigehalli,2025-11-18,Resolved,390,35,Yes,None,No,2,Medium
C001033,P2226,Electrical,Street Light Not Working,Basavanagudi,2025-11-18,Closed,38,4,No,None,Yes,2,Medium
C001034,P1186,Drainage,Drain Blockage,Rajarajeshwari Nagar,2025-11-18,Resolved,45,0,No,None,,12,Low
C001035,P2209,Solid Waste Management,Garbage Dump,Hosahalli,2025-11-18,Closed,25,4,Yes,Low,No,2,Medium
C001036,P1458,Electrical,Multiple Street Lights Not Working,Chickpet,2025-11-18,Resolved,830,32,No,Medium,Yes,8,High
C001037,P2664,Electrical,Multiple Street Lights Not Working,Chickpet,2025-11-18,Closed,830,29,No,Medium,,12,High
C001038,P2369,Sewerage,Sewage Overflow,Kodigehalli,2025-11-18,Resolved,390,36,Yes,None,No,2,Medium
C001039,P0663,Electrical,Multiple Street Lights Not Working,Chickpet,2025-11-18,Closed,830,36,No,Medium,Yes,8,High
C001040,P2996,Public Sanitation,Unclean Public Area,Varthur,2025-11-18,Closed,80,7,No,Low,No,8,Medium
C001041,P2754,Water Supply,Low Water Pressure,Vasanthnagar,2025-11-18,Closed,180,8,Yes,Low,,8,Medium
C001042,P2046,Revenue Department,Khata Related Issue,Bellandur,2025-11-18,In Progress,4,1,No,None,No,0.5,Low
C001043,P1959,Solid Waste Management,Garbage Vehicle Not Arrived,Anjanapura,2025-11-18,Resolved,75,5,,Low,No,4,Low
C001044,P1212,Others,Miscellaneous Complaint,Kengeri,2025-11-18,Closed,46,3,No,Low,Yes,2,Low
C001045,P1883,Solid Waste Management,Sweeping Not Done,Peenya,2025-11-18,Closed,120,8,No,Low,No,1,Low
C001046,P1883,Solid Waste Management,Sweeping Not Done,Peenya,2025-11-18,Closed,120,8,No,Low,No,1,Low
C001047,P2801,Water Supply,Low Water Pressure,Hosahalli,2025-11-19,Resolved,330,17,No,Low,No,2,Medium
C001048,P1289,Water Supply,Low Water Pressure,Hosahalli,2025-11-19,Resolved,361,14,No,Low,No,3,Medium
C001049,P1979,Sewerage,Sewage Overflow,Kodigehalli,2025-11-19,Closed,440,74,Yes,None,No,3,Medium
C001050,P1480,Electrical,Multiple Street Lights Not Working,Kodigehalli,2025-11-19,Closed,250,26,No,Medium,No,4,Medium
C001051,P0091,Solid Waste Management,Garbage Not Collected,Nagarbhavi,2025-11-19,Closed,137,8,Yes,None,Yes,1,Low
C001052,P0091,Solid Waste Management,Garbage Not Collected,Nagarbhavi,2025-11-19,Closed,137,8,Yes,None,Yes,1,Low
C001053,P2664,Electrical,Multiple Street Lights Not Working,Chickpet,2025-11-19,Closed,830,29,No,Medium,Yes,12,High
C001054,P2695,Drainage,Drain Blockage,Rajarajeshwari Nagar,2025-11-19,Resolved,55,1,No,None,Yes,12,Low
C001055,P0934,Electrical,Damaged Street Light,Banaswadi,2025-11-19,Closed,100,2,No,Medium,No,2,Low
C001056,P0893,Electrical,Multiple Street Lights Not Working,Kodigehalli,2025-11-19,Closed,250,20,No,Medium,No,4,Low
C001057,P1717,Solid Waste Management,Garbage Dump,JP Nagar,2025-11-19,Closed,95,3,Yes,None,Yes,6,Medium
C001058,P0169,Others,Miscellaneous Complaint,Hebbal,2025-11-19,Closed,3,0,No,None,No,2,Low
C001059,P2602,Electrical,Street Light Not Working,Sarakki,2025-11-19,Closed,60,2,No,Medium,No,1,Low
C001060,P1314,Public Sanitation,Unclean Public Area,Varthur,2025-11-19,Closed,80,4,No,Low,No,8,Low
C001061,P2908,Drainage,Open Drain,Gandhinagar,2025-11-19,Resolved,45,1,No,None,No,12,Low
C001062,P1964,Road Infrastructure,Road Encroachment,Mathikere,2025-11-19,Resolved,200,17,No,Medium,Yes,4,Low
C001063,P1425,Electrical,Street Light Not Working,Basavanagudi,2025-11-19,Closed,38,,No,Low,Yes,2,Medium
C001064,P0051,Street Infrastructure,Damaged Footpath Railing,Shantinagar,2025-11-19,Closed,25,5,No,Low,No,16,Medium
C001065,P0864,Water Supply,Low Water Pressure,Electronic City,2025-11-19,Closed,120,6,Yes,,No,,Low
C001066,P1478,Drainage,Drain Blockage,Rajarajeshwari Nagar,2025-11-19,Closed,55,0,No,None,Yes,12,Low
C001067,P2156,Electrical,Damaged Street Light,Kadugodi,2025-11-19,In Progress,36,1,No,High,Yes,4,Medium
C001068,P2744,Solid Waste Management,Garbage Dump,JP Nagar,2025-11-19,Closed,35,1,Yes,High,Yes,3,Medium
C001069,P0388,Solid Waste Management,Garbage Dump,Bommanahalli,2025-11-19,Resolved,60,1,Yes,None,No,4,Low
C001070,P2759,Solid Waste Management,Garbage Vehicle Not Arrived,Mathikere,2025-11-19,Resolved,160,6,No,Low,Yes,2,Medium
C001071,P1054,Public Sanitation,Garbage Burning,KR Puram,2025-11-19,Closed,880,42,No,Medium,,1,Low
C001072,P1860,Water Supply,No Water Supply,Jayanagar,2025-11-19,Resolved,4523,320,Yes,Low,No,2,High
C001073,P2540,Drainage,Drain Blockage,Rajarajeshwari Nagar,2025-11-19,Closed,55,1,No,None,Yes,12,Low
C001074,P0051,Solid Waste Management,Garbage Dumping in Vacant Site,Shantinagar,2025-11-19,Resolved,85,0,Yes,None,No,,Low
C001075,P0996,Others,Miscellaneous Complaint,Chamrajpet,2025-11-19,Assigned,110,31,No,Medium,No,8,Low
C001076,P1103,Public Sanitation,Unclean Public Area,Chickpet,2025-11-19,Resolved,80,4,No,Low,No,2,Low
C001077,P0659,Solid Waste Management,Sweeping Not Done,Peenya,2025-11-20,Closed,120,10,No,Low,No,1,Low
C001078,P2981,Sewerage,Manhole Overflow,Hebbal,2025-11-20,Closed,210,7,No,Medium,No,4,High
C001079,P2380,Water Supply,Low Water Pressure,Vasanthnagar,2025-11-20,Closed,180,8,Yes,Low,No,8,Medium
C001080,P1256,Electrical,Street Light Not Working,Sarakki,2025-11-20,Closed,65,,No,Low,No,1,Low
C001081,P1225,Electrical,Electric Pole Damaged,Malleshwaram,2025-11-20,Resolved,300,90,No,Critical,Yes,2,Critical
C001082,P1541,Drainage,Drain Blockage,Rajarajeshwari Nagar,2025-11-20,Closed,65,1,No,None,Yes,12,Low
C001083,P0680,Street Infrastructure,Damaged Footpath Railing,Shantinagar,2025-11-20,Closed,25,4,No,Low,No,16,Medium
C001084,P1584,Road Maintenance,Footpath Damage,Koramangala,2025-11-20,Closed,110,2,No,Medium,Yes,8,Medium
C001085,P2683,Street Infrastructure,Damaged Signboard,Shivajinagar,2025-11-20,Resolved,440,13,No,Medium,No,3,Medium
C001086,P0034,Water Supply,Water Leakage,Shivajinagar,2025-11-20,Closed,150,7,No,Medium,No,8,Low
C001087,P1581,Electrical,Multiple Street Lights Not Working,Chickpet,2025-11-20,Closed,830,23,No,Medium,Yes,8,High
C001088,P1256,Solid Waste Management,Garbage Dump,Sarakki,2025-11-20,Resolved,230,20,No,Low,No,12,Low
C001089,P2405,Drainage,Drain Blockage,Rajarajeshwari Nagar,2025-11-20,Resolved,65,1,No,None,No,12,Low
C001090,P2180,Water Supply,Water Leakage,Shivajinagar,2025-11-20,Closed,150,5,No,Medium,No,8,Medium
C001091,P1845,Public Sanitation,Unclean Public Area,Chickpet,2025-11-20,Resolved,70,4,Yes,Low,No,2,Low
C001092,P1950,Solid Waste Management,Garbage Not Collected,Kodigehalli,2025-11-20,Closed,55,0,No,None,Yes,4,Low
C001093,P0382,Public Sanitation,Unclean Public Area,Varthur,2025-11-20,Resolved,50,4,No,Low,No,6,Low
C001094,P0362,Drainage,Drain Blockage,Rajarajeshwari Nagar,2025-11-20,Closed,55,1,No,None,Yes,12,Low
C001095,P2310,Drainage,Drain Blockage,Rajarajeshwari Nagar,2025-11-20,Closed,60,1,No,None,Yes,8,Low
C001096,P0587,Electrical,Multiple Street Lights Not Working,Kodigehalli,2025-11-20,Closed,,30,No,Medium,No,4,Medium
C001097,P2811,Drainage,Drain Blockage,Rajarajeshwari Nagar,2025-11-20,Resolved,55,1,No,Low,Yes,12,Low
C001098,P0883,Road Infrastructure,Missing Manhole Cover,Mahadevapura,2025-11-20,Closed,20,1,No,High,Yes,4,Critical
C001099,P2576,Drainage,Drain Blockage,Rajarajeshwari Nagar,2025-11-20,Resolved,55,0,No,None,Yes,8,Low
C001100,P0349,Road Maintenance,Road Surface Damage,Electronic City,2025-11-20,Closed,330,1,No,Medium,No,8,Low
C001101,P1393,Road Maintenance,Road Maintenance Required,HSR Layout,2025-11-20,Closed,53,6,No,Medium,Yes,16,Low
C001102,P0155,Public Sanitation,Garbage Burning,Bellandur,2025-11-20,Closed,20,2,No,Medium,Yes,2,Low
C001103,P0349,Street Infrastructure,Bus Shelter Damaged,Electronic City,2025-11-20,Resolved,100,26,No,Medium,No,4,Medium
C001104,P0060,Solid Waste Management,Sweeping Not Done,Peenya,2025-11-20,Closed,170,12,No,None,No,1,Low
C001105,P2704,Electrical,Street Light Not Working,Hoodi,2025-11-20,Closed,100,9,No,Critical,No,2,High
C001106,P0744,Drainage,Drain Blockage,Rajarajeshwari Nagar,2025-11-20,Resolved,55,0,No,None,Yes,12,Low
C001107,P0424,Road Infrastructure,Road Cutting Not Restored,Sarakki,2025-11-20,Closed,62,9,No,Critical,No,24,Critical
C001108,P0621,Drainage,Drain Blockage,Rajarajeshwari Nagar,2025-11-20,Resolved,45,0,No,None,Yes,12,Low
C001109,P1810,Public Sanitation,Garbage Burning,Bellandur,2025-11-20,Closed,20,3,No,Medium,No,2,Medium
C001110,P0518,Water Supply,Pipeline Leakage,Malleshwaram,2025-11-20,Closed,290,3,Yes,High,No,8,High
C001111,P2045,Revenue Department,Property Tax Query,Begur,2025-11-21,Assigned,1,0,No,None,No,1,Low
C001112,P2949,Drainage,Drain Blockage,Mathikere,2025-11-21,Closed,200,7,No,Medium,Yes,3,High
C001113,P1876,Public Sanitation,Garbage Burning,Jalahalli,2025-11-21,Closed,45,12,No,Critical,Yes,1,Critical
C001114,P2089,Electrical,Multiple Street Lights Not Working,Kodigehalli,2025-11-21,Resolved,460,46,No,Medium,No,6,Medium
C001115,P2089,Electrical,Multiple Street Lights Not Working,Kodigehalli,2025-11-21,Closed,460,46,No,High,No,6,Medium
C001116,P1039,Electrical,Street Light Not Working,Arekere,2025-11-21,Resolved,134,6,No,Low,No,1,Medium
C001117,P2772,Solid Waste Management,Garbage Not Collected,Kodigehalli,2025-11-21,Closed,55,1,No,None,No,4,Low
C001118,P2972,Road Maintenance,Road Surface Damage,Kengeri,2025-11-21,Closed,170,23,No,Medium,Yes,12,High
C001119,P0264,Road Maintenance,Footpath Damage,Mahadevapura,2025-11-21,Resolved,25,3,No,Medium,No,8,Medium
C001120,P1283,Solid Waste Management,Garbage Not Collected,Nagarbhavi,2025-11-21,Resolved,157,13,No,Low,Yes,2,Medium
C001121,P0316,Road Maintenance,Road Surface Damage,Kengeri,2025-11-21,Closed,174,35,No,High,Yes,12,High
C001122,P0604,Drainage,Open Drain,Gandhinagar,2025-11-21,Closed,45,2,No,Low,No,16,Low
C001123,P0546,Others,Miscellaneous Complaint,Hebbal,2025-11-21,Resolved,3,0,No,None,No,2,Low
C001124,P1986,Water Supply,Pipeline Leakage,Hosahalli,2025-11-21,Closed,61,1,Yes,None,Yes,8,Low
C001125,P2053,Drainage,Drain Blockage,Mathikere,2025-11-21,Closed,200,6,No,Low,Yes,4,High
C001126,P1884,Electrical,Street Light Not Working,Arekere,2025-11-21,Resolved,170,16,No,Medium,No,2,Medium
C001127,P1764,Solid Waste Management,Garbage Dump,Dasarahalli,2025-11-21,Closed,45,3,No,Medium,Yes,12,Low
C001128,P2217,Drainage,Drain Overflow,Hosahalli,2025-11-21,Resolved,30,6,Yes,High,No,12,High
C001129,P1155,Revenue Department,Trade Licence Issue,Sadashivanagar,2025-11-21,Closed,2,0,No,None,No,0.5,Low
C001130,P2559,Drainage,Drain Blockage,Mathikere,2025-11-21,Resolved,200,7,No,Medium,Yes,6,High
C001131,P0703,Road Maintenance,Road Surface Damage,Kengeri,2025-11-21,Closed,166,19,No,High,Yes,12,High
C001132,P0703,Road Maintenance,Road Surface Damage,Kengeri,2025-11-21,Closed,166,19,No,High,Yes,12,High
C001133,P2584,Water Supply,Pipeline Leakage,Hosahalli,2025-11-21,Resolved,61,1,Yes,None,Yes,8,Low
C001134,P0555,Electrical,Street Light Not Working,Hoodi,2025-11-21,Closed,100,5,No,High,No,3,High
C001135,P2040,Drainage,Drain Overflow,Basavanagudi,2025-11-21,Resolved,40,6,No,None,Yes,12,Low
C001136,P1979,Road Maintenance,Pothole,Kodigehalli,2025-11-21,Closed,310,29,No,Medium,Yes,3,Medium
C001137,P2124,Drainage,Drain Blockage,Bellandur,2025-11-21,Resolved,120,8,Yes,Critical,No,8,Critical
C001138,P2745,Water Supply,No Water Supply,Nagarbhavi,2025-11-21,Resolved,600,141,Yes,High,No,8,Critical
C001139,P0659,Solid Waste Management,Sweeping Not Done,Peenya,2025-11-21,Closed,120,10,No,Low,No,1,Low
C001140,P0414,Drainage,Open Drain,Kammanahalli,2025-11-21,Resolved,6,2,No,Critical,No,8,High
C001141,P0414,Drainage,Open Drain,Kammanahalli,2025-11-21,Resolved,6,2,No,Critical,No,8,High
C001142,P0347,Road Infrastructure,Road Cutting Not Restored,Sarakki,2025-11-22,Resolved,45,5,No,Critical,Yes,24,Critical
C001143,P2781,Drainage,Drain Blockage,Peenya,2025-11-22,Resolved,135,,No,Medium,No,8,Medium
C001144,P0137,Road Maintenance,Footpath Damage,Koramangala,2025-11-22,Closed,110,2,No,Medium,Yes,8,Medium
C001145,P0383,Drainage,Damaged Drain,Hosahalli,2025-11-22,Closed,35,1,Yes,Low,Yes,48,Medium
C001146,P2238,Water Supply,Pipeline Leakage,Malleshwaram,2025-11-22,Closed,171,1,Yes,High,No,,Medium
C001147,P0703,Electrical,Exposed Electrical Wires,Kengeri,2025-11-22,Resolved,45,2,No,High,No,2,Medium
C001148,P0383,Water Supply,Pipeline Leakage,Hosahalli,2025-11-22,Resolved,65,1,Yes,None,Yes,8,Medium
C001149,P1488,Solid Waste Management,Garbage Not Collected,Nagarbhavi,2025-11-22,Closed,150,9,No,Low,Yes,1,High
C001150,P2394,Road Infrastructure,Road Cutting Not Restored,Sarakki,2025-11-22,Closed,45,10,No,Critical,Yes,24,Critical
C001151,P0741,Drainage,Open Drain,Kammanahalli,2025-11-22,Closed,6,1,No,Critical,No,,High
C001152,P0943,Solid Waste Management,Garbage Not Collected,Kodigehalli,2025-11-22,Resolved,55,1,No,None,No,4,Low
C001153,P0027,Road Maintenance,Road Surface Damage,Kengeri,2025-11-22,Closed,174,35,No,Critical,,12,High
C001154,P2482,Water Supply,No Water Supply,Anjanapura,2025-11-23,Closed,220,69,Yes,Medium,No,12,High
C001155,P1820,Solid Waste Management,Garbage Dumping in Vacant Site,Hennur,2025-11-23,Closed,40,3,Yes,None,No,2,Medium
C001156,P1070,Drainage,Drain Overflow,Dasarahalli,2025-11-23,Closed,180,2,No,Low,Yes,6,Low
C001157,P2015,Solid Waste Management,Garbage Not Collected,Sarakki,2025-11-23,Closed,35,7,No,High,Yes,4,High
C001158,P2503,Road Maintenance,Road Surface Damage,Kadugodi,2025-11-23,Resolved,1700,574,No,Medium,Yes,4,Medium
C001159,P0038,Electrical,Street Light Not Working,Sarakki,2025-11-23,Resolved,75,4,No,Low,No,1,Low
C001160,P0038,Water Supply,Pipeline Leakage,Malleshwaram,2025-11-23,Closed,171,1,Yes,High,No,12,High
C001161,P1479,Solid Waste Management,Garbage Not Collected,Sarakki,2025-11-23,Resolved,35,7,No,High,Yes,4,High
C001162,P1403,Drainage,Drain Blockage,Peenya,2025-11-23,Resolved,110,4,No,Medium,No,8,Medium
C001163,P1162,Water Supply,No Water Supply,Nagarbhavi,2025-11-23,In Progress,560,96,Yes,High,No,6,Critical
C001164,P1152,Solid Waste Management,Sweeping Not Done,Yelahanka,2025-11-23,Closed,140,15,No,Medium,Yes,1,High
C001165,P0199,Drainage,Drain Blockage,Mathikere,2025-11-23,Closed,200,9,No,Medium,Yes,4,High
C001166,P2585,Road Infrastructure,Road Cutting Not Restored,BTM Layout,2025-11-23,Resolved,990,190,No,Medium,No,4,Medium
C001167,P3000,Others,Illegal Construction,Sadashivanagar,2025-11-23,Closed,8,0,No,Low,No,16,Low
C001168,P1455,Sewerage,Sewer Line Blockage,Electronic City,2025-11-23,Closed,75,12,Yes,Low,Yes,3,Medium
C001169,P2394,Solid Waste Management,Garbage Not Collected,Sarakki,2025-11-23,Resolved,35,10,No,High,Yes,4,Critical
C001170,P0078,Drainage,Damaged Drain,Hosahalli,2025-11-23,Resolved,35,1,Yes,Low,Yes,36,Medium
C001171,P2866,Water Supply,No Water Supply,Anjanapura,2025-11-23,Closed,220,93,Yes,Medium,No,8,High
C001172,P2329,Electrical,Street Light Not Working,Hebbal,2025-11-23,Resolved,75,7,No,Low,No,,Low
C001173,P2245,Drainage,Drain Blockage,Peenya,2025-11-23,Resolved,110,3,No,Medium,No,8,Medium
C001174,P2839,Revenue Department,Khata Related Issue,Dasarahalli,2025-11-24,In Progress,3,1,No,None,No,1,Low
C001175,P0677,Revenue Department,Trade Licence Issue,Peenya,2025-11-24,Closed,3,0,No,None,No,2,Low
C001176,P0677,Revenue Department,Trade Licence Issue,Peenya,2025-11-24,Registered,2,0,No,None,No,2,Low
C001177,P0389,Road Infrastructure,Speed Breaker Required,Padmanabhanagar,2025-11-24,Closed,1000,249,No,None,No,16,Low
C001178,P1687,Road Maintenance,Footpath Damage,Hosahalli,2025-11-24,Closed,16,1,Yes,Medium,Yes,8,Low
C001179,P2291,Others,Illegal Construction,BTM Layout,2025-11-24,Closed,55,3,No,Medium,No,,Medium
C001180,P1175,Revenue Department,Khata Related Issue,Mathikere,2025-11-24,Closed,6,3,No,None,Yes,1,Low
C001181,P2561,Drainage,Drain Blockage,Peenya,2025-11-24,Resolved,110,4,No,Medium,No,6,Low
C001182,P1154,Road Maintenance,Road Maintenance Required,Hosahalli,2025-11-24,Resolved,40,2,No,Low,Yes,4,Medium
C001183,P1154,Road Maintenance,Road Maintenance Required,Hosahalli,2025-11-24,Registered,40,2,No,Low,Yes,4,Medium
C001184,P1479,Revenue Department,Trade Licence Issue,Sarakki,2025-11-24,Resolved,3,0,No,None,Yes,0.5,Low
C001185,P2341,Drainage,Drain Blockage,JP Nagar,2025-11-24,Closed,91,5,No,Medium,No,3,Low
C001186,P0919,Solid Waste Management,Garbage Dump,Electronic City,2025-11-24,Closed,80,7,No,None,No,2,Low
C001187,P1992,Water Supply,No Water Supply,Anjanapura,2025-11-24,Closed,270,49,Yes,Medium,No,8,High
C001188,P0703,Solid Waste Management,Garbage Dump,Kengeri,2025-11-24,In Progress,140,3,No,None,No,2,Medium
C001189,P1887,Sewerage,Sewer Line Blockage,Electronic City,2025-11-24,Closed,60,10,Yes,Medium,Yes,4,Medium
C001190,P0478,Health,Public Health Sanitation Issue,Begur,2025-11-24,Closed,40,3,No,Critical,Yes,2,Medium
C001191,P1895,Drainage,Damaged Drain,Yeshwanthpur,2025-11-24,Resolved,177,3,No,Low,No,24,Medium
C001192,P0220,Water Supply,No Water Supply,Koramangala,2025-11-24,Resolved,75,,Yes,Medium,Yes,12,Critical
C001193,P0308,Health,Increase in Mosquito Density,Arekere,2025-11-24,Closed,480,220,No,High,No,8,Critical
C001194,P0846,Solid Waste Management,Garbage Not Collected,Bellandur,2025-11-24,Closed,21,2,No,None,Yes,12,Low
C001195,P1631,Public Sanitation,Public Toilet Not Maintained,Koramangala,2025-11-24,Closed,250,17,No,Low,No,2,Low
C001196,P0536,Solid Waste Management,Garbage Not Collected,Bellandur,2025-11-24,Closed,20,2,,None,Yes,8,Low
C001197,P0033,Water Supply,No Water Supply,Koramangala,2025-11-24,Closed,65,26,Yes,Medium,Yes,,Critical
C001198,P0393,Road Maintenance,Road Surface Damage,Kadugodi,2025-11-24,Resolved,1700,407,No,Medium,Yes,6,Medium
C001199,P1954,Solid Waste Management,Garbage Dump,Kadugodi,2025-11-24,Closed,110,9,No,Medium,Yes,12,Medium
C001200,P1461,Water Supply,No Water Supply,Koramangala,2025-11-24,Closed,65,26,Yes,Medium,No,12,Critical
C001201,P2864,Electrical,Street Light Not Working,Yeshwanthpur,2025-11-25,Resolved,25,2,No,Low,No,0.5,Low
C001202,P0927,Solid Waste Management,Garbage Not Collected,Padmanabhanagar,2025-11-25,Closed,90,1,No,None,Yes,1,Low
C001203,P1253,Solid Waste Management,Garbage Dump,Ulsoor,2025-11-25,Closed,390,,No,Medium,No,8,High
C001204,P0783,Street Infrastructure,Damaged Footpath Railing,Kadugodi,2025-11-25,Closed,15,0,No,High,Yes,,Medium
C001205,P2045,Electrical,Street Light Not Working,Yeshwanthpur,2025-11-25,Closed,25,3,No,Low,No,1,Low
C001206,P2507,Solid Waste Management,Garbage Vehicle Not Arrived,Hennur,2025-11-25,Closed,53,1,No,Low,No,4,Low
C001207,P0220,Water Supply,No Water Supply,Koramangala,2025-11-25,Resolved,75,26,Yes,Medium,Yes,,Critical
C001208,P1489,Drainage,Drain Overflow,Dasarahalli,2025-11-25,Resolved,180,2,No,Low,Yes,8,Low
C001209,P0676,Street Infrastructure,Damaged Footpath Railing,Peenya,2025-11-25,In Progress,60,1,No,Medium,No,8,Low
C001210,P0025,Solid Waste Management,Garbage Dump,Jayanagar,2025-11-25,Closed,190,21,No,Low,No,2,Low
C001211,P0240,Solid Waste Management,Garbage Dump,Ulsoor,2025-11-25,Closed,390,40,No,Medium,No,8,High
C001212,P1899,Solid Waste Management,Sweeping Not Done,Yelahanka,2025-11-25,Closed,140,13,No,Low,Yes,1,High
C001213,P0048,Road Maintenance,Pothole,Anjanapura,2025-11-25,Closed,410,57,No,Critical,No,4,High
C001214,P0958,Solid Waste Management,Garbage Vehicle Not Arrived,Hennur,2025-11-25,Resolved,70,1,No,Low,No,4,Medium
C001215,P2113,Revenue Department,Khata Related Issue,BTM Layout,2025-11-25,Resolved,1,0,No,Low,No,1,Low
C001216,P1160,Road Maintenance,Pothole,Anjanapura,2025-11-25,Resolved,470,85,No,Critical,No,4,High
C001217,P1527,Solid Waste Management,Garbage Vehicle Not Arrived,Hennur,2025-11-25,Closed,70,2,No,Low,No,4,Medium
C001218,P0686,Water Supply,No Water Supply,Koramangala,2025-11-25,Resolved,65,23,Yes,Medium,Yes,12,Critical
C001219,P0347,Sewerage,Sewer Line Blockage,Electronic City,2025-11-25,Closed,55,8,No,Medium,Yes,3,Medium
C001220,P0240,Water Supply,No Water Supply,Ulsoor,2025-11-25,Resolved,400,84,Yes,High,Yes,6,Critical
C001221,P0119,Water Supply,No Water Supply,Ulsoor,2025-11-25,Closed,400,61,Yes,High,Yes,8,Critical
C001222,P2949,Health,Stray Dog Menace,Mathikere,2025-11-25,Resolved,60,9,No,None,No,4,Low
C001223,P1369,Solid Waste Management,Garbage Dump,Kadugodi,2025-11-25,Resolved,290,12,No,Medium,Yes,8,Medium
C001224,P1884,Health,Increase in Mosquito Density,Arekere,2025-11-25,Resolved,480,195,No,High,No,8,Critical
C001225,P0871,Water Supply,No Water Supply,Ulsoor,2025-11-26,Closed,400,40,Yes,High,Yes,8,Critical
C001226,P0871,Water Supply,No Water Supply,Ulsoor,2025-11-26,Closed,400,40,Yes,High,Yes,8,Critical
C001227,P2851,Water Supply,No Water Supply,Nagarbhavi,2025-11-26,Closed,520,105,No,High,Yes,1,High
C001228,P2851,Water Supply,No Water Supply,Nagarbhavi,2025-11-26,Closed,520,105,No,High,Yes,1,High
C001229,P1887,Solid Waste Management,Garbage Dump,Kengeri,2025-11-26,Closed,110,,No,None,No,2,Low
C001230,P0807,Road Maintenance,Footpath Damage,Hosahalli,2025-11-26,Closed,20,3,Yes,Medium,Yes,8,Medium
C001231,P0457,Solid Waste Management,Garbage Dump,Dasarahalli,2025-11-26,Closed,60,14,Yes,Low,Yes,8,Medium
C001232,P0974,Solid Waste Management,Garbage Not Collected,Dasarahalli,2025-11-26,Closed,268,49,Yes,Low,Yes,4,Medium
C001233,P2359,Electrical,Street Light Not Working,Varthur,2025-11-26,Closed,95,,No,Medium,No,0.5,Low
C001234,P0207,Water Supply,No Water Supply,Nagarbhavi,2025-11-26,Closed,626,127,No,High,Yes,2,High
C001235,P2356,Water Supply,No Water Supply,Nagarbhavi,2025-11-26,Resolved,480,62,No,High,Yes,2,High
C001236,P1087,Water Supply,No Water Supply,Koramangala,2025-11-26,Closed,65,29,Yes,Medium,Yes,12,Critical
C001237,P1941,Water Supply,No Water Supply,Nagarbhavi,2025-11-26,Resolved,430,87,No,High,Yes,2,High
C001238,P0293,Solid Waste Management,Garbage Dump,Dasarahalli,2025-11-26,Resolved,60,12,Yes,Low,Yes,8,Medium
C001239,P0216,Others,Miscellaneous Complaint,Yelahanka,2025-11-26,Closed,320,18,No,None,No,1,Low
C001240,P0629,Solid Waste Management,Garbage Dump,Jayanagar,2025-11-26,Resolved,190,19,No,Low,No,2,Low
C001241,P0757,Solid Waste Management,Garbage Dump,Ulsoor,2025-11-26,Resolved,390,34,No,Low,No,8,High
C001242,P1148,Road Maintenance,Pothole,Anjanapura,2025-11-26,Closed,470,135,No,Critical,No,3,High
C001243,P1798,Solid Waste Management,Garbage Not Collected,Yeshwanthpur,2025-11-26,Closed,25,1,No,Low,No,3,Low
C001244,P0412,Others,Miscellaneous Complaint,Yelahanka,2025-11-26,Closed,240,12,No,None,No,2,Low
C001245,P1709,Solid Waste Management,Garbage Dump,Dasarahalli,2025-11-26,Closed,60,12,No,Low,Yes,8,Medium
C001246,P1844,Solid Waste Management,Garbage Not Collected,Yeshwanthpur,2025-11-26,Closed,25,1,No,Low,No,1,Low
C001247,P0685,Solid Waste Management,Garbage Not Collected,Yeshwanthpur,2025-11-27,Closed,30,1,No,Low,No,2,Low
C001248,P0841,Health,Stray Dog Menace,Mathikere,2025-11-27,Closed,35,,No,None,No,3,Low
C001249,P0091,Sewerage,Sewage Overflow,Dasarahalli,2025-11-27,Closed,170,6,Yes,None,No,8,Low
C001250,P1014,Solid Waste Management,Garbage Not Collected,Bellandur,2025-11-27,Closed,25,0,No,None,No,,Low
C001251,P0572,Sewerage,Sewer Line Blockage,Hebbal,2025-11-27,In Progress,150,18,Yes,High,No,8,Critical
C001252,P1920,Solid Waste Management,Garbage Not Collected,Bellandur,2025-11-27,Resolved,25,0,Yes,None,No,1,Low
C001253,P0462,Others,Miscellaneous Complaint,Yelahanka,2025-11-27,Closed,200,12,No,None,No,2,Low
C001254,P1304,Electrical,Damaged Street Light,Indiranagar,2025-11-27,Resolved,15,2,No,Medium,No,3,Medium
C001255,P0248,Solid Waste Management,Garbage Vehicle Not Arrived,Arekere,2025-11-27,Closed,40,3,Yes,Low,No,2,Medium
C001256,P1173,Solid Waste Management,Garbage Not Collected,Bellandur,2025-11-27,Resolved,25,0,No,None,No,1,Low
C001257,P2069,Solid Waste Management,Garbage Not Collected,Bellandur,2025-11-27,Resolved,25,0,No,None,No,2,Low
C001258,P0255,Sewerage,Sewage Overflow,Dasarahalli,2025-11-27,Closed,170,7,No,None,No,8,Low
C001259,P0545,Sewerage,Sewer Line Blockage,Electronic City,2025-11-27,Resolved,60,11,,Medium,Yes,4,Medium
C001260,P0457,Solid Waste Management,Garbage Dump,Dasarahalli,2025-11-27,Closed,60,14,Yes,Low,Yes,8,Medium
C001261,P2243,Others,Miscellaneous Complaint,Bellandur,2025-11-27,Assigned,21,1,No,High,Yes,3,Medium
C001262,P1846,Solid Waste Management,Garbage Dump,Jayanagar,2025-11-27,Closed,172,15,No,Low,No,2,Low
C001263,P0892,Solid Waste Management,Garbage Not Collected,Bellandur,2025-11-27,Resolved,25,0,No,None,No,1,Low
C001264,P2595,Solid Waste Management,Garbage Not Collected,Hebbal,2025-11-27,Resolved,75,4,Yes,Low,No,8,Medium
C001265,P0232,Drainage,Drain Blockage,Whitefield,2025-11-27,Resolved,160,23,Yes,Critical,Yes,8,Critical
C001266,P0232,Drainage,Drain Blockage,Whitefield,2025-11-27,Resolved,160,,Yes,Critical,Yes,8,Critical
C001267,P1791,Solid Waste Management,Garbage Vehicle Not Arrived,Bellandur,2025-11-27,Closed,110,9,Yes,High,No,1,Low
C001268,P1237,Solid Waste Management,Garbage Vehicle Not Arrived,Arekere,2025-11-27,Resolved,68,5,Yes,Low,No,2,Medium
C001269,P0660,Drainage,Open Drain,Malleshwaram,2025-11-27,Closed,200,19,No,Medium,Yes,36,Low
C001270,P1754,Solid Waste Management,Garbage Not Collected,Hebbal,2025-11-27,Resolved,123,5,Yes,Low,No,8,Medium
C001271,P0841,Solid Waste Management,Garbage Not Collected,Mathikere,2025-11-27,Closed,60,1,No,Medium,Yes,4,High
C001272,P0173,Road Maintenance,Footpath Damage,Hoodi,2025-11-27,Closed,40,12,No,Low,Yes,8,Low
C001273,P2124,Others,Miscellaneous Complaint,Bellandur,2025-11-27,Verified,21,1,No,High,Yes,3,Medium
C001274,P2570,Solid Waste Management,Garbage Not Collected,Yeshwanthpur,2025-11-27,Resolved,25,1,No,Low,No,2,Medium
C001275,P1626,Road Maintenance,Pothole,Anjanapura,2025-11-27,Resolved,490,142,No,Critical,Yes,3,High
C001276,P0499,Solid Waste Management,Garbage Not Collected,Bellandur,2025-11-27,Closed,25,0,No,None,No,1,Low
C001277,P0699,Solid Waste Management,Garbage Not Collected,Yeshwanthpur,2025-11-27,Resolved,25,1,No,Low,No,2,Low
C001278,P1044,Sewerage,Sewage Overflow,Basavanagudi,2025-11-28,Closed,150,7,Yes,Low,No,24,Medium
C001279,P0010,Electrical,Street Light Not Working,Jayanagar,2025-11-28,Resolved,240,26,No,Low,No,,Low
C001280,P1012,Electrical,Exposed Electrical Wires,Whitefield,2025-11-28,Resolved,15,1,No,High,No,1,High
C001281,P1280,Health,Stray Dog Menace,Dasarahalli,2025-11-28,Closed,200,56,No,High,Yes,4,High
C001282,P2648,Sewerage,Sewage Overflow,Basavanagudi,2025-11-28,Resolved,200,10,Yes,None,No,36,Medium
C001283,P0983,Solid Waste Management,Garbage Not Collected,Bellandur,2025-11-28,Closed,30,0,No,None,No,1,Low
C001284,P0556,Electrical,Street Light Not Working,Jayanagar,2025-11-28,Closed,350,23,No,Low,No,1,Low
C001285,P1870,Drainage,Sewage Overflow,Basavanagudi,2025-11-28,Closed,120,8,Yes,None,,24,Medium
C001286,P1994,Drainage,Open Drain,Mathikere,2025-11-28,Resolved,45,5,No,Low,Yes,12,Low
C001287,P1303,Sewerage,Sewage Overflow,Basavanagudi,2025-11-28,Resolved,200,16,Yes,Low,Yes,24,Medium
C001288,P0301,Solid Waste Management,Garbage Vehicle Not Arrived,Mathikere,2025-11-28,Resolved,80,1,No,None,No,2,Low
C001289,P2673,Electrical,Exposed Electrical Wires,Whitefield,2025-11-28,Resolved,,1,No,Critical,No,1,High
C001290,P0497,Solid Waste Management,Garbage Vehicle Not Arrived,Mathikere,2025-11-28,Closed,67,1,No,None,Yes,1,Low
C001291,P1246,Solid Waste Management,Garbage Not Collected,Hebbal,2025-11-28,Closed,69,3,Yes,Low,No,8,Low
C001292,P1425,Sewerage,Sewage Overflow,Basavanagudi,2025-11-28,Closed,210,13,Yes,Low,Yes,24,Medium
C001293,P1694,Electrical,Exposed Electrical Wires,Whitefield,2025-11-28,Closed,11,0,No,Critical,No,0.5,High
C001294,P0069,Electrical,Multiple Street Lights Not Working,Domlur,2025-11-28,Closed,130,14,No,High,No,24,High
C001295,P1051,Solid Waste Management,Garbage Not Collected,Bellandur,2025-11-28,Resolved,19,0,No,None,No,1,Low
C001296,P1770,Solid Waste Management,Garbage Vehicle Not Arrived,Arekere,2025-11-28,Closed,40,3,Yes,Low,No,3,Medium
C001297,P2267,Solid Waste Management,Garbage Not Collected,Bellandur,2025-11-28,Resolved,15,0,No,None,No,0.5,Low
C001298,P0424,Solid Waste Management,Garbage Not Collected,Bellandur,2025-11-28,Closed,25,0,No,Low,No,1,Low
C001299,P2741,Sewerage,Sewage Overflow,Basavanagudi,2025-11-28,Resolved,200,7,Yes,Low,No,24,Medium
C001300,P0488,Solid Waste Management,Garbage Dump,Dasarahalli,2025-11-28,Resolved,40,4,Yes,None,Yes,8,Medium
C001301,P1615,Solid Waste Management,Garbage Not Collected,Bellandur,2025-11-28,Resolved,0,0,,None,No,1,Low
C001302,P1607,Sewerage,Sewage Overflow,Basavanagudi,2025-11-28,Closed,200,13,Yes,Low,No,24,High
C001303,P1921,Sewerage,Sewage Overflow,Basavanagudi,2025-11-28,Closed,200,9,Yes,Medium,No,24,Medium
C001304,P1207,Water Supply,No Water Supply,Nagarbhavi,2025-11-28,Closed,560,70,No,High,Yes,2,High
C001305,P2959,Solid Waste Management,Garbage Not Collected,Hebbal,2025-11-28,Resolved,60,1,Yes,Low,No,8,Medium
C001306,P2959,Solid Waste Management,Garbage Not Collected,Hebbal,2025-11-28,Resolved,69,1,Yes,Low,No,8,Medium
C001307,P1451,Solid Waste Management,Garbage Not Collected,Hebbal,2025-11-28,In Progress,69,4,Yes,Low,No,8,Medium
C001308,P2944,Road Infrastructure,Road Cutting Not Restored,Sadashivanagar,2025-11-29,Closed,170,18,No,Medium,No,8,Medium
C001309,P2226,Sewerage,Sewage Overflow,Basavanagudi,2025-11-29,Closed,150,8,Yes,Low,Yes,16,Medium
C001310,P0690,Sewerage,Sewer Line Blockage,Yelahanka,2025-11-29,Closed,20,3,No,Medium,No,12,High
C001311,P0924,Solid Waste Management,Garbage Not Collected,Bellandur,2025-11-29,Closed,25,0,No,Low,No,1,Low
C001312,P0951,Drainage,Open Drain,Malleshwaram,2025-11-29,In Progress,160,23,No,Medium,Yes,24,Medium
C001313,P1012,Drainage,Drain Blockage,Whitefield,2025-11-29,Closed,170,41,Yes,Critical,Yes,12,High
C001314,P0186,Sewerage,Sewer Line Blockage,Hebbal,2025-11-29,In Progress,150,18,Yes,High,No,8,Critical
C001315,P0623,Water Supply,Pipeline Leakage,HSR Layout,2025-11-29,Closed,500,41,No,Medium,No,6,Medium
C001316,P2526,Electrical,Multiple Street Lights Not Working,Domlur,2025-11-29,Closed,130,9,No,Medium,No,24,High
C001317,P1810,Solid Waste Management,Garbage Not Collected,Bellandur,2025-11-29,In Progress,25,0,No,None,No,1,Low
C001318,P2613,Solid Waste Management,Garbage Not Collected,Hebbal,2025-11-29,Closed,85,4,Yes,Low,No,8,Medium
C001319,P2338,Road Infrastructure,Road Cutting Not Restored,Sadashivanagar,2025-11-29,Closed,260,33,No,Medium,No,,Medium
C001320,P2115,Drainage,Open Drain,Malleshwaram,2025-11-29,Closed,230,21,No,Medium,Yes,36,Low
C001321,P2002,Solid Waste Management,Garbage Not Collected,Bellandur,2025-11-29,Resolved,25,0,No,None,No,1,Low
C001322,P2002,Solid Waste Management,Garbage Not Collected,Bellandur,2025-11-29,Closed,25,0,No,None,No,1,Low
C001323,P1358,Drainage,Damaged Drain,Hosahalli,2025-11-29,Closed,10,0,No,Medium,Yes,8,Medium
C001324,P2201,Solid Waste Management,Garbage Not Collected,Bellandur,2025-11-29,Closed,45,0,No,None,No,2,Low
C001325,P0745,Solid Waste Management,Garbage Not Collected,Hebbal,2025-11-29,Closed,50,3,Yes,None,No,8,Medium
C001326,P0341,Solid Waste Management,Garbage Vehicle Not Arrived,Arekere,2025-11-29,Closed,20,1,Yes,Low,No,1,Medium
C001327,P0341,Solid Waste Management,Garbage Vehicle Not Arrived,Arekere,2025-11-29,Closed,20,1,Yes,Low,No,1,Medium
C001328,P0343,Solid Waste Management,Garbage Not Collected,Kammanahalli,2025-11-29,Resolved,100,0,No,Low,No,3,Medium
C001329,P0704,Solid Waste Management,Garbage Not Collected,Bellandur,2025-11-29,Resolved,,0,No,None,No,1,Low
C001330,P0497,Solid Waste Management,Garbage Not Collected,Mathikere,2025-11-29,Resolved,40,9,Yes,Low,Yes,8,Medium
C001331,P1382,Solid Waste Management,Garbage Not Collected,Bellandur,2025-11-29,Closed,25,0,No,None,No,0.5,Low
C001332,P2538,Solid Waste Management,Garbage Not Collected,Bellandur,2025-11-29,Closed,25,0,No,None,No,1,Low
C001333,P2629,Water Supply,Pipeline Leakage,HSR Layout,2025-11-29,Closed,1200,105,Yes,Medium,No,4,Medium
C001334,P2276,Sewerage,Sewage Overflow,Basavanagudi,2025-11-29,Closed,200,13,Yes,Low,No,24,Medium
C001335,P1152,Sewerage,Sewer Line Blockage,Yelahanka,2025-11-29,Closed,15,3,No,High,No,8,High
C001336,P1836,Sewerage,Sewage Overflow,Basavanagudi,2025-11-29,Resolved,248,11,Yes,Low,No,24,Medium
C001337,P1197,Solid Waste Management,Garbage Not Collected,Sarakki,2025-11-29,Closed,65,3,,None,Yes,2,Low
C001338,P1849,Water Supply,Water Leakage,Shivajinagar,2025-11-29,Resolved,55,2,No,None,No,8,Low
C001339,P1510,Solid Waste Management,Garbage Not Collected,Bellandur,2025-11-29,Closed,25,0,No,None,No,1,Low
C001340,P1642,Solid Waste Management,Garbage Not Collected,Bellandur,2025-11-29,Resolved,20,0,Yes,None,No,0.5,Low
C001341,P1286,Drainage,Drain Blockage,Dasarahalli,2025-11-30,Closed,50,2,Yes,None,No,4,Low
C001342,P2150,Solid Waste Management,Garbage Not Collected,Sarakki,2025-11-30,Resolved,90,7,No,None,Yes,2,Low
C001343,P0682,Sewerage,Sewage Overflow,Basavanagudi,2025-11-30,Closed,130,7,Yes,Low,No,36,Medium
C001344,P2353,Solid Waste Management,Garbage Not Collected,Dasarahalli,2025-11-30,Resolved,220,43,Yes,Low,Yes,2,Medium
C001345,P0091,Solid Waste Management,Garbage Not Collected,Dasarahalli,2025-11-30,Resolved,194,29,Yes,Medium,Yes,2,Medium
C001346,P2852,Revenue Department,Khata Related Issue,Anjanapura,2025-11-30,Closed,9,2,Yes,None,No,2,Low
C001347,P1859,Solid Waste Management,Garbage Not Collected,Dasarahalli,2025-11-30,Closed,194,42,Yes,None,Yes,2,Medium
C001348,P2338,Water Supply,No Water Supply,Sadashivanagar,2025-11-30,Closed,370,39,No,Medium,No,2,High
C001349,P2487,Solid Waste Management,Garbage Not Collected,BTM Layout,2025-11-30,In Progress,15,5,Yes,High,No,6,Medium
C001350,P0293,Solid Waste Management,Garbage Not Collected,Dasarahalli,2025-11-30,Resolved,194,29,Yes,Low,Yes,2,Medium
C001351,P0847,Solid Waste Management,Garbage Not Collected,Dasarahalli,2025-11-30,Closed,160,20,Yes,Low,Yes,2,Low
C001352,P0457,Drainage,Drain Blockage,Dasarahalli,2025-11-30,Resolved,35,1,,None,No,4,Low
C001353,P1657,Others,Miscellaneous Complaint,Dasarahalli,2025-11-30,Closed,15,6,No,Low,No,1,Low
C001354,P1203,Solid Waste Management,Sweeping Not Done,Ulsoor,2025-11-30,Resolved,9,2,No,Low,Yes,2,Low
C001355,P0016,Solid Waste Management,Garbage Not Collected,Dasarahalli,2025-11-30,Resolved,160,29,Yes,Medium,Yes,2,Medium
C001356,P0573,Solid Waste Management,Garbage Not Collected,Dasarahalli,2025-11-30,Closed,194,,Yes,Low,Yes,3,Medium
C001357,P1962,Solid Waste Management,Garbage Not Collected,Dasarahalli,2025-11-30,Closed,194,31,Yes,Low,Yes,2,Medium
C001358,P0816,Solid Waste Management,Garbage Not Collected,Dasarahalli,2025-11-30,Closed,320,56,Yes,Low,Yes,2,Medium
C001359,P0816,Solid Waste Management,Garbage Not Collected,Dasarahalli,2025-11-30,Closed,320,56,Yes,Medium,Yes,2,Medium
C001360,P0884,Water Supply,Pipeline Leakage,HSR Layout,2025-11-30,Closed,500,55,Yes,Medium,Yes,4,Medium
C001361,P0606,Solid Waste Management,Garbage Not Collected,BTM Layout,2025-11-30,Resolved,8,5,Yes,High,No,8,Medium
C001362,P0974,Solid Waste Management,Garbage Dump,Mathikere,2025-11-30,Resolved,80,9,No,Low,No,4,High
C001363,P1263,Solid Waste Management,Garbage Not Collected,Bellandur,2025-11-30,Closed,20,0,No,None,Yes,1,Low
C001364,P2293,Drainage,Damaged Drain,Hosahalli,2025-11-30,Resolved,12,0,No,Medium,Yes,12,Medium
C001365,P1851,Electrical,Street Light Not Working,Varthur,2025-11-30,Closed,30,6,No,Medium,Yes,2,Low
C001366,P0871,Solid Waste Management,Sweeping Not Done,Ulsoor,2025-11-30,Closed,12,2,No,,Yes,2,Low
C001367,P1855,Solid Waste Management,Garbage Not Collected,Bellandur,2025-11-30,Resolved,15,0,No,None,No,2,Low
C001368,P1876,Solid Waste Management,Garbage Not Collected,Jalahalli,2025-12-01,Closed,51,,No,Critical,Yes,1,Low
C001369,P1995,Solid Waste Management,Garbage Not Collected,Jalahalli,2025-12-01,Closed,40,3,No,Critical,Yes,1,Medium
C001370,P2285,Water Supply,No Water Supply,Sadashivanagar,2025-12-01,Closed,370,42,No,Medium,,2,Medium
C001371,P2101,Solid Waste Management,Garbage Not Collected,Dasarahalli,2025-12-01,Resolved,150,47,Yes,Low,Yes,3,Medium
C001372,P0383,Drainage,Damaged Drain,Hosahalli,2025-12-01,Closed,12,0,No,Medium,Yes,12,Medium
C001373,P0215,Solid Waste Management,Garbage Not Collected,Hoodi,2025-12-01,Closed,300,4,No,High,Yes,2,Medium
C001374,P2629,Public Sanitation,Unclean Public Area,Kadugodi,2025-12-01,Resolved,60,,No,Critical,Yes,4,Medium
C001375,P2417,Solid Waste Management,Garbage Not Collected,BTM Layout,2025-12-01,Closed,100,5,No,High,Yes,2,Critical
C001376,P2417,Solid Waste Management,Garbage Not Collected,BTM Layout,2025-12-01,Closed,110,,No,High,Yes,2,Critical
C001377,P2101,Water Supply,No Water Supply,Dasarahalli,2025-12-01,Resolved,850,37,Yes,Medium,No,12,High
C001378,P0324,Solid Waste Management,Sweeping Not Done,Ulsoor,2025-12-01,Closed,10,1,No,Low,Yes,2,Low
C001379,P2217,Road Maintenance,Pothole,Hosahalli,2025-12-01,Closed,50,4,No,High,Yes,2,High
C001380,P0918,Drainage,Drain Blockage,Dasarahalli,2025-12-01,Resolved,35,1,Yes,None,No,4,Low
C001381,P2716,Solid Waste Management,Garbage Not Collected,Kammanahalli,2025-12-01,Resolved,100,0,No,Low,No,2,Medium
C001382,P2749,Public Sanitation,Public Toilet Not Maintained,Kodigehalli,2025-12-01,Closed,150,5,No,Low,No,4,Low
C001383,P2072,Solid Waste Management,Garbage Not Collected,Ulsoor,2025-12-01,Closed,410,57,No,Low,No,1,Medium
C001384,P1709,Solid Waste Management,Garbage Not Collected,Dasarahalli,2025-12-01,Resolved,120,29,Yes,Low,Yes,1,Medium
C001385,P1054,Solid Waste Management,Garbage Not Collected,Padmanabhanagar,2025-12-01,Closed,170,8,No,Low,Yes,6,Medium
C001386,P2855,Solid Waste Management,Garbage Not Collected,Chamrajpet,2025-12-01,Closed,45,2,No,Low,No,4,Low
C001387,P1356,Solid Waste Management,Garbage Not Collected,Dasarahalli,2025-12-01,Closed,194,29,Yes,Low,Yes,3,Medium
C001388,P2405,Solid Waste Management,Garbage Vehicle Not Arrived,Rajarajeshwari Nagar,2025-12-01,Resolved,90,3,Yes,Low,No,2,Medium
C001389,P0918,Water Supply,No Water Supply,Dasarahalli,2025-12-01,Resolved,1100,66,Yes,Medium,No,12,High
C001390,P0324,Solid Waste Management,Garbage Not Collected,Ulsoor,2025-12-01,Closed,450,48,No,Low,No,2,Medium
C001391,P1735,Water Supply,No Water Supply,Sadashivanagar,2025-12-01,Resolved,370,38,No,Medium,Yes,1,High
C001392,P0006,Solid Waste Management,Garbage Not Collected,Kammanahalli,2025-12-01,Closed,130,0,No,Low,No,1,Medium
C001393,P0383,Electrical,Damaged Street Light,Hosahalli,2025-12-01,Resolved,15,0,No,,No,2,Low
C001394,P2497,Revenue Department,Khata Related Issue,Hoodi,2025-12-01,Resolved,10,0,No,None,No,0.5,Low
C001395,P2510,Water Supply,No Water Supply,Hoodi,2025-12-01,Closed,960,138,Yes,Low,Yes,12,Medium
C001396,P2890,Solid Waste Management,Garbage Not Collected,BTM Layout,2025-12-01,Closed,160,8,No,High,Yes,1,High
C001397,P1016,Solid Waste Management,Garbage Dump,Kengeri,2025-12-01,Closed,120,44,No,Low,No,8,Medium
C001398,P1602,Water Supply,Low Water Pressure,Mathikere,2025-12-01,Closed,100,8,No,Low,Yes,4,Medium
C001399,P2738,Solid Waste Management,Garbage Dump,Mathikere,2025-12-02,Resolved,140,18,No,Low,No,4,Medium
C001400,P2523,Solid Waste Management,Garbage Not Collected,BTM Layout,2025-12-02,Closed,100,6,No,High,Yes,1,High
C001401,P1206,Electrical,Street Light Not Working,Bellandur,2025-12-02,Resolved,60,8,No,Medium,Yes,1,Medium
C001402,P2187,Solid Waste Management,Garbage Dump,Mathikere,2025-12-02,Closed,80,11,No,Low,No,3,Medium
C001403,P0766,Sewerage,Sewage Overflow,Dasarahalli,2025-12-02,Closed,550,12,Yes,Medium,No,8,Medium
C001404,P2736,Public Sanitation,Public Toilet Not Maintained,Kodigehalli,2025-12-02,Closed,160,3,No,Low,No,4,Low
C001405,P0413,Electrical ,Street Light Not Working,Bellandur,2025-12-02,Closed,50,6,No,Medium,Yes,1,Medium
C001406,P2935,Solid Waste Management,Garbage Not Collected,Jalahalli,2025-12-02,Resolved,40,3,No,Critical,Yes,1,Medium
C001407,P2339,Solid Waste Management,Garbage Not Collected,Padmanabhanagar,2025-12-02,Resolved,170,7,No,Low,Yes,4,Medium
C001408,P0194,Road Maintenance,Pothole,Hosahalli,2025-12-02,Closed,55,6,No,High,Yes,2,High
C001409,P1062,Water Supply,Pipeline Leakage,Padmanabhanagar,2025-12-02,Closed,12300,531,Yes,High,Yes,4,Critical
C001410,P0243,Electrical,Street Light Not Working,Mathikere,2025-12-02,Closed,90,6,No,Low,No,1,Low
C001411,P2594,Road Infrastructure,Road Cutting Not Restored,Hoodi,2025-12-02,Closed,220,30,No,Medium,No,4,Medium
C001412,P0105,Public Sanitation,Unclean Public Area,Sadashivanagar,2025-12-02,Resolved,210,39,No,Low,No,8,High
C001413,P0460,Road Maintenance,Footpath Damage,Shantinagar,2025-12-02,Resolved,30,5,No,Medium,Yes,8,Low
C001414,P1859,Sewerage,Sewage Overflow,Dasarahalli,2025-12-02,Resolved,760,17,Yes,Medium,No,8,Medium
C001415,P1152,Solid Waste Management,Garbage Vehicle Not Arrived,Rajarajeshwari Nagar,2025-12-02,Resolved,90,3,Yes,Low,No,2,Medium
C001416,P1764,Water Supply,No Water Supply,Dasarahalli,2025-12-02,In Progress,830,40,Yes,Medium,,12,High
C001417,P2203,Solid Waste Management,Garbage Not Collected,BTM Layout,2025-12-02,Closed,100,4,No,High,Yes,2,High
C001418,P1917,Water Supply,No Water Supply,Sadashivanagar,2025-12-02,In Progress,370,27,No,Medium,No,3,High
C001419,P2339,Water Supply,Pipeline Leakage,Padmanabhanagar,2025-12-02,Closed,21300,993,Yes,High,Yes,3,Critical
C001420,P0877,Water Supply,Pipeline Leakage,Rajajinagar,2025-12-02,Closed,30,2,Yes,Low,No,12,Medium
C001421,P1428,Solid Waste Management,Garbage Not Collected,Padmanabhanagar,2025-12-02,Closed,140,8,No,Low,Yes,3,Medium
C001422,P2811,Solid Waste Management,Garbage Vehicle Not Arrived,Rajarajeshwari Nagar,2025-12-02,Closed,90,3,Yes,Low,No,2,Medium
C001423,P2291,Solid Waste Management,Garbage Not Collected,BTM Layout,2025-12-02,Closed,85,3,No,Medium,Yes,0.5,Medium
C001424,P1541,Solid Waste Management,Garbage Vehicle Not Arrived,Rajarajeshwari Nagar,2025-12-02,Closed,140,8,Yes,Low,No,2,Medium
C001425,P0258,Solid Waste Management,Garbage Dump,Dasarahalli,2025-12-02,Closed,20,6,No,Low,No,,Medium
C001426,P2097,Electrical,Street Light Not Working,Arekere,2025-12-02,Closed,25,2,No,Medium,No,2,Medium
C001427,P1589,Solid Waste Management,Garbage Not Collected,Ulsoor,2025-12-02,Closed,360,43,No,Low,No,1,Low
C001428,P0351,Electrical,Street Light Not Working,Arekere,2025-12-02,Closed,45,5,No,Medium,No,3,Medium
C001429,P1572,Sewerage,Manhole Overflow,Hennur,2025-12-03,Resolved,114,8,No,Medium,Yes,8,Medium
C001430,P1245,Solid Waste Management,Garbage Vehicle Not Arrived,Rajarajeshwari Nagar,2025-12-03,Resolved,90,4,Yes,None,Yes,2,Medium
C001431,P0483,Others,Miscellaneous Complaint,Banaswadi,2025-12-03,Resolved,50,4,No,Low,Yes,2,Low
C001432,P2084,Road Maintenance,Pothole,Hosahalli,2025-12-03,Closed,85,4,No,Critical,Yes,2,High
C001433,P0856,Road Infrastructure,Road Cutting Not Restored,Hoodi,2025-12-03,Closed,190,19,No,Medium,No,,Medium
C001434,P0532,Solid Waste Management,Garbage Dump,Kadugodi,2025-12-03,Resolved,120,12,No,None,Yes,12,Medium
C001435,P0716,Road Infrastructure,Road Encroachment,Kadugodi,2025-12-03,Closed,36,2,No,Low,No,16,Low
C001436,P2432,Electrical,Damaged Street Light,Mathikere,2025-12-03,Resolved,36,6,No,High,No,3,Medium
C001437,P0078,Road Maintenance,Pothole,Hosahalli,2025-12-03,Closed,50,4,No,High,Yes,2,High
C001438,P1817,Road Maintenance,Pothole,Hosahalli,2025-12-03,Resolved,50,5,No,High,Yes,2,High
C001439,P0394,Solid Waste Management,Garbage Vehicle Not Arrived,Rajarajeshwari Nagar,2025-12-03,Resolved,90,4,Yes,Low,No,2,Medium
C001440,P1163,Solid Waste Management,Garbage Vehicle Not Arrived,Indiranagar,2025-12-03,In Progress,160,,Yes,None,Yes,0.5,Medium
C001441,P1817,Road Infrastructure,Speed Breaker Required,Hosahalli,2025-12-03,Resolved,65,12,No,High,No,36,Medium
C001442,P0435,Health,Public Health Sanitation Issue,Jayanagar,2025-12-03,Closed,140,54,Yes,Low,No,8,High
C001443,P0435,Health,Public Health Sanitation Issue,Jayanagar,2025-12-03,Closed,140,54,Yes,None,No,8,High
C001444,P1460,Water Supply,Pipeline Leakage,Padmanabhanagar,2025-12-03,Closed,28800,4017,Yes,High,Yes,4,Critical
C001445,P1731,Road Infrastructure,Road Cutting Not Restored,Yelahanka,2025-12-03,Closed,95,2,No,Low,No,16,Medium
C001446,P2532,Water Supply,Water Leakage,Basavanagudi,2025-12-03,Resolved,25,1,Yes,Low,No,2,Low
C001447,P1725,Solid Waste Management,Garbage Vehicle Not Arrived,Rajarajeshwari Nagar,2025-12-03,Resolved,100,5,Yes,Low,No,2,Medium
C001448,P1095,Solid Waste Management,Sweeping Not Done,Chamrajpet,2025-12-03,Closed,15,4,No,Medium,Yes,4,Low
C001449,P0816,Water Supply,No Water Supply,Dasarahalli,2025-12-03,Closed,830,49,Yes,Medium,No,12,High
C001450,P0047,Solid Waste Management,Garbage Not Collected,Jalahalli,2025-12-03,Resolved,40,4,No,High,Yes,1,Medium
C001451,P2559,Electrical,Street Light Not Working,Mathikere,2025-12-03,Closed,90,5,No,None,Yes,1,Low
C001452,P1224,Solid Waste Management,Garbage Not Collected,Ulsoor,2025-12-03,Resolved,360,34,No,Low,No,1,Medium
C001453,P0773,Solid Waste Management,Garbage Not Collected,Basavanagudi,2025-12-04,Closed,17,2,Yes,Medium,Yes,4,Medium
C001454,P0285,Water Supply,Pipeline Leakage,Padmanabhanagar,2025-12-04,Closed,17136,1063,,High,Yes,4,Critical
C001455,P0412,Road Infrastructure,Road Cutting Not Restored,Yelahanka,2025-12-04,Resolved,70,6,No,Low,Yes,24,Low
C001456,P2532,Solid Waste Management,Garbage Not Collected,Basavanagudi,2025-12-04,Closed,230,9,No,Low,No,3,Medium
C001457,P2582,Public Sanitation,Garbage Burning,Marathahalli,2025-12-04,Resolved,170,12,No,Medium,No,2,Medium
C001458,P0301,Solid Waste Management,Garbage Not Collected,Mathikere,2025-12-04,Closed,220,2,Yes,Low,Yes,2,Medium
C001459,P1453,Solid Waste Management,Garbage Vehicle Not Arrived,Padmanabhanagar,2025-12-04,Resolved,42,4,No,Medium,No,2,Medium
C001460,P2304,Solid Waste Management,Garbage Not Collected,Basavanagudi,2025-12-04,Resolved,230,9,No,Low,No,2,Medium
C001461,P0349,Street Infrastructure,Damaged Signboard,Electronic City,2025-12-04,Resolved,21,3,No,Medium,Yes,8,Medium
C001462,P0482,Water Supply,Pipeline Leakage,Rajajinagar,2025-12-04,Closed,25,4,Yes,Low,No,16,Medium
C001463,P2984,Solid Waste Management,Garbage Vehicle Not Arrived,Padmanabhanagar,2025-12-04,Resolved,42,5,No,Medium,No,2,Medium
C001464,P1921,Solid Waste Management,Garbage Not Collected,Basavanagudi,2025-12-04,Resolved,160,9,No,Low,No,2,Medium
C001465,P2741,Solid Waste Management,Garbage Not Collected,Basavanagudi,2025-12-04,Resolved,280,9,No,Low,No,2,Medium
C001466,P2257,Public Sanitation,Unclean Public Area,Sadashivanagar,2025-12-04,Closed,210,47,No,Medium,No,6,High
C001467,P0293,Solid Waste Management,Sweeping Not Done,Hennur,2025-12-04,Resolved,25,1,No,Medium,Yes,2,Medium
C001468,P0548,Water Supply,Pipeline Leakage,Dasarahalli,2025-12-04,Resolved,110,13,No,Medium,No,8,High
C001469,P0655,Street Infrastructure,Damaged Signboard,Electronic City,2025-12-04,Closed,27,5,No,Low,Yes,6,Medium
C001470,P1663,Solid Waste Management,Garbage Not Collected,Kadugodi,2025-12-04,Resolved,85,,No,Low,Yes,2,Medium
C001471,P1374,Electrical,Multiple Street Lights Not Working,Rajajinagar,2025-12-04,Closed,120,39,No,Medium,No,12,Medium
C001472,P2462,Public Sanitation,Garbage Burning,Malleshwaram,2025-12-04,Resolved,40,7,No,None,Yes,3,Low
C001473,P1088,Solid Waste Management,Garbage Vehicle Not Arrived,Rajarajeshwari Nagar,2025-12-04,Closed,90,3,Yes,Low,No,3,Medium
C001474,P0681,Water Supply,Pipeline Leakage,Padmanabhanagar,2025-12-04,Closed,17507,1073,Yes,High,Yes,4,Critical
C001475,P0702,Solid Waste Management,Garbage Dump,Kadugodi,2025-12-04,Closed,90,6,No,None,Yes,12,Medium
C001476,P2712,Solid Waste Management,Garbage Not Collected,Hosahalli,2025-12-04,Closed,20,2,No,None,Yes,8,Low
C001477,P2339,Solid Waste Management,Garbage Vehicle Not Arrived,Padmanabhanagar,2025-12-04,Resolved,42,4,No,Medium,No,2,Medium
C001478,P1443,Road Maintenance,Road Surface Damage,Bellandur,2025-12-04,Closed,105,8,No,Medium,No,24,Medium
C001479,P1409,Solid Waste Management,Sweeping Not Done,Chamrajpet,2025-12-04,Closed,25,6,No,Low,Yes,4,Low
C001480,P0430,Solid Waste Management,Garbage Not Collected,Jayanagar,2025-12-04,Resolved,80,,No,Critical,No,12,High
C001481,P1429,Health,Stray Dog Menace,Kadugodi,2025-12-04,Resolved,40,8,No,Medium,No,8,Medium
C001482,P2291,Drainage,Open Drain,JP Nagar,2025-12-04,Resolved,7,0,Yes,High,Yes,8,High
C001483,P2018,Solid Waste Management,Garbage Vehicle Not Arrived,Padmanabhanagar,2025-12-04,Closed,42,4,No,Medium,No,2,Medium
C001484,P2423,Public Sanitation,Garbage Burning,Marathahalli,2025-12-04,Closed,183,15,No,Medium,No,2,Medium
C001485,P2711,Solid Waste Management,Garbage Not Collected,Jayanagar,2025-12-04,Closed,80,4,No,High,No,8,High
C001486,P1182,Public Sanitation,Unclean Public Area,Chamrajpet,2025-12-04,Resolved,160,39,No,None,No,2,Low
C001487,P0041,Road Infrastructure,Missing Manhole Cover,BTM Layout,2025-12-04,Closed,25,0,Yes,Medium,No,4,Medium
C001488,P0825,Solid Waste Management,Garbage Not Collected,Mathikere,2025-12-04,Closed,200,2,Yes,Low,Yes,2,Medium
C001489,P0502,Solid Waste Management,Garbage Not Collected,Kadugodi,2025-12-04,Closed,60,10,No,Medium,Yes,2,Medium
C001490,P2789,Water Supply,Low Water Pressure,Malleshwaram,2025-12-04,Resolved,35,3,Yes,Low,No,8,Medium
C001491,P1253,Electrical,Street Light Not Working,Ulsoor,2025-12-04,Closed,50,6,No,Low,Yes,2,Low
C001492,P2151,Public Sanitation,Public Toilet Not Maintained,Mathikere,2025-12-04,Closed,15,5,Yes,Medium,Yes,2,Medium
C001493,P2777,Road Infrastructure ,Speed Breaker Required,Ulsoor,2025-12-04,Closed,380,98,No,Medium,No,4,Medium
C001494,P2777,Road Infrastructure,Speed Breaker Required,Ulsoor,2025-12-04,Closed,380,98,No,Medium,No,4,Medium
C001495,P0435,Health,Public Health Sanitation Issue,Jayanagar,2025-12-04,Closed,140,54,Yes,Low,No,8,High
C001496,P1866,Sewerage,Sewer Line Blockage,Padmanabhanagar,2025-12-04,Closed,1200,102,Yes,Medium,No,12,High
C001497,P0540,Solid Waste Management,Garbage Not Collected,Mathikere,2025-12-05,Closed,45,2,No,High,,1,High
C001498,P0718,Others,Miscellaneous Complaint,Sarakki,2025-12-05,Closed,19,2,No,None,Yes,1,Low
C001499,P2297,Solid Waste Management,Sweeping Not Done,Hosahalli,2025-12-05,Closed,130,57,No,Low,Yes,1,High
C001500,P0781,Public Sanitation,Public Toilet Not Maintained,Ulsoor,2025-12-05,Closed,40,2,Yes,Low,No,4,Low
C001501,P1157,Public Sanitation,Unclean Public Area,Sadashivanagar,2025-12-05,Closed,210,48,No,Medium,No,6,High
C001502,P0871,Electrical,Street Light Not Working,Ulsoor,2025-12-05,Closed,55,11,No,None,Yes,3,Low
C001503,P0369,Others,Miscellaneous Complaint,Shantinagar,2025-12-05,Closed,8,4,No,None,Yes,1,Low
C001504,P0016,Water Supply,Pipeline Leakage,DASARAHALLI,2025-12-05,Closed,100,13,No,Medium,No,8,High
C001505,P2914,Solid Waste Management,Garbage Dump,Ulsoor,2025-12-05,Resolved,39,8,No,None,No,4,Low
C001506,P0608,Public Sanitation,Public Toilet Not Maintained,Ulsoor,2025-12-05,Closed,25,1,Yes,None,No,4,Low
C001507,P2831,Solid Waste Management,Garbage Not Collected,Jayanagar,2025-12-05,Closed,80,6,No,High,Yes,8,High
C001508,P1238,Solid Waste Management,Garbage Dump,Kadugodi,2025-12-05,Resolved,120,13,No,None,Yes,12,Medium
C001509,P2937,Solid Waste Management,Garbage Vehicle Not Arrived,Sadashivanagar,2025-12-05,Resolved,130,15,Yes,None,Yes,2,Low
C001510,P0156,Electrical,Damaged Street Light,Mathikere,2025-12-05,Resolved,25,1,No,High,Yes,1,Medium
C001511,P2936,Solid Waste Management,Garbage Not Collected,Marathahalli,2025-12-05,Closed,270,17,Yes,None,No,3,Low
C001512,P2117,Street Infrastructure,Damaged Footpath Railing,Sarakki,2025-12-05,Resolved,172,16,No,Low,No,3,Medium
C001513,P1452,Solid Waste Management,Garbage Dumping in Vacant Site,Byatarayanapura,2025-12-05,Closed,315,35,No,Low,No,8,Low
C001514,P0990,Street Infrastructure,Bus Shelter Damaged,HSR Layout,2025-12-05,Closed,85,6,No,High,No,16,Medium
C001515,P0220,Solid Waste Management,Garbage Not Collected,Jayanagar,2025-12-05,Closed,80,6,No,High,No,8,High
C001516,P0319,Road Maintenance,Road Surface Damage,Bellandur,2025-12-05,In Progress,,15,No,Medium,No,,Medium
C001517,P2741,Solid Waste Management,Garbage Not Collected,Basavanagudi,2025-12-05,Resolved,280,9,No,Low,No,2,Medium
C001518,P1503,Water Supply,Pipeline Leakage,Dasarahalli,2025-12-05,Resolved,110,26,No,Medium,,8,High
C001519,P1238,Health,Stray Dog Menace,Kadugodi,2025-12-05,Resolved,40,6,No,Medium,,8,Medium
C001520,P1204,Solid Waste Management,Garbage Dumping in Vacant Site,Byatarayanapura,2025-12-05,Resolved,315,,No,Low,No,6,Low
C001521,P0183,Solid Waste Management,Sweeping Not Done,Hosahalli,2025-12-05,Closed,110,66,No,Low,Yes,1,Medium
C001522,P2912,Solid Waste Management,Garbage Vehicle Not Arrived,Indiranagar,2025-12-05,Closed,140,26,Yes,None,Yes,0.5,Medium
C001523,P2441,Water Supply,No Water Supply,Dasarahalli,2025-12-05,Closed,140,7,Yes,Low,Yes,2,High
C001524,P2558,Electrical,Street Light Not Working,Basavanagudi,2025-12-05,Resolved,150,12,No,Low,Yes,2,Medium
C001525,P0795,Electrical,Multiple Street Lights Not Working,Rajajinagar,2025-12-05,Closed,45,12,No,Medium,No,12,Medium
C001526,P0394,Solid Waste Management,Garbage Dumping in Vacant Site,Rajarajeshwari Nagar,2025-12-06,Closed,8,0,No,Critical,,8,Medium
C001527,P0123,Solid Waste Management,Garbage Dump,Kadugodi,2025-12-06,Closed,30,13,No,Low,Yes,,Medium
C001528,P1485,Solid Waste Management,Garbage Vehicle Not Arrived,Yelahanka,2025-12-06,Closed,50,2,No,Low,Yes,3,Low
C001529,P2559,Public Sanitation,Public Toilet Not Maintained,Mathikere,2025-12-06,Resolved,15,4,Yes,Medium,Yes,2,Medium
C001530,P2676,Revenue Department,Property Tax Query,Dasarahalli,2025-12-06,Closed,2,0,No,None,No,0.5,Low
C001531,P2559,Solid Waste Management,Garbage Not Collected,Mathikere,2025-12-06,Closed,220,2,Yes,Low,Yes,1,Medium
C001532,P2011,Street Infrastructure,Bus Shelter Damaged,Rajarajeshwari Nagar,2025-12-06,Resolved,130,13,No,Low,No,16,Medium
C001533,P0119,Road Infrastructure,Speed Breaker Required,Ulsoor,2025-12-06,Resolved,250,29,Yes,High,Yes,6,Critical
C001534,P1458,Drainage,Drain Overflow,Chickpet,2025-12-06,Resolved,70,19,Yes,Medium,No,2,Medium
C001535,P2217,Revenue Department,Trade Licence Issue,Hosahalli,2025-12-06,Closed,2,0,No,None,No,1,Low
C001536,P2865,Water Supply,Pipeline Leakage,Dasarahalli,2025-12-06,Closed,110,12,No,Medium,No,8,High
C001537,P2311,Solid Waste Management,Garbage Not Collected,Mathikere,2025-12-06,Closed,45,2,No,High,,2,High
C001538,P1899,Solid Waste Management,Garbage Vehicle Not Arrived,Yelahanka,2025-12-06,Closed,50,1,No,Low,Yes,2,Medium
C001539,P2831,Health,Public Health Sanitation Issue,Bellandur,2025-12-06,Resolved,159,30,No,None,Yes,4,Low
C001540,P1206,Health,Public Health Sanitation Issue,Bellandur,2025-12-06,Closed,95,26,No,None,Yes,6,Low
C001541,P2928,Electrical,Street Light Not Working,Basavanagudi,2025-12-06,Resolved,60,6,,None,Yes,2,High
C001542,P0323,Solid Waste Management,Garbage Vehicle Not Arrived,Padmanabhanagar,2025-12-06,Closed,42,6,No,Medium,No,3,Medium
C001543,P2508,Solid Waste Management,Garbage Not Collected,Marathahalli,2025-12-06,Resolved,35,1,No,High,Yes,6,High
C001544,P0243,Solid Waste Management,Garbage Not Collected,Mathikere,2025-12-06,Closed,50,2,No,High,Yes,2,High
C001545,P0424,Street Infrastructure,Damaged Footpath Railing,Sarakki,2025-12-06,In Progress,250,27,No,Low,,3,Medium
C001546,P1860,Solid Waste Management,Garbage Not Collected,Jayanagar,2025-12-06,Resolved,80,6,No,High,No,6,High
C001547,P2790,Drainage,Drain Overflow,Chickpet,2025-12-07,Closed,60,24,Yes,Medium,No,2,Medium
C001548,P0559,Drainage,Drain Overflow,Chickpet,2025-12-07,Closed,65,20,Yes,Medium,No,1,Medium
C001549,P2708,Public Sanitation,Public Toilet Not Maintained,Ulsoor,2025-12-07,Closed,25,1,Yes,Medium,No,6,Low
C001550,P1429,Solid Waste Management,Garbage Dump,Kadugodi,2025-12-07,Closed,20,5,No,Low,Yes,8,Medium
C001551,P1072,Public Sanitation,Public Toilet Not Maintained,Ulsoor,2025-12-07,In Progress,25,2,Yes,Low,No,4,Low
C001552,P1725,Solid Waste Management,Garbage Dumping in Vacant Site,Rajarajeshwari Nagar,2025-12-07,Closed,15,,No,Critical,No,8,Medium
C001553,P2314,Public Sanitation,Public Toilet Not Maintained,Ulsoor,2025-12-07,Closed,25,1,Yes,Low,No,4,Low
C001554,P0726,Solid Waste Management,Garbage Not Collected,Marathahalli,2025-12-07,Resolved,30,1,No,High,Yes,8,High
C001555,P0726,Solid Waste Management,Garbage Not Collected,Marathahalli,2025-12-07,Resolved,30,1,No,High,Yes,8,High
C001556,P1141,Solid Waste Management,Garbage Not Collected,Marathahalli,2025-12-07,In Progress,30,,No,High,Yes,8,High
C001557,P0100,Solid Waste Management,Garbage Not Collected,Marathahalli,2025-12-07,Resolved,30,1,No,High,Yes,6,High
C001558,P1758,Electrical,Street Light Not Working,Hennur,2025-12-07,Closed,26,2,Yes,Medium,No,2,High
C001559,P2920,Health,Public Health Sanitation Issue,Bellandur,2025-12-08,Closed,110,20,No,None,Yes,4,Low
C001560,P0338,Electrical,Street Light Not Working,Hennur,2025-12-08,Closed,26,1,No,Medium,No,3,High
C001561,P0792,Sewerage,Sewage Overflow,Vasanthnagar,2025-12-08,In Progress,280,18,No,Critical,Yes,4,Critical
C001562,P1849,Public Sanitation,Public Toilet Not Maintained,Shivajinagar,2025-12-08,Closed,1200,29,Yes,Low,No,6,Medium
C001563,P2454,Solid Waste Management,Garbage Dumping in Vacant Site,Yelahanka,2025-12-08,Closed,50,60,No,None,No,6,Medium
C001564,P2915,Electrical,Street Light Not Working,Hennur,2025-12-08,Resolved,19,,No,Medium,No,1,Medium
C001565,P2090,Solid Waste Management,Sweeping Not Done,Anjanapura,2025-12-08,Resolved,66,3,No,None,No,4,Low
C001566,P1626,Solid Waste Management,Sweeping Not Done,Anjanapura,2025-12-08,Closed,66,7,No,None,No,3,Low
C001567,P1626,Solid Waste Management,Sweeping Not Done,Anjanapura,2025-12-08,Closed,66,7,No,None,No,3,Low
C001568,P0911,Revenue Department,Khata Related Issue,Sarakki,2025-12-08,Closed,6,1,No,None,Yes,2,Low
C001569,P2224,Electrical,Street Light Not Working,Hennur,2025-12-08,Closed,20,1,No,High,No,2,Medium
C001570,P0691,Sewerage,Sewage Overflow,Vasanthnagar,2025-12-08,Closed,350,22,No,Critical,No,4,Critical
C001571,P2224,Others,Miscellaneous Complaint,Hennur,2025-12-08,Resolved,7,2,No,None,Yes,4,Low
C001572,P0243,Public Sanitation,Public Toilet Not Maintained,Mathikere,2025-12-08,Closed,120,8,No,Low,Yes,8,Low
C001573,P0099,Electrical,Street Light Not Working,Hennur,2025-12-08,Resolved,50,2,No,Medium,No,2,Medium
C001574,P0126,Electrical,Damaged Street Light,Malleshwaram,2025-12-08,Closed,56,1,No,Low,No,1,Low
C001575,P2201,Water Supply,Pipeline Leakage,Bellandur,2025-12-09,Closed,130,4,Yes,Low,No,12,Medium
C001576,P0044,Solid Waste Management,Garbage Dump,Varthur,2025-12-09,Closed,200,12,No,None,No,2,Low
C001577,P1368,Water Supply,Pipeline Leakage,Bellandur,2025-12-09,Closed,170,4,Yes,Low,Yes,12,Medium
C001578,P2783,Solid Waste Management,Garbage Vehicle Not Arrived,Rajajinagar,2025-12-09,Closed,280,51,Yes,Critical,Yes,2,High
C001579,P2959,Water Supply,Water Leakage,Hebbal,2025-12-09,Closed,70,2,Yes,Low,No,4,Medium
C001580,P0826,Water Supply,Pipeline Leakage,Bellandur,2025-12-09,Resolved,130,4,Yes,Medium,No,12,Medium
C001581,P1055,Solid Waste Management,Garbage Dump,Kadugodi,2025-12-09,Closed,20,1,No,High,Yes,8,Low
C001582,P1510,Water Supply,Pipeline Leakage,Bellandur,2025-12-09,Resolved,130,3,Yes,Low,No,16,Medium
C001583,P1157,Health,Stray Dog Menace,Sadashivanagar,2025-12-09,Closed,159,10,No,Critical,Yes,8,Medium
C001584,P2189,Sewerage,Sewer Line Blockage,Yeshwanthpur,2025-12-09,Closed,50,1,Yes,None,No,8,Low
C001585,P0593,Solid Waste Management,Garbage Not Collected,Malleshwaram,2025-12-09,Resolved,60,4,No,Low,Yes,2,Low
C001586,P0173,Street Infrastructure,Bus Shelter Damaged,Hoodi,2025-12-09,In Progress,120,10,Yes,Medium,No,4,Low
C001587,P1257,Solid Waste Management,Garbage Dump,Kadugodi,2025-12-09,Closed,10,0,No,High,Yes,8,Low
C001588,P2707,Road Infrastructure,Speed Breaker Required,Sadashivanagar,2025-12-09,Closed,450,107,No,Medium,No,16,Medium
C001589,P0546,Water Supply,No Water Supply,Hebbal,2025-12-09,Closed,65,9,Yes,High,No,12,High
C001590,P0202,Solid Waste Management,Garbage Vehicle Not Arrived,Rajajinagar,2025-12-09,Closed,190,16,Yes,Critical,Yes,2,High
C001591,P0057,Revenue Department,Khata Related Issue,Ulsoor,2025-12-09,Closed,8,1,No,None,Yes,1,Low
C001592,P2732,Solid Waste Management,Garbage Dump,Varthur,2025-12-09,Resolved,265,15,No,None,No,2,Low
C001593,P1368,Others,Illegal Construction,Bellandur,2025-12-09,Resolved,35,0,No,Medium,No,16,Low
C001594,P1581,Public Sanitation,Garbage Burning,Chickpet,2025-12-09,Closed,360,72,No,High,No,1,Low
C001595,P0960,Water Supply,Pipeline Leakage,Bellandur,2025-12-09,Resolved,130,4,Yes,Medium,No,12,Medium
C001596,P2939,Water Supply,Pipeline Leakage,Bellandur,2025-12-09,Closed,95,3,Yes,None,No,12,Medium
C001597,P1544,Electrical,Street Light Not Working,Byatarayanapura,2025-12-09,Closed,10,1,No,None,Yes,0.5,Medium
C001598,P0067,Road Maintenance,Footpath Damage,Sarakki,2025-12-09,Resolved,70,11,No,Low,No,4,Low
C001599,P2921,Solid Waste Management,Garbage Not Collected,Malleshwaram,2025-12-09,Resolved,60,3,No,Medium,Yes,2,Low
C001600,P0999,Public Sanitation,Garbage Burning,Chamrajpet,2025-12-09,Closed,20,0,No,Medium,No,1,Medium
C001601,P1956,Drainage,Open Drain,Chamrajpet,2025-12-09,Closed,15,3,No,Medium,Yes,8,Medium
C001602,P1297,Solid Waste Management,Garbage Dump,Kadugodi,2025-12-09,Closed,10,1,No,High,Yes,8,Low
C001603,P1820,Solid Waste Management,Garbage Dump,Varthur,2025-12-09,Closed,260,12,No,None,No,2,Low
C001604,P1754,Water Supply,Water Leakage,Hebbal,2025-12-09,Closed,100,5,No,Low,No,4,Medium
C001605,P0482,Water Supply,Pipeline Leakage,Bellandur,2025-12-09,Closed,130,3,Yes,Low,No,12,Medium
C001606,P0712,Sewerage,Sewage Overflow,Vasanthnagar,2025-12-09,Closed,280,13,No,Critical,Yes,4,Critical
C001607,P2187,Road Maintenance,Footpath Damage,Mathikere,2025-12-10,Closed,40,6,No,Low,Yes,4,High
C001608,P0675,Water Supply,Pipeline Leakage,Bellandur,2025-12-10,Closed,130,3,Yes,Low,No,12,Medium
C001609,P0020,Solid Waste Management,Garbage Not Collected,Rajajinagar,2025-12-10,Resolved,10,1,No,Critical,Yes,1,Critical
C001610,P2444,Water Supply,Pipeline Leakage,Bellandur,2025-12-10,In Progress,150,4,,Low,No,12,Medium
C001611,P1735,Health,Stray Dog Menace,Sadashivanagar,2025-12-10,Resolved,159,10,No,Critical,Yes,8,Critical
C001612,P0730,Sewerage,Sewage Overflow,Electronic City,2025-12-10,Resolved,40,16,Yes,None,No,8,Medium
C001613,P1574,Water Supply,Pipeline Leakage,Bellandur,2025-12-10,Closed,140,3,Yes,Low,,12,Medium
C001614,P1572,Electrical,Street Light Not Working,Hennur,2025-12-10,Closed,26,2,No,Medium,No,2,Medium
C001615,P2017,Sewerage,Sewage Overflow,Electronic City,2025-12-10,Closed,35,6,Yes,None,Yes,12,Medium
C001616,P1506,Sewerage,Sewage Overflow,Electronic City,2025-12-10,Resolved,40,14,Yes,None,No,16,Medium
C001617,P0236,Water Supply,Pipeline Leakage,Bellandur,2025-12-10,Closed,130,3,Yes,None,No,12,Medium
C001618,P1220,Street Infrastructure,Fallen Tree Branch,Hoodi,2025-12-10,Resolved,75,1,Yes,High,,6,Low
C001619,P1765,Water Supply,Pipeline Leakage,Bellandur,2025-12-10,Resolved,130,3,Yes,Medium,No,12,Medium
C001620,P1810,Water Supply,Pipeline Leakage,Bellandur,2025-12-10,In Progress,65,2,Yes,Low,No,12,Medium
C001621,P1407,Others,Miscellaneous Complaint,Yeshwanthpur,2025-12-10,Resolved,55,5,No,Low,No,3,Low
C001622,P2359,Solid Waste Management,Garbage Dump,Varthur,2025-12-10,Resolved,190,10,No,None,No,1,Low
C001623,P1084,Water Supply,Pipeline Leakage,Bellandur,2025-12-10,Resolved,190,4,Yes,Low,No,12,Medium
C001624,P0334,Water Supply,No Water Supply,Hebbal,2025-12-10,Resolved,90,10,Yes,High,No,8,High
C001625,P2766,Road Maintenance,Footpath Damage,Sarakki,2025-12-10,Closed,70,18,No,Low,No,4,Low
C001626,P1263,Water Supply,Pipeline Leakage,Bellandur,2025-12-10,Closed,130,2,Yes,Low,No,12,Medium
C001627,P1609,Sewerage,Sewage Overflow,Electronic City,2025-12-10,Closed,56,14,Yes,None,Yes,8,Medium
C001628,P0143,Road Maintenance,Footpath Damage,Sarakki,2025-12-10,Resolved,70,17,No,Low,No,4,Low
C001629,P0057,Revenue Department,Khata Related Issue,Ulsoor,2025-12-10,Closed,8,1,No,None,Yes,1,Low
C001630,P1520,Water Supply,No Water Supply,Chickpet,2025-12-10,Closed,110,15,Yes,Medium,No,8,Critical
C001631,P1467,Drainage,Open Drain,Chamrajpet,2025-12-10,Resolved,20,4,No,High,No,6,Medium
C001632,P1127,Solid Waste Management,Garbage Dump,Varthur,2025-12-10,Closed,200,7,No,None,No,2,Low
C001633,P2655,Sewerage,Sewage Overflow,Electronic City,2025-12-10,Resolved,40,14,No,None,Yes,12,Medium
C001634,P2752,Water Supply,Pipeline Leakage,Bellandur,2025-12-10,Resolved,130,4,Yes,Low,No,12,Medium
C001635,P0112,Drainage,Open Drain,Banaswadi,2025-12-10,Resolved,53,2,Yes,Medium,No,24,High
C001636,P0655,Road Maintenance,Pothole,Electronic City,2025-12-10,Closed,86,7,No,Low,No,3,Medium
C001637,P2535,Sewerage,Sewer Line Blockage,Shivajinagar,2025-12-10,Resolved,120,8,No,Low,Yes,4,High
C001638,P0169,Electrical,Street Light Not Working,JP Nagar,2025-12-10,Closed,60,1,No,Medium,Yes,1,Low
C001639,P0322,Road Maintenance,Pothole,Electronic City,2025-12-10,Closed,86,9,No,Low,No,4,Medium
C001640,P2795,Sewerage,Sewage Overflow,Electronic City,2025-12-10,Closed,40,9,Yes,None,Yes,8,Medium
C001641,P1467,Public Sanitation,Garbage Burning,Chamrajpet,2025-12-10,Closed,35,1,No,Medium,No,1,Medium
C001642,P0708,Sewerage,Sewage Overflow,Electronic City,2025-12-10,Closed,50,13,Yes,None,Yes,12,Medium
C001643,P0322,Solid Waste Management,Sweeping Not Done,Sarakki,2025-12-10,Resolved,2,0,No,Low,Yes,6,Low
C001644,P0730,Road Maintenance,Pothole,Electronic City,2025-12-10,Resolved,120,12,No,Low,No,4,Medium
C001645,P0965,Sewerage,Sewage Overflow,Electronic City,2025-12-11,Closed,40,7,Yes,None,Yes,8,Medium
C001646,P0118,Solid Waste Management,Garbage Not Collected,Malleshwaram,2025-12-11,Resolved,45,2,No,Medium,No,2,Low
C001647,P1556,Electrical,Damaged Street Light,Jalahalli,2025-12-11,Resolved,70,4,No,Low,No,4,Low
C001648,P0293,Public Sanitation,Garbage Burning,Hennur,2025-12-11,Resolved,110,6,No,Low,Yes,3,Medium
C001649,P1521,Drainage,Open Drain,Banaswadi,2025-12-11,Closed,53,2,Yes,Medium,No,36,High
C001650,P1521,Drainage,Open Drain,Banaswadi,2025-12-11,Closed,78,2,Yes,Medium,No,36,High
C001651,P0211,Road Maintenance,Pothole,Bellandur,2025-12-11,Resolved,440,77,No,Medium,No,2,Medium
C001652,P0315,Water Supply,Pipeline Leakage,Bellandur,2025-12-11,Resolved,130,3,Yes,Low,Yes,,Medium
C001653,P2611,Road Maintenance,Pothole,Electronic City,2025-12-11,Closed,86,8,No,Low,No,4,Medium
C001654,P1498,Drainage,Drain Blockage,Basavanagudi,2025-12-11,Closed,100,14,Yes,High,Yes,4,Critical
C001655,P0531,Sewerage,Sewage Overflow,Electronic City,2025-12-11,Closed,25,9,Yes,None,Yes,12,Medium
C001656,P0461,Water Supply,No Water Supply,Chickpet,2025-12-11,Resolved,85,11,Yes,Medium,No,8,Critical
C001657,P0422,Road Infrastructure,Road Encroachment,BTM Layout,2025-12-11,Closed,45,1,No,Medium,Yes,16,Medium
C001658,P0322,Sewerage,Sewage Overflow,Electronic City,2025-12-11,Resolved,40,11,Yes,None,Yes,12,Medium
C001659,P0439,Sewerage,Sewage Overflow,Electronic City,2025-12-11,Closed,40,12,Yes,None,No,12,Medium
C001660,P1240,Electrical,Street Light Not Working,Byatarayanapura,2025-12-11,Closed,10,1,No,None,Yes,1,Low
C001661,P2919,Water Supply,Pipeline Leakage,Bellandur,2025-12-11,Resolved,130,3,Yes,Low,No,12,Medium
C001662,P0349,Sewerage,Sewage Overflow,Electronic City,2025-12-11,Resolved,45,12,Yes,None,,16,Medium
C001663,P1626,Public Sanitation,Garbage Burning,Chamrajpet,2025-12-11,Resolved,50,2,No,Medium,No,0.5,Medium
C001664,P0545,Sewerage,Sewage Overflow,Electronic City,2025-12-11,Closed,35,8,Yes,None,Yes,12,Medium
C001665,P2776,Drainage,Open Drain,Chamrajpet,2025-12-11,Resolved,20,4,No,Medium,No,6,Medium
C001666,P0349,Road Maintenance,Pothole,Electronic City,2025-12-11,Closed,86,9,No,Low,No,4,Medium
C001667,P2829,Water Supply,Pipeline Leakage,Bellandur,2025-12-11,Resolved,130,4,Yes,Low,No,12,Medium
C001668,P2159,Solid Waste Management,Garbage Vehicle Not Arrived,JP Nagar,2025-12-11,Resolved,170,7,No,Low,No,4,Medium
C001669,P0313,Drainage,Damaged Drain,Rajajinagar,2025-12-11,Resolved,180,1,Yes,Medium,No,8,Medium
C001670,P1737,Water Supply,Pipeline Leakage,Bellandur,2025-12-11,Closed,130,3,Yes,,No,12,Medium
C001671,P1157,Health,Stray Dog Menace,Sadashivanagar,2025-12-11,Closed,159,10,No,Critical,Yes,8,Medium
C001672,P0403,Solid Waste Management,Garbage Not Collected,Rajajinagar,2025-12-11,Closed,10,1,No,Critical,Yes,1,Critical
C001673,P0795,Drainage,Damaged Drain,Rajajinagar,2025-12-11,Closed,120,1,Yes,Medium,No,8,Medium
C001674,P1742,Water Supply,Pipeline Leakage,Bellandur,2025-12-11,Resolved,200,6,Yes,Low,No,12,Medium
C001675,P0175,Sewerage,Sewage Overflow,Electronic City,2025-12-11,Closed,40,14,Yes,None,Yes,12,Medium
C001676,P0158,Solid Waste Management,Garbage Vehicle Not Arrived,JP Nagar,2025-12-11,Closed,130,7,No,Low,No,4,Medium
C001677,P0158,Solid Waste Management,Garbage Vehicle Not Arrived,JP Nagar,2025-12-11,Registered,130,7,No,Low,No,4,Medium
C001678,P0749,Solid Waste Management,Garbage Vehicle Not Arrived,JP Nagar,2025-12-11,Resolved,140,5,Yes,Low,No,4,Medium
C001679,P1371,Solid Waste Management,Garbage Vehicle Not Arrived,JP Nagar,2025-12-11,Resolved,130,4,No,Low,Yes,4,Medium
C001680,P1426,Solid Waste Management,Garbage Vehicle Not Arrived,JP Nagar,2025-12-11,Closed,130,6,No,Medium,No,4,Medium
C001681,P1504,Road Maintenance,Pothole,Bellandur,2025-12-11,Closed,430,44,No,Medium,No,2,Medium
C001682,P2291,Solid Waste Management,Garbage Vehicle Not Arrived,JP Nagar,2025-12-12,Resolved,110,5,No,Low,No,4,Medium
C001683,P2744,Solid Waste Management,Garbage Vehicle Not Arrived,JP Nagar,2025-12-12,Closed,130,4,No,Low,Yes,4,Medium
C001684,P0719,Sewerage,Sewage Overflow,Electronic City,2025-12-12,Closed,40,9,Yes,None,Yes,12,Medium
C001685,P0719,Sewerage,Sewage Overflow,Electronic City,2025-12-12,Closed,40,9,Yes,Low,,12,Medium
C001686,P1036,Street Infrastructure,Bus Shelter Damaged,Ulsoor,2025-12-12,Closed,54,18,No,Medium,No,8,Medium
C001687,P0919,Sewerage,Sewage Overflow,Electronic City,2025-12-12,Closed,45,14,Yes,None,Yes,12,Medium
C001688,P0838,Sewerage,Sewage Overflow,Electronic City,2025-12-12,Closed,40,16,Yes,None,Yes,12,Medium
C001689,P2152,Street Infrastructure,Damaged Signboard,Rajajinagar,2025-12-12,Closed,10,0,No,Low,No,4,Low
C001690,P0731,Drainage,Drain Overflow,Ulsoor,2025-12-12,Closed,45,2,Yes,None,No,4,Medium
C001691,P0814,Solid Waste Management,Garbage Vehicle Not Arrived,JP Nagar,2025-12-12,Closed,210,12,No,Low,No,4,Medium
C001692,P1619,Solid Waste Management,Garbage Dumping in Vacant Site,Rajajinagar,2025-12-12,Closed,58,9,,Medium,No,2,Medium
C001693,P0814,Electrical,Street Light Not Working,JP Nagar,2025-12-12,Closed,70,1,,Medium,Yes,1,Low
C001694,P0252,Sewerage,Sewage Overflow,Electronic City,2025-12-12,Closed,25,7,Yes,None,Yes,12,Medium
C001695,P2976,Solid Waste Management,Garbage Dumping in Vacant Site,Rajajinagar,2025-12-12,Closed,58,6,Yes,Medium,No,2,Medium
C001696,P1796,Street Infrastructure,Bus Shelter Damaged,Sarakki,2025-12-12,Closed,272,56,No,Low,No,4,Medium
C001697,P2783,Solid Waste Management,Garbage Dumping in Vacant Site,Rajajinagar,2025-12-12,Closed,58,9,Yes,Medium,Yes,2,Medium
C001698,P0791,Road Maintenance,Pothole,Electronic City,2025-12-12,Resolved,95,6,No,Low,No,4,Medium
C001699,P2199,Sewerage,Sewage Overflow,Electronic City,2025-12-12,Closed,40,9,Yes,Low,Yes,12,Medium
C001700,P1949,Road Maintenance,Pothole,Electronic City,2025-12-12,Closed,86,7,No,Low,No,3,Medium
C001701,P0200,Solid Waste Management,Garbage Vehicle Not Arrived,JP Nagar,2025-12-13,Closed,,5,No,Low,No,6,Medium
C001702,P0586,Sewerage,Sewer Line Blockage,Ulsoor,2025-12-13,In Progress,140,16,No,Critical,No,8,High
C001703,P2487,Electrical,Street Light Not Working,Hebbal,2025-12-13,Resolved,10,1,No,None,Yes,1,Low
C001704,P1092,Drainage,Drain Overflow,Domlur,2025-12-13,Resolved,300,8,No,High,No,2,High
C001705,P0808,Solid Waste Management,Garbage Vehicle Not Arrived,JP Nagar,2025-12-13,Closed,130,6,No,None,No,3,Medium
C001706,P2410,Solid Waste Management,Garbage Not Collected,BTM Layout,2025-12-13,Closed,180,23,Yes,Low,No,4,Medium
C001707,P2291,Solid Waste Management,Garbage Not Collected,BTM Layout,2025-12-13,Resolved,210,42,Yes,Low,No,4,Medium
C001708,P0999,Drainage,Drain Blockage,Chamrajpet,2025-12-13,Closed,20,7,No,Medium,Yes,2,Low
C001709,P2890,Solid Waste Management,Garbage Not Collected,BTM Layout,2025-12-13,Resolved,140,14,Yes,Low,No,4,Medium
C001710,P0279,Solid Waste Management,Garbage Vehicle Not Arrived,JP Nagar,2025-12-13,Closed,,9,No,Low,No,4,Medium
C001711,P0226,Solid Waste Management,Garbage Not Collected,BTM Layout,2025-12-13,Closed,200,34,Yes,Low,No,4,Medium
C001712,P2226,Drainage,Drain Blockage,Basavanagudi,2025-12-13,Closed,120,,Yes,High,No,3,Critical
C001713,P1206,Solid Waste Management,Garbage Dumping in Vacant Site,Bellandur,2025-12-13,Resolved,25,1,,Low,No,12,Low
C001714,P2159,Solid Waste Management,Garbage Vehicle Not Arrived,JP Nagar,2025-12-13,Resolved,170,7,No,Low,No,,Medium
C001715,P1826,Revenue Department,Khata Related Issue,Kadugodi,2025-12-14,Closed,2,0,No,None,Yes,1,Low
C001716,P2614,Electrical,Street Light Not Working,Hebbal,2025-12-14,Resolved,10,1,No,None,Yes,1,Low
C001717,P0669,Electrical,Street Light Not Working,Hosahalli,2025-12-14,Closed,4,0,No,High,Yes,2,Medium
C001718,P2113,Solid Waste Management,Garbage Not Collected,BTM Layout,2025-12-14,Closed,200,21,Yes,Low,No,4,Medium
C001719,P0115,Drainage,Drain Overflow,Ulsoor,2025-12-14,Closed,45,3,Yes,None,No,4,Medium
C001720,P0115,Drainage,Drain Overflow,Ulsoor,2025-12-14,Closed,45,3,Yes,None,No,4,Medium
C001721,P1766,Sewerage,Sewer Line Blockage,Ulsoor,2025-12-14,Closed,110,8,No,Critical,No,12,High
C001722,P2947,Street Infrastructure,Bus Shelter Damaged,Ulsoor,2025-12-14,Resolved,54,10,No,Medium,No,8,Medium
C001723,P0383,Electrical,Street Light Not Working,Hosahalli,2025-12-14,Closed,2,0,No,High,Yes,1,Low
C001724,P0844,Electrical,Street Light Not Working,Kodigehalli,2025-12-14,Closed,67,28,No,Low,Yes,1,Medium
C001725,P0010,Solid Waste Management,Garbage Not Collected,BTM Layout,2025-12-14,Closed,200,32,Yes,Low,No,4,Low
C001726,P2550,Revenue Department,Khata Related Issue,HSR Layout,2025-12-14,Resolved,20,2,No,None,Yes,0.5,Low
C001727,P1615,Water Supply,No Water Supply,Bellandur,2025-12-14,Closed,490,95,Yes,Critical,Yes,8,Critical
C001728,P0999,Drainage,Drain Blockage,Chamrajpet,2025-12-14,Closed,20,7,No,Medium,Yes,2,Low
C001729,P0692,Water Supply,Pipeline Leakage,Hosahalli,2025-12-15,In Progress,100,10,No,Medium,No,6,Medium
C001730,P0706,Water Supply,Water Leakage,Shantinagar,2025-12-15,Closed,80,22,Yes,Low,No,8,Medium
C001731,P0215,Electrical,Street Light Not Working,Hoodi,2025-12-15,Resolved,70,4,No,Low,Yes,2,Medium
C001732,P2849,Sewerage,Sewer Line Blockage,Marathahalli,2025-12-15,Resolved,2000,449,No,High,Yes,8,Critical
C001733,P0013,Solid Waste Management,Garbage Not Collected,BTM Layout,2025-12-15,Resolved,200,38,Yes,Low,No,4,Medium
C001734,P1473,Sewerage,Sewage Overflow,Yelahanka,2025-12-15,Closed,25,0,No,Medium,Yes,6,Medium
C001735,P0374,Solid Waste Management,Garbage Dump,Whitefield,2025-12-15,Closed,75,2,No,None,Yes,4,Medium
C001736,P1066,Solid Waste Management,Garbage Not Collected,BTM Layout,2025-12-15,Closed,200,40,No,Low,No,3,Medium
C001737,P0808,Solid Waste Management,Garbage Vehicle Not Arrived,JP Nagar,2025-12-15,Closed,130,,No,None,No,3,Medium
C001738,P0347,Revenue Department,Trade Licence Issue,Electronic City,2025-12-15,Closed,1,0,No,None,Yes,0.5,Low
C001739,P2069,Solid Waste Management,Sweeping Not Done,Kammanahalli,2025-12-15,Closed,20,1,No,High,No,2,Medium
C001740,P0078,Street Infrastructure,Damaged Footpath Railing,Hosahalli,2025-12-15,Closed,110,12,No,Low,No,6,Low
C001741,P1279,Water Supply,No Water Supply,Vijayanagar,2025-12-15,Resolved,690,36,Yes,Medium,No,3,High
C001742,P1012,Solid Waste Management,Garbage Dump,Whitefield,2025-12-15,Closed,120,3,No,None,Yes,6,Medium
C001743,P0970,Electrical,Street Light Not Working,Hosahalli,2025-12-15,Resolved,2,0,Yes,High,Yes,1,Medium
C001744,P0999,Road Maintenance,Road Surface Damage,Chamrajpet,2025-12-15,Resolved,45,3,No,High,No,8,Medium
C001745,P0260,Water Supply,No Water Supply,Vijayanagar,2025-12-15,Closed,950,55,Yes,Medium,No,3,High
C001746,P0902,Electrical,Street Light Not Working,Vasanthnagar,2025-12-15,Resolved,19,1,No,Medium,No,,Medium
C001747,P1467,Road Maintenance,Road Surface Damage,Chamrajpet,2025-12-16,Closed,45,2,Yes,High,No,8,Medium
C001748,P2789,Water Supply,Water Leakage,Malleshwaram,2025-12-16,Closed,340,21,Yes,Low,No,2,Medium
C001749,P0473,Solid Waste Management,Garbage Not Collected,Kadugodi,2025-12-16,Closed,25,1,Yes,Medium,Yes,1,Medium
C001750,P2166,Water Supply,Pipeline Leakage,Whitefield,2025-12-16,Closed,110,25,Yes,Low,No,4,Low
C001751,P0844,Electrical,Street Light Not Working,Kodigehalli,2025-12-16,Closed,67,28,No,Low,Yes,1,Medium
C001752,P1314,Others,Miscellaneous Complaint,Varthur,2025-12-16,Closed,30,2,No,High,No,,Low
C001753,P2097,Public Sanitation,Unclean Public Area,Padmanabhanagar,2025-12-16,Resolved,260,29,No,Low,Yes,6,Low
C001754,P1095,Solid Waste Management,Garbage Not Collected,HSR Layout,2025-12-16,Resolved,108,15,No,Medium,No,6,Medium
C001755,P2843,Street Infrastructure,Damaged Footpath Railing,Yelahanka,2025-12-16,Closed,80,8,No,High,No,8,High
C001756,P1012,Water Supply,Pipeline Leakage,Whitefield,2025-12-16,Resolved,200,25,Yes,Low,No,,Low
C001757,P0071,Water Supply,No Water Supply,Vijayanagar,2025-12-16,Closed,690,,Yes,Medium,Yes,4,High
C001758,P1950,Electrical,Street Light Not Working,Kodigehalli,2025-12-16,Closed,70,41,No,Low,Yes,1,Medium
C001759,P2110,Electrical,Street Light Not Working,Sarakki,2025-12-16,Resolved,40,1,No,Low,Yes,0.5,Low
C001760,P1702,Water Supply,No Water Supply,Vijayanagar,2025-12-16,Resolved,750,52,Yes,Low,No,4,High
C001761,P1783,Electrical,Street Light Not Working,Electronic City,2025-12-17,In Progress,140,26,No,None,No,6,Medium
C001762,P1948,Water Supply,Water Leakage,Shantinagar,2025-12-17,Closed,210,78,No,Low,No,8,Medium
C001763,P0772,Water Supply,Water Leakage,JP Nagar,2025-12-17,Closed,40,6,No,None,Yes,8,Low
C001764,P0162,Electrical,Street Light Not Working,Electronic City,2025-12-17,Resolved,130,25,No,None,No,4,Medium
C001765,P0473,Others,Stray Cattle on Road,Kadugodi,2025-12-17,Resolved,25,2,No,None,Yes,2,Low
C001766,P2217,Electrical,Street Light Not Working,Hosahalli,2025-12-17,Closed,4,0,No,High,Yes,1,Medium
C001767,P1350,Public Sanitation,Unclean Public Area,Kadugodi,2025-12-17,Closed,75,5,No,Medium,Yes,8,Low
C001768,P0071,Water Supply,No Water Supply,Vijayanagar,2025-12-17,Closed,690,29,Yes,Medium,Yes,4,High
C001769,P1619,Sewerage,Sewer Line Blockage,Rajajinagar,2025-12-17,Closed,150,4,No,High,No,8,Medium
C001770,P0011,Solid Waste Management,Garbage Not Collected,HSR Layout,2025-12-17,Resolved,108,25,No,Medium,,4,Medium
C001771,P1775,Road Maintenance,Footpath Damage,HSR Layout,2025-12-17,Closed,75,16,No,Medium,No,12,Medium
C001772,P0264,Electrical,Street Light Not Working,Vasanthnagar,2025-12-17,Closed,15,1,No,Medium,Yes,3,Medium
C001773,P2903,Road Maintenance,Road Maintenance Required,Dasarahalli,2025-12-17,Closed,35,5,No,None,No,4,Low
C001774,P2945,Others,Stray Cattle on Road,Kadugodi,2025-12-17,Resolved,40,2,No,None,Yes,2,Low
C001775,P0031,Solid Waste Management,Garbage Not Collected,Kadugodi,2025-12-17,Closed,15,1,Yes,Medium,Yes,1,Medium
C001776,P0349,Electrical,Street Light Not Working,Electronic City,2025-12-17,Resolved,90,18,No,None,No,4,Medium
C001777,P2611,Electrical,Street Light Not Working,Electronic City,2025-12-17,Closed,110,14,No,None,No,4,Medium
C001778,P0927,Public Sanitation,Unclean Public Area,Padmanabhanagar,2025-12-17,Resolved,280,27,No,Medium,Yes,8,Medium
C001779,P2238,Water Supply,Water Leakage,Malleshwaram,2025-12-18,Closed,340,27,Yes,Low,No,2,Medium
C001780,P2121,Water Supply,Low Water Pressure,Bellandur,2025-12-18,Resolved,35,3,Yes,Medium,No,2,High
C001781,P0571,Solid Waste Management,Sweeping Not Done,Kadugodi,2025-12-18,Resolved,45,6,No,Low,No,2,Medium
C001782,P2064,Solid Waste Management,Garbage Not Collected,Bellandur,2025-12-18,Resolved,45,14,Yes,Medium,No,8,High
C001783,P1130,Water Supply,Water Leakage,JP Nagar,2025-12-18,Resolved,45,6,No,None,Yes,8,Low
C001784,P0078,Solid Waste Management,Garbage Dumping in Vacant Site,Hosahalli,2025-12-18,Closed,15,1,Yes,Low,Yes,2,Low
C001785,P1687,Solid Waste Management,Garbage Dumping in Vacant Site,Hosahalli,2025-12-18,Closed,10,0,No,Low,Yes,2,Low
C001786,P0018,Solid Waste Management,Garbage Not Collected,Bellandur,2025-12-18,Closed,60,11,Yes,Medium,Yes,8,High
C001787,P0810,Road Maintenance,Pothole,Banaswadi,2025-12-18,Closed,40,4,No,High,No,4,Medium
C001788,P2435,Water Supply,Water Leakage,Dasarahalli,2025-12-18,Closed,524,105,Yes,None,No,2,High
C001789,P2121,Road Maintenance,Pothole,Bellandur,2025-12-18,Closed,140,3,No,Low,Yes,4,Medium
C001790,P2271,Water Supply,No Water Supply,Chickpet,2025-12-18,Resolved,1633,294,Yes,High,Yes,3,Critical
C001791,P0179,Drainage,Drain Blockage,Anjanapura,2025-12-18,Closed,,,Yes,None,Yes,12,High
C001792,P0761,Road Maintenance,Pothole,Banaswadi,2025-12-18,Closed,70,5,No,High,No,4,Medium
C001793,P0651,Road Maintenance,Road Surface Damage,Whitefield,2025-12-18,Closed,496,,No,Medium,No,12,Medium
C001794,P0014,Water Supply,Water Leakage,Dasarahalli,2025-12-18,Closed,354,133,Yes,None,No,2,High
C001795,P2641,Water Supply,Low Water Pressure,Bellandur,2025-12-18,Resolved,30,4,Yes,Medium,No,2,High
C001796,P1273,Sewerage,Sewer Line Blockage,Rajajinagar,2025-12-19,Closed,87,3,Yes,High,No,8,Medium
C001797,P2789,Electrical,Multiple Street Lights Not Working,Malleshwaram,2025-12-19,Closed,200,5,No,High,Yes,24,High
C001798,P1992,Drainage,Drain Blockage,Anjanapura,2025-12-19,Resolved,360,60,Yes,Low,Yes,12,High
C001799,P2436,Revenue Department,Trade Licence Issue,Shivajinagar,2025-12-19,Resolved,2,0,No,None,No,0.5,Low
C001800,P1368,Solid Waste Management,Garbage Not Collected,Bellandur,2025-12-19,Closed,,9,Yes,Medium,No,8,High
C001801,P1950,Water Supply,Pipeline Leakage,Kodigehalli,2025-12-19,Closed,220,234,Yes,Medium,Yes,4,High
C001802,P1143,Water Supply,Water Leakage,Hosahalli,2025-12-19,Closed,50,5,No,Low,Yes,12,Low
C001803,P0296,Others,Stray Cattle on Road,Jalahalli,2025-12-19,Closed,32,3,No,Critical,No,2,Low
C001804,P0108,Solid Waste Management,Garbage Dump,Hosahalli,2025-12-19,Closed,25,0,No,Medium,No,4,Medium
C001805,P0424,Solid Waste Management,Garbage Not Collected,Bellandur,2025-12-19,Resolved,45,13,Yes,Medium,Yes,6,High
C001806,P1766,Water Supply,Pipeline Leakage,Kodigehalli,2025-12-19,Resolved,240,18,Yes,Medium,Yes,6,High
C001807,P0167,Revenue Department,Khata Related Issue,Byatarayanapura,2025-12-19,Resolved,20,1,No,None,No,0.5,Low
C001808,P0125,Road Maintenance,Pothole,Banaswadi,2025-12-19,Resolved,70,4,No,High,No,6,Medium
C001809,P2253,Solid Waste Management,Garbage Not Collected,Bellandur,2025-12-19,Closed,45,12,Yes,Low,Yes,8,High
C001810,P2162,Water Supply,Pipeline Leakage,Kodigehalli,2025-12-19,Resolved,220,17,Yes,Medium,Yes,4,High
C001811,P0520,Electrical,Street Light Not Working,Mathikere,2025-12-19,Closed,9,0,Yes,High,No,2,Medium
C001812,P2829,Solid Waste Management,Garbage Not Collected,Bellandur,2025-12-19,Resolved,50,12,Yes,Low,Yes,8,High
C001813,P1760,Electrical,Damaged Street Light,Kadugodi,2025-12-20,Resolved,4,0,No,Critical,Yes,2,Medium
C001814,P0387,Solid Waste Management,Garbage Not Collected,Mahadevapura,2025-12-20,Closed,130,15,No,None,No,,Low
C001815,P0677,Sewerage,Sewage Overflow,Shantinagar,2025-12-20,Resolved,300,68,Yes,High,No,12,Critical
C001816,P2434,Sewerage,Sewage Overflow,Shantinagar,2025-12-20,Closed,310,76,Yes,Critical,Yes,8,Critical
C001817,P2504,Sewerage,Sewage Overflow,Shantinagar,2025-12-20,Resolved,370,81,Yes,High,No,12,Critical
C001818,P2538,Road Maintenance,Pothole,Bellandur,2025-12-20,Closed,140,4,No,Low,Yes,4,Medium
C001819,P1063,Electrical,Street Light Not Working,Mathikere,2025-12-20,Closed,7,0,No,Critical,Yes,2,Medium
C001820,P2538,Solid Waste Management,Garbage Not Collected,Bellandur,2025-12-20,Resolved,45,14,Yes,High,Yes,8,High
C001821,P1340,Road Infrastructure,Road Encroachment,Nagarbhavi,2025-12-20,Closed,150,10,No,Medium,No,8,Medium
C001822,P2293,Solid Waste Management,Garbage Dumping in Vacant Site,Hosahalli,2025-12-20,Closed,20,0,No,Low,No,2,Low
C001823,P2121,Water Supply,Low Water Pressure,Bellandur,2025-12-20,Resolved,35,3,Yes,Medium,No,,High
C001824,P1314,Public Sanitation,Unclean Public Area,Bommanahalli,2025-12-20,Closed,125,17,No,None,No,2,Medium
C001825,P1314,Public Sanitation,Unclean Public Area,Bommanahalli,2025-12-20,Closed,144,17,No,None,No,2,Medium
C001826,P1638,Electrical,Street Light Not Working,Hosahalli,2025-12-20,Resolved,45,30,No,Low,Yes,2,Medium
C001827,P2415,Solid Waste Management,Sweeping Not Done,Malleshwaram,2025-12-21,Closed,390,100,No,None,Yes,,Low
C001828,P2415,Solid Waste Management,Sweeping Not Done,Malleshwaram,2025-12-21,Closed,390,100,No,None,Yes,2,Low
C001829,P0114,Road Infrastructure,Road Encroachment,Kadugodi,2025-12-21,Resolved,30,1,No,None,Yes,4,Low
C001830,P0426,Sewerage,Sewage Overflow,Shantinagar,2025-12-21,Resolved,310,89,Yes,High,No,12,Critical
C001831,P2828,Water Supply,Water Leakage,Hosahalli,2025-12-21,Closed,50,7,Yes,Low,Yes,,Low
C001832,P2215,Solid Waste Management,Garbage Dump,Begur,2025-12-21,Closed,20,1,Yes,None,No,12,Low
C001833,P1514,Drainage,Drain Blockage,Kodigehalli,2025-12-21,Resolved,90,1,No,None,Yes,3,Medium
C001834,P2538,Sewerage,Sewage Overflow,Shantinagar,2025-12-21,Resolved,336,70,Yes,High,No,12,Critical
C001835,P0706,Sewerage,Sewage Overflow,Shantinagar,2025-12-21,Resolved,310,79,Yes,High,No,12,Critical
C001836,P1937,Sewerage,Sewage Overflow,Shantinagar,2025-12-21,Closed,310,105,Yes,High,No,12,Critical
C001837,P2737,Drainage,Damaged Drain,Mathikere,2025-12-21,Closed,150,,No,Medium,No,48,Medium
C001838,P0567,Water Supply,Pipeline Leakage,Kengeri,2025-12-21,In Progress,280,14,Yes,Low,No,8,Medium
C001839,P2132,Sewerage,Sewage Overflow,Shantinagar,2025-12-21,Closed,310,75,Yes,Critical,No,12,Critical
C001840,P0665,Electrical,Street Light Not Working,Mathikere,2025-12-21,Resolved,8,0,No,High,No,1,Medium
C001841,P2495,Public Sanitation,Unclean Public Area,Sarakki,2025-12-21,Closed,200,17,Yes,None,No,6,Low
C001842,P2333,Water Supply,Water Leakage,JP Nagar,2025-12-21,Closed,92,10,No,Low,No,8,Low
C001843,P0180,Sewerage,Sewage Overflow,Shantinagar,2025-12-21,Resolved,,130,Yes,High,No,12,Critical
C001844,P0575,Water Supply,Pipeline Leakage,Kengeri,2025-12-21,Closed,280,16,Yes,Low,No,6,Medium
C001845,P0680,Sewerage,Sewage Overflow,Shantinagar,2025-12-21,Resolved,245,49,Yes,High,No,16,Critical
C001846,P1199,Sewerage,Sewage Overflow,Shantinagar,2025-12-21,Resolved,310,69,Yes,High,No,12,Critical
C001847,P0062,Solid Waste Management,Sweeping Not Done,Malleshwaram,2025-12-21,Resolved,390,83,No,None,Yes,2,Low
C001848,P2734,Sewerage,Sewage Overflow,Shantinagar,2025-12-21,Closed,160,35,Yes,High,No,8,Critical
C001849,P0763,Road Maintenance,Pothole,Koramangala,2025-12-22,In Progress,160,9,No,Low,Yes,4,Medium
C001850,P0745,Solid Waste Management,Garbage Not Collected,Hebbal,2025-12-22,Resolved,265,4,No,None,Yes,2,Low
C001851,P1126,Electrical,Street Light Not Working,Hosahalli,2025-12-22,Closed,45,17,No,Low,No,2,Medium
C001852,P0899,Sewerage,Sewage Overflow,Shantinagar,2025-12-22,Closed,240,49,Yes,High,No,,Critical
C001853,P0197,Sewerage,Sewage Overflow,Shantinagar,2025-12-22,Closed,310,100,Yes,High,No,12,Critical
C001854,P2789,Public Sanitation,Unclean Public Area,Malleshwaram,2025-12-22,Closed,,14,No,None,No,2,Low
C001855,P2213,Public Sanitation,Unclean Public Area,Sarakki,2025-12-22,Closed,290,23,Yes,Low,No,12,Medium
C001856,P2134,Road Maintenance,Road Surface Damage,Hoodi,2025-12-22,Closed,75,5,No,Low,Yes,24,Medium
C001857,P0767,Sewerage,Sewage Overflow,Shantinagar,2025-12-22,Closed,300,96,,High,No,12,Critical
C001858,P0278,Water Supply,Pipeline Leakage,Dasarahalli,2025-12-22,Closed,200,29,No,Medium,Yes,6,High
C001859,P0996,Solid Waste Management,Garbage Dumping in Vacant Site,Chamrajpet,2025-12-22,Closed,160,18,No,Low,No,12,Low
C001860,P1970,Sewerage,Sewage Overflow,Shantinagar,2025-12-22,Closed,310,81,Yes,High,No,12,Critical
C001861,P0306,Sewerage,Sewage Overflow,Shantinagar,2025-12-22,Resolved,310,72,Yes,Critical,No,12,Critical
C001862,P0700,Road Maintenance,Pothole,Malleshwaram,2025-12-22,Closed,340,51,No,Medium,No,12,Medium
C001863,P2705,Solid Waste Management,Garbage Not Collected,Kodigehalli,2025-12-22,Closed,350,63,Yes,Low,Yes,4,High
C001864,P2280,Solid Waste Management,Garbage Not Collected,Kodigehalli,2025-12-22,Closed,350,103,Yes,Low,Yes,4,High
C001865,P1805,Electrical,Street Light Not Working,Hosahalli,2025-12-22,Closed,30,10,No,Low,Yes,2,Medium
C001866,P1979,Solid Waste Management,Garbage Not Collected,Kodigehalli,2025-12-22,Resolved,350,,Yes,Low,Yes,4,High
C001867,P1896,Public Sanitation,Unclean Public Area,Malleshwaram,2025-12-22,Closed,420,24,No,None,No,2,Low
C001868,P0015,Sewerage,Sewage Overflow,Shantinagar,2025-12-22,Closed,310,55,Yes,Critical,No,12,Critical
C001869,P2691,Electrical,Street Light Not Working,Hosahalli,2025-12-22,Closed,25,10,No,Low,Yes,2,Medium
C001870,P2921,Public Sanitation,Unclean Public Area,Malleshwaram,2025-12-22,Resolved,340,34,No,None,No,,Low
C001871,P1480,Solid Waste Management,Garbage Not Collected,Kodigehalli,2025-12-22,Closed,340,93,Yes,Low,Yes,4,High
C001872,P2089,Solid Waste Management,Garbage Not Collected,Kodigehalli,2025-12-22,Closed,350,65,Yes,Low,Yes,6,High
C001873,P2749,Solid Waste Management,Garbage Not Collected,Kodigehalli,2025-12-22,Closed,350,91,,Low,Yes,6,Critical
C001874,P1630,Solid Waste Management,Garbage Not Collected,Kodigehalli,2025-12-22,Closed,350,72,Yes,Low,Yes,4,High
C001875,P0828,Sewerage,Sewage Overflow,Shantinagar,2025-12-22,Resolved,310,105,Yes,High,No,12,Critical
C001876,P2792,Public Sanitation,Unclean Public Area,Bommanahalli,2025-12-22,Resolved,139,26,No,None,No,2,Low
C001877,P1322,Solid Waste Management,Garbage Dump,Jayanagar,2025-12-22,Resolved,270,19,No,Low,Yes,4,High
C001878,P0622,Drainage,Drain Blockage,Kodigehalli,2025-12-22,Closed,112,1,No,None,Yes,2,Low
C001879,P2162,Solid Waste Management,Garbage Dump,Jayanagar,2025-12-22,Resolved,270,28,Yes,Low,Yes,4,Medium
C001880,P2046,Electrical,Damaged Street Light,Bellandur,2025-12-23,Resolved,15,,Yes,Medium,No,4,Low
C001881,P2046,Electrical,Damaged Street Light,Bellandur,2025-12-23,Closed,15,0,Yes,Medium,No,4,Low
C001882,P0196,Road Maintenance,Pothole,Koramangala,2025-12-23,Closed,130,9,No,Medium,Yes,4,Medium
C001883,P2568,Solid Waste Management,Garbage Not Collected,Kodigehalli,2025-12-23,Closed,350,79,Yes,Low,Yes,4,High
C001884,P0302,Solid Waste Management,Garbage Dumping in Vacant Site,Mathikere,2025-12-23,Closed,39,3,No,Medium,Yes,8,Critical
C001885,P2352,Drainage,Drain Blockage,Hoodi,2025-12-23,In Progress,140,14,Yes,Medium,Yes,12,Medium
C001886,P0608,Solid Waste Management,Garbage Dump,Ulsoor,2025-12-23,Closed,75,6,No,Medium,Yes,1,Medium
C001887,P1754,Solid Waste Management,Garbage Not Collected,Hebbal,2025-12-23,Resolved,240,5,No,None,Yes,2,Low
C001888,P2332,Road Maintenance,Road Surface Damage,Hoodi,2025-12-23,Resolved,64,4,No,Medium,No,24,Low
C001889,P2129,Water Supply,Water Leakage,Dasarahalli,2025-12-23,Closed,140,8,Yes,Low,Yes,6,Medium
C001890,P0422,Revenue Department,Khata Related Issue,BTM Layout,2025-12-23,Resolved,1,0,No,None,Yes,0.5,Low
C001891,P0844,Solid Waste Management,Garbage Not Collected,Kodigehalli,2025-12-23,Resolved,350,71,Yes,Low,Yes,4,High
C001892,P2358,Electrical,Street Light Not Working,Padmanabhanagar,2025-12-23,In Progress,143,18,No,High,No,,High
C001893,P0412,Street Infrastructure,Bus Shelter Damaged,Yelahanka,2025-12-23,Resolved,80,8,No,Medium,No,6,Medium
C001894,P1323,Solid Waste Management,Garbage Vehicle Not Arrived,Varthur,2025-12-23,Resolved,150,13,No,None,No,2,Low
C001895,P2129,Water Supply,Pipeline Leakage,Dasarahalli,2025-12-23,Resolved,130,17,Yes,Medium,No,12,High
C001896,P0322,Public Sanitation,Unclean Public Area,Sarakki,2025-12-23,Resolved,170,15,Yes,None,No,12,Medium
C001897,P1572,Electrical,Street Light Not Working,Hennur,2025-12-23,Resolved,10,2,,Medium,Yes,0.5,Medium
C001898,P1748,Water Supply,Pipeline Leakage,Kengeri,2025-12-23,Closed,280,23,Yes,Low,No,8,Medium
C001899,P1441,Solid Waste Management,Garbage Not Collected,Kodigehalli,2025-12-23,Resolved,12000,37,Yes,Low,Yes,4,High
C001900,P1024,Solid Waste Management,Garbage Not Collected,Kodigehalli,2025-12-23,Resolved,350,76,Yes,Low,Yes,4,High
C001901,P2045,Electrical,Multiple Street Lights Not Working,Yeshwanthpur,2025-12-23,Resolved,32,8,No,Medium,No,,Medium
C001902,P2089,Solid Waste Management,Garbage Not Collected,Kodigehalli,2025-12-23,Closed,350,65,Yes,Low,Yes,6,High
C001903,P1550,Solid Waste Management,Garbage Not Collected,Kodigehalli,2025-12-23,Resolved,350,91,Yes,Low,Yes,6,High
C001904,P0474,Solid Waste Management,Garbage Not Collected,Kodigehalli,2025-12-24,Closed,454,72,Yes,None,Yes,4,High
C001905,P1917,Electrical,Multiple Street Lights Not Working,Sadashivanagar,2025-12-24,Resolved,320,74,No,Medium,No,4,Medium
C001906,P2217,Public Sanitation,Unclean Public Area,Hosahalli,2025-12-24,Closed,25,7,No,None,No,6,Low
C001907,P0513,Public Sanitation,Unclean Public Area,Hoodi,2025-12-24,Closed,310,38,Yes,Low,No,2,High
C001908,P2126,Health,Public Health Sanitation Issue,Jalahalli,2025-12-24,Closed,110,21,No,None,No,12,Low
C001909,P0071,Electrical,Multiple Street Lights Not Working,Vijayanagar,2025-12-24,Closed,843,80,No,Medium,,12,Medium
C001910,P2595,Solid Waste Management,Garbage Not Collected,Hebbal,2025-12-24,Resolved,250,6,No,None,Yes,2,Medium
C001911,P0283,Solid Waste Management,Garbage Not Collected,Hebbal,2025-12-24,Resolved,230,4,No,None,Yes,2,Low
C001912,P2446,Water Supply,Water Leakage,Dasarahalli,2025-12-24,Closed,154,11,Yes,Low,Yes,3,Medium
C001913,P2186,Road Maintenance,Footpath Damage,Gandhinagar,2025-12-24,Resolved,60,7,No,Medium,Yes,24,Medium
C001914,P2194,Road Maintenance,Pothole,Malleshwaram,2025-12-24,Closed,320,60,No,Medium,No,12,High
C001915,P0762,Public Sanitation,Unclean Public Area,Hoodi,2025-12-24,Closed,350,33,Yes,Low,No,3,High
C001916,P0194,Public Sanitation,Unclean Public Area,Hosahalli,2025-12-24,Closed,25,7,No,None,Yes,3,Low
C001917,P2204,Others,Miscellaneous Complaint,HSR Layout,2025-12-24,Resolved,,3,No,None,No,3,Medium
C001918,P0345,Solid Waste Management,Garbage Not Collected,Kodigehalli,2025-12-24,Closed,170,28,Yes,Low,Yes,4,High
C001919,P0345,Solid Waste Management,Garbage Not Collected,Kodigehalli,2025-12-24,Closed,140,28,Yes,Low,Yes,4,High
C001920,P2711,Solid Waste Management,Garbage Dump,Jayanagar,2025-12-24,Closed,270,18,No,None,Yes,3,Medium
C001921,P2741,Electrical,Street Light Not Working,Basavanagudi,2025-12-24,Resolved,5,1,No,Critical,Yes,1,High
C001922,P1767,Electrical,Street Light Not Working,Basavanagudi,2025-12-24,Closed,5,1,No,Critical,,1,Medium
C001923,P1797,Revenue Department,Khata Related Issue,Kadugodi,2025-12-24,Closed,2,0,No,None,Yes,1,Low
C001924,P0107,Sewerage,Sewage Overflow,Shantinagar,2025-12-24,Closed,86,8,Yes,Medium,Yes,4,High
C001925,P2446,Water Supply,Pipeline Leakage,Dasarahalli,2025-12-24,Closed,162,25,No,Medium,Yes,8,High
C001926,P0448,Solid Waste Management,Garbage Not Collected,Kodigehalli,2025-12-24,Resolved,350,59,Yes,Low,Yes,3,High
C001927,P0017,Solid Waste Management,Garbage Not Collected,Kodigehalli,2025-12-24,Closed,410,83,Yes,Low,Yes,4,High
C001928,P1505,Street Infrastructure,Bus Shelter Damaged,Rajajinagar,2025-12-24,Closed,4,1,No,Medium,No,8,Medium
C001929,P2739,Road Maintenance,Road Maintenance Required,Kadugodi,2025-12-25,Closed,45,0,Yes,Medium,,8,Low
C001930,P2176,Electrical,Multiple Street Lights Not Working,Electronic City,2025-12-25,Resolved,240,17,No,High,No,4,Critical
C001931,P0243,Public Sanitation,Unclean Public Area,Mathikere,2025-12-25,Resolved,180,10,No,Low,No,8,Medium
C001932,P2099,Solid Waste Management,Garbage Vehicle Not Arrived,Ulsoor,2025-12-25,Closed,45,1,Yes,None,No,2,Low
C001933,P1913,Electrical,Street Light Not Working,Marathahalli,2025-12-25,Resolved,110,5,No,High,No,0.5,Medium
C001934,P1631,Electrical,Street Light Not Working,Koramangala,2025-12-25,Resolved,20,2,No,Medium,No,2,Medium
C001935,P1957,Road Infrastructure,Missing Manhole Cover,Sadashivanagar,2025-12-25,Resolved,30,6,No,Critical,No,2,Medium
C001936,P0053,Road Maintenance,Road Maintenance Required,Hosahalli,2025-12-25,Closed,20,2,No,Low,Yes,4,High
C001937,P1263,Drainage,Drain Overflow,Bellandur,2025-12-25,Resolved,50,0,No,None,No,4,Low
C001938,P2352,Road Maintenance,Pothole,Hoodi,2025-12-25,Resolved,3200,274,No,Low,No,8,High
C001939,P0977,Electrical,Multiple Street Lights Not Working,Electronic City,2025-12-25,Closed,240,13,No,High,No,4,Critical
C001940,P1584,Electrical,Street Light Not Working,Koramangala,2025-12-25,Resolved,20,3,No,Medium,No,2,Medium
C001941,P1352,Electrical,Multiple Street Lights Not Working,Vijayanagar,2025-12-25,Resolved,1400,90,No,Low,No,,Medium
C001942,P2234,Solid Waste Management,Garbage Not Collected,Shivajinagar,2025-12-25,Resolved,65,20,No,Medium,Yes,4,High
C001943,P1849,Road Maintenance,Road Maintenance Required,Shivajinagar,2025-12-25,Closed,100,35,No,None,No,4,Low
C001944,P1920,Drainage,Drain Overflow,Bellandur,2025-12-25,Resolved,45,0,No,None,No,3,Low
C001945,P0626,Solid Waste Management,Garbage Not Collected,Padmanabhanagar,2025-12-25,Resolved,190,13,No,Low,Yes,2,Medium
C001946,P1584,Public Sanitation,Public Toilet Not Maintained,Koramangala,2025-12-25,Resolved,20,8,No,Medium,Yes,8,Medium
C001947,P2260,Solid Waste Management,Garbage Vehicle Not Arrived,Ulsoor,2025-12-25,Resolved,40,1,Yes,None,No,2,Low
C001948,P2017,Sewerage,Sewer Line Blockage,Electronic City,2025-12-26,In Progress,240,7,Yes,High,Yes,8,Critical
C001949,P1870,Drainage,Drain Blockage,Basavanagudi,2025-12-26,Closed,100,16,Yes,Low,Yes,3,Low
C001950,P2142,Electrical,Multiple Street Lights Not Working,Vijayanagar,2025-12-26,Closed,690,46,No,Medium,Yes,16,Medium
C001951,P1790,Solid Waste Management,Garbage Not Collected,Nagarbhavi,2025-12-26,Closed,24,9,No,None,Yes,1,Low
C001952,P0708,Solid Waste Management,Sweeping Not Done,Electronic City,2025-12-26,Resolved,45,8,No,Low,No,6,Low
C001953,P0659,Solid Waste Management,Garbage Vehicle Not Arrived,Ulsoor,2025-12-26,Closed,40,1,Yes,Low,No,2,Low
C001954,P1945,Solid Waste Management,Garbage Vehicle Not Arrived,Shantinagar,2025-12-26,Closed,55,,No,None,No,1,Low
C001955,P1188,Electrical,Street Light Not Working,Arekere,2025-12-26,Closed,10,2,No,Low,Yes,8,Low
C001956,P0305,Sewerage,Sewage Overflow,Sadashivanagar,2025-12-26,Closed,160,9,Yes,Low,No,8,High
C001957,P2655,Electrical,Multiple Street Lights Not Working,Electronic City,2025-12-26,Closed,230,18,No,High,No,4,Critical
C001958,P0180,Sewerage,Sewage Overflow,Shantinagar,2025-12-26,Resolved,86,6,Yes,Low,Yes,3,High
C001959,P0349,Sewerage,Sewer Line Blockage,Electronic City,2025-12-26,Resolved,180,4,Yes,Critical,Yes,8,High
C001960,P1989,Solid Waste Management,Garbage Not Collected,Shivajinagar,2025-12-26,Resolved,65,15,Yes,Medium,No,4,High
C001961,P1673,Electrical,Street Light Not Working,Hennur,2025-12-26,Resolved,15,2,Yes,Medium,Yes,0.5,Medium
C001962,P0908,Electrical,Street Light Not Working,Mathikere,2025-12-26,Closed,25,1,No,Medium,Yes,8,Low
C001963,P0372,Electrical,Street Light Not Working,Malleshwaram,2025-12-26,Resolved,40,5,No,High,No,1,High
C001964,P1937,Solid Waste Management,Garbage Vehicle Not Arrived,Shantinagar,2025-12-26,Closed,74,8,No,Low,Yes,1,Low
C001965,P2334,Electrical,Damaged Street Light,Jalahalli,2025-12-26,In Progress,60,,No,High,No,6,High
C001966,P2666,Road Maintenance,Pothole,BTM Layout,2025-12-26,Resolved,200,7,No,Medium,Yes,2,Low
C001967,P1795,Electrical,Street Light Not Working,Malleshwaram,2025-12-26,Resolved,40,4,No,High,Yes,1,High
C001968,P2328,Street Infrastructure,Damaged Footpath Railing,Hosahalli,2025-12-26,In Progress,60,6,Yes,Low,Yes,4,Medium
C001969,P1659,Drainage,Drain Overflow,Bellandur,2025-12-26,Closed,60,0,No,None,,3,Low
C001970,P0899,Solid Waste Management,Garbage Vehicle Not Arrived,Shantinagar,2025-12-26,Closed,55,7,No,None,No,0.5,Low
C001971,P1921,Drainage,Drain Blockage,Basavanagudi,2025-12-26,Closed,59,12,Yes,None,Yes,3,Low
C001972,P0005,Sewerage,Manhole Overflow,Malleshwaram,2025-12-26,Resolved,95,10,Yes,Medium,No,2,Medium
C001973,P2424,Drainage,Drain Overflow,Mathikere,2025-12-26,Resolved,190,14,,High,No,1,High
C001974,P0175,Solid Waste Management,Sweeping Not Done,Electronic City,2025-12-26,Resolved,25,4,No,Low,No,4,Low
C001975,P0249,Electrical,Street Light Not Working,Marathahalli,2025-12-26,Closed,120,,No,Medium,No,0.5,Medium
C001976,P2338,Sewerage,Sewage Overflow,Sadashivanagar,2025-12-26,Closed,170,4,Yes,Medium,No,,High
C001977,P1029,Electrical,Street Light Not Working,BTM Layout,2025-12-26,Closed,35,,No,Medium,No,6,High
C001978,P2061,Public Sanitation,Public Toilet Not Maintained,Koramangala,2025-12-26,Closed,15,5,No,Medium,Yes,8,Medium
C001979,P1804,Drainage,Open Drain,Jayanagar,2025-12-26,Resolved,40,4,No,Low,No,8,Medium
C001980,P1320,Public Sanitation,Public Toilet Not Maintained,Koramangala,2025-12-26,Closed,20,5,No,Medium,No,8,Medium
C001981,P0332,Electrical,Street Light Not Working,Malleshwaram,2025-12-26,Closed,25,3,No,High,No,1,High
C001982,P0974,Electrical,Multiple Street Lights Not Working,Mathikere,2025-12-27,Resolved,41,0,No,Critical,Yes,8,Critical
C001983,P0239,Solid Waste Management,Sweeping Not Done,Shivajinagar,2025-12-27,Closed,30,9,No,None,Yes,2,Low
C001984,P2954,Others,Stray Cattle on Road,Kammanahalli,2025-12-27,Resolved,9,3,No,None,Yes,2,Low
C001985,P1729,Drainage,Drain Overflow,Peenya,2025-12-27,Closed,85,3,No,Critical,Yes,2,Critical
C001986,P2392,Drainage,Drain Overflow,Mathikere,2025-12-27,Closed,357,36,Yes,High,No,2,High
C001987,P1170,Electrical,Street Light Not Working,Marathahalli,2025-12-27,Closed,93,,No,Medium,No,0.5,Medium
C001988,P0903,Sewerage,Sewer Line Blockage,Electronic City,2025-12-27,Resolved,180,4,Yes,High,Yes,8,Critical
C001989,P1467,Drainage,Drain Overflow,Peenya,2025-12-27,Closed,110,5,No,Critical,Yes,2,Critical
C001990,P1567,Solid Waste Management,Garbage Dump,Mathikere,2025-12-27,Resolved,30,4,No,Medium,Yes,4,Low
C001991,P1980,Road Maintenance,Footpath Damage,GANDHINAGAR,2025-12-27,Closed,60,6,No,High,Yes,24,Medium
C001992,P0243,Public Sanitation,Garbage Burning,Mathikere,2025-12-27,Closed,45,6,No,High,Yes,2,Medium
C001993,P2821,Sewerage,Sewage Overflow,Sadashivanagar,2025-12-27,Resolved,290,13,Yes,Medium,,12,High
C001994,P1839,Road Maintenance,Road Maintenance Required,Kadugodi,2025-12-27,Resolved,50,4,No,None,Yes,6,Medium
C001995,P1817,Electrical,Electric Pole Damaged,Hosahalli,2025-12-27,Closed,95,7,No,Critical,No,16,Medium
C001996,P0341,Electrical,Street Light Not Working,Arekere,2025-12-27,Closed,8,2,Yes,Low,Yes,8,Low
C001997,P2528,Drainage,Drain Blockage,Basavanagudi,2025-12-27,Closed,50,18,Yes,None,Yes,4,Low
C001998,P0706,Electrical,Street Light Not Working,Shantinagar,2025-12-27,Resolved,10,2,No,Low,Yes,12,Low
C001999,P2026,Drainage,Drain Blockage,Basavanagudi,2025-12-27,Closed,75,23,Yes,None,Yes,4,Low
C002000,P1010,Public Sanitation,Public Toilet Not Maintained,Koramangala,2025-12-27,Closed,20,5,No,Medium,Yes,8,Medium
C002001,P0521,Others,Stray Cattle on Road,Kammanahalli ,2025-12-27,Resolved,10,2,No,None,Yes,2,Low
C002002,P0393,Solid Waste Management,Sweeping Not Done,Kadugodi,2025-12-27,In Progress,45,10,No,None,Yes,2,Low
C002003,P2937,Drainage,Sewage Overflow,Sadashivanagar,2025-12-27,Closed,150,9,Yes,Medium,No,12,High
C002004,P1532,Electrical,Multiple Street Lights Not Working,Mathikere,2025-12-27,Resolved,43,1,No,Critical,No,8,Critical
C002005,P1163,Road Maintenance,Road Maintenance Required,Koramangala,2025-12-27,Resolved,130,3,No,Medium,No,6,Medium
C002006,P0706,Solid Waste Management,Garbage Vehicle Not Arrived,Shantinagar,2025-12-27,Closed,65,8,No,None,No,1,Low
C002007,P0533,Electrical,Multiple Street Lights Not Working,Mathikere,2025-12-27,Resolved,35,0,No,Critical,No,8,Critical
C002008,P0296,Water Supply,No Water Supply,Jalahalli,2025-12-27,Resolved,1203,288,Yes,High,No,6,Critical
C002009,P2789,Electrical,Street Light Not Working,Malleshwaram,2025-12-28,Resolved,40,4,No,High,No,1,High
C002010,P2132,Solid Waste Management,Garbage Vehicle Not Arrived,Shantinagar,2025-12-28,Closed,55,7,Yes,None,No,2,Low
C002011,P2132,Solid Waste Management,Garbage Vehicle Not Arrived,Shantinagar,2025-12-28,Closed,55,7,Yes,None,No,2,Low
C002012,P1283,Solid Waste Management,Garbage Not Collected,Nagarbhavi,2025-12-28,Closed,,18,No,Low,,0.5,Low
C002013,P2073,Drainage,Drain Overflow,Peenya,2025-12-28,Closed,85,3,No,Critical,Yes,2,Critical
C002014,P0708,Public Sanitation,Unclean Public Area,Shivajinagar,2025-12-28,Closed,1100,61,No,Low,No,6,Medium
C002015,P2998,Solid Waste Management,Garbage Vehicle Not Arrived,Shantinagar,2025-12-28,Closed,55,4,No,None,No,1,Low
C002016,P1442,Road Maintenance,Footpath Damage,Banaswadi,2025-12-28,Resolved,134,40,No,,Yes,6,Medium
C002017,P1442,Road Maintenance,Footpath Damage,Banaswadi,2025-12-28,Resolved,134,40,No,Low,Yes,6,Medium
C002018,P2910,Water Supply,Pipeline Leakage,Ulsoor,2025-12-28,Resolved,160,5,No,Medium,No,8,Medium
C002019,P1737,Drainage,Damaged Drain,Bellandur,2025-12-28,Closed,44,5,No,Low,Yes,24,Medium
C002020,P0606,Solid Waste Management,Garbage Not Collected,Dasarahalli,2025-12-28,Resolved,116,17,No,High,Yes,,Medium
C002021,P0767,Solid Waste Management,Garbage Vehicle Not Arrived,Shantinagar,2025-12-28,Resolved,60,8,No,None,No,2,Low
C002022,P1488,Solid Waste Management,Garbage Not Collected,Nagarbhavi,2025-12-28,Closed,40,20,No,None,Yes,1,Low
C002023,P2759,Electrical,Street Light Not Working,Mathikere,2025-12-28,Closed,30,,No,Medium,Yes,8,Low
C002024,P0659,Solid Waste Management,Garbage Vehicle Not Arrived,Ulsoor,2025-12-28,Closed,40,1,Yes,Low,No,2,Low
C002025,P2088,Public Sanitation,Garbage Burning,Mathikere,2025-12-28,Resolved,35,8,No,Medium,Yes,1,Medium
C002026,P1458,Solid Waste Management,Garbage Dump,Chickpet,2025-12-28,Resolved,50,3,No,None,No,3,Low
C002027,P0892,Sewerage,Sewer Line Blockage,Bellandur,2025-12-28,Closed,20,3,No,High,,2,Medium
C002028,P2874,Drainage,Open Drain,Jayanagar,2025-12-28,Resolved,40,4,Yes,Low,Yes,8,Medium
C002029,P1157,Sewerage,Sewage Overflow,Sadashivanagar,2025-12-28,In Progress,160,7,Yes,Medium,No,12,High
C002030,P0369,Solid Waste Management,Garbage Vehicle Not Arrived,Shantinagar,2025-12-28,Resolved,55,8,No,None,No,1,Low
C002031,P1542,Electrical,Street Light Not Working,Malleshwaram,2025-12-28,Closed,37,5,No,High,Yes,1,High
C002032,P1314,Public Sanitation,Garbage Burning,Bommanahalli,2025-12-28,Resolved,50,20,No,High,Yes,4,Critical
C002033,P0290,Drainage,Damaged Drain,Kadugodi,2025-12-29,Closed,81,2,Yes,Critical,Yes,48,Critical
C002034,P0616,Road Maintenance,Footpath Damage,Kammanahalli,2025-12-29,Resolved,55,12,Yes,Low,No,8,Low
C002035,P0659,Electrical,Multiple Street Lights Not Working,Ulsoor,2025-12-29,Closed,500,,Yes,Low,No,2,Medium
C002036,P0533,Water Supply,Water Leakage,Mathikere,2025-12-29,In Progress,10,0,Yes,None,Yes,12,Low
C002037,P1145,Drainage,Damaged Drain,Kadugodi,2025-12-29,Closed,80,2,Yes,Critical,Yes,48,Critical
C002038,P0048,Road Maintenance,Pothole,Anjanapura,2025-12-29,Resolved,40,2,No,High,Yes,4,Medium
C002039,P0655,Solid Waste Management,Garbage Dumping in Vacant Site,Electronic City,2025-12-29,Resolved,15,2,No,High,Yes,12,High
C002040,P2101,Solid Waste Management,Garbage Not Collected,Dasarahalli,2025-12-29,Closed,110,26,No,Medium,Yes,6,Medium
C002041,P2945,Road Maintenance,Pothole,Kadugodi,2025-12-29,Closed,100,13,No,High,No,2,Medium
C002042,P0213,Solid Waste Management,Garbage Vehicle Not Arrived,Nagarbhavi,2025-12-29,Closed,91,5,Yes,Low,No,3,High
C002043,P2737,Road Maintenance,Road Maintenance Required,Mathikere,2025-12-29,Closed,10,3,No,High,Yes,2,Medium
C002044,P0650,Solid Waste Management,Garbage Vehicle Not Arrived,Nagarbhavi,2025-12-29,Resolved,91,5,Yes,Medium,No,2,High
C002045,P0691,Electrical,Multiple Street Lights Not Working,Mathikere,2025-12-29,Closed,50,1,No,Critical,,8,Critical
C002046,P0691,Electrical,Multiple Street Lights Not Working,Mathikere,2025-12-29,Closed,47,1,No,Critical,No,8,Critical
C002047,P1664,Electrical,Multiple Street Lights Not Working,Ulsoor,2025-12-29,Closed,500,85,No,Medium,No,2,Medium
C002048,P0493,Health,Public Health Sanitation Issue,Anjanapura,2025-12-29,Closed,160,22,No,Low,No,8,Medium
C002049,P2559,Public Sanitation,Garbage Burning,Mathikere,2025-12-29,Resolved,35,10,No,Medium,Yes,1,Medium
C002050,P0023,Sewerage,Sewage Overflow,Byatarayanapura,2025-12-29,Closed,15,2,Yes,Medium,Yes,8,High
C002051,P0883,Electrical,Damaged Street Light,Mahadevapura,2025-12-29,Closed,560,12,No,Medium,No,12,Medium
C002052,P1575,Electrical,Multiple Street Lights Not Working,Ulsoor,2025-12-29,Closed,600,80,Yes,Medium,No,2,Medium
C002053,P1572,Water Supply,No Water Supply,Hennur,2025-12-29,Closed,80,11,,None,Yes,8,Medium
C002054,P2226,Road Maintenance,Pothole,Basavanagudi,2025-12-29,Closed,230,18,No,Low,No,2,Low
C002055,P0933,Water Supply,No Water Supply,Domlur,2025-12-29,Resolved,220,37,No,Low,Yes,4,Medium
C002056,P1856,Electrical,Multiple Street Lights Not Working,Mathikere,2025-12-29,Resolved,35,0,No,Critical,No,8,Critical
C002057,P0239,Public Sanitation,Unclean Public Area,Shivajinagar,2025-12-29,Resolved,1100,77,No,Low,No,8,Medium
C002058,P0239,Public Sanitation,Unclean Public Area,Shivajinagar,2025-12-29,Resolved,1100,77,No,Low,,8,Medium
C002059,P1162,Solid Waste Management,Garbage Vehicle Not Arrived,Nagarbhavi,2025-12-29,Resolved,91,4,Yes,Medium,No,2,High
C002060,P1369,Road Maintenance,Pothole,Kadugodi,2025-12-29,Resolved,120,8,,High,No,3,Medium
C002061,P0266,Solid Waste Management,Garbage Vehicle Not Arrived,Nagarbhavi,2025-12-29,Closed,91,4,Yes,Medium,Yes,3,High
C002062,P0266,Solid Waste Management,Garbage Vehicle Not Arrived,Nagarbhavi,2025-12-29,Closed,100,4,Yes,Medium,Yes,3,High
C002063,P0493,Road Maintenance,pothole,Anjanapura,2025-12-29,Closed,40,2,No,High,,6,Medium
C002064,P1344,Drainage,Drain Blockage,Rajarajeshwari Nagar,2025-12-29,Closed,110,30,Yes,None,Yes,,Medium
C002065,P1084,Drainage,Damaged Drain,Bellandur,2025-12-29,Closed,48,4,No,Medium,Yes,96,Medium
C002066,P1626,Solid Waste Management,Garbage Dump,Chamrajpet,2025-12-30,Closed,80,5,No,High,Yes,12,Medium
C002067,P0573,Public Sanitation,Garbage Burning,Hosahalli,2025-12-30,Resolved,50,12,No,Medium,No,2,High
C002068,P0944,Road Maintenance,Pothole,Kadugodi,2025-12-30,Closed,117,8,No,Critical,No,2,Medium
C002069,P1095,Electrical,Damaged Street Light,HSR Layout,2025-12-30,Resolved,9,0,No,High,No,2,Medium
C002070,P2603,Sewerage,Sewage Overflow,Byatarayanapura,2025-12-30,Closed,15,2,Yes,Medium,Yes,8,High
C002071,P2279,Road Maintenance,Footpath Damage,Hosahalli,2025-12-30,Closed,160,11,No,Medium,Yes,8,Medium
C002072,P2930,Sewerage,Sewage Overflow,Byatarayanapura,2025-12-30,Closed,20,3,Yes,Low,Yes,8,High
C002073,P1144,Solid Waste Management,Garbage Dump,Chamrajpet,2025-12-30,In Progress,65,3,No,High,Yes,8,Medium
C002074,P0540,Electrical,Multiple Street Lights Not Working,Mathikere,2025-12-30,Closed,43,1,No,Critical,No,6,Critical
C002075,P0160,Drainage,Damaged Drain,Kadugodi,2025-12-30,Resolved,80,2,Yes,Critical,Yes,36,Critical
C002076,P2789,Drainage,Drain Blockage,Malleshwaram,2025-12-30,Closed,380,30,No,Medium,Yes,8,High
C002077,P0534,Solid Waste Management,Garbage Not Collected,Sarakki,2025-12-30,Resolved,85,11,No,Low,Yes,,Low
C002078,P2171,Road Maintenance,Pothole,Kadugodi,2025-12-30,Closed,100,10,No,High,No,3,Medium
C002079,P1000,Electrical,Multiple Street Lights Not Working,Mathikere,2025-12-30,Closed,,1,No,Critical,No,8,Critical
C002080,P1455,Road Maintenance,Pothole,Anjanapura,2025-12-30,Closed,25,2,No,High,Yes,4,Low
C002081,P1004,Solid Waste Management,Garbage Vehicle Not Arrived,Sarakki,2025-12-30,Resolved,50,3,Yes,Low,No,4,Low
C002082,P2070,Electrical,Damaged Street Light,Mathikere,2025-12-30,Closed,340,31,No,Medium,No,4,Medium
C002083,P2701,Road Maintenance,Pothole,Nagarbhavi,2025-12-30,Resolved,120,26,No,Critical,No,4,High
C002084,P2937,Health,Increase in Mosquito Density,Sadashivanagar,2025-12-30,Closed,1600,54,No,None,No,1,Medium
C002085,P1000,Solid Waste Management,Garbage Dump,Mathikere,2025-12-30,Closed,80,16,Yes,Low,Yes,8,Medium
C002086,P0837,Public Sanitation,Garbage Burning,Hosahalli,2025-12-30,Resolved,80,17,No,Medium,No,2,High
C002087,P2660,Electrical,Exposed Electrical Wires,Kadugodi,2025-12-30,Closed,10,2,No,Critical,Yes,4,Medium
C002088,P2464,Solid Waste Management,Garbage Vehicle Not Arrived,Sarakki,2025-12-30,Resolved,50,2,Yes,Medium,No,4,Low
C002089,P2784,Sewerage,Sewage Overflow,Byatarayanapura,2025-12-30,Closed,15,1,Yes,Medium,Yes,8,High
C002090,P0730,Solid Waste Management,Garbage Vehicle Not Arrived,Sarakki,2025-12-30,Resolved,61,5,Yes,Medium,No,4,Low
C002091,P2407,Revenue Department,Property Tax Query,Hosahalli,2025-12-31,Closed,1,0,No,None,No,0.5,Low
C002092,P2269,Road Maintenance,Road Maintenance Required,Mathikere,2025-12-31,Resolved,10,3,No,Low,Yes,2,Low
C002093,P0469,Public Sanitation,Unclean Public Area,Ulsoor,2025-12-31,Closed,60,12,No,None,Yes,4,Low
C002094,P2214,Electrical,Street Light Not Working,Domlur,2025-12-31,Resolved,50,2,No,Medium,No,8,Medium
C002095,P1807,Sewerage,Sewage Overflow,Byatarayanapura,2025-12-31,Resolved,15,2,Yes,Medium,Yes,8,High
C002096,P1459,Public Sanitation,Garbage Burning,Hosahalli,2025-12-31,Resolved,50,10,No,High,No,1,High
C002097,P0323,Public Sanitation,Unclean Public Area,Ulsoor,2025-12-31,Closed,94,11,No,None,Yes,4,Low
C002098,P2946,Solid Waste Management,Garbage Vehicle Not Arrived,Sarakki,2025-12-31,Closed,50,4,Yes,Medium,No,,Low
C002099,P0655,Drainage,Drain Overflow,Electronic City,2025-12-31,Closed,109,9,No,None,No,4,Low
C002100,P2910,Electrical,Multiple Street Lights Not Working,Ulsoor,2025-12-31,Closed,500,60,No,Medium,No,3,Medium
C002101,P0366,Sewerage,Sewage Overflow,Byatarayanapura,2025-12-31,Resolved,15,2,Yes,Medium,Yes,8,High
C002102,P0702,Electrical,Exposed Electrical Wires,Kadugodi,2025-12-31,Resolved,10,1,No,High,,6,Medium
C002103,P0325,Water Supply,No Water Supply,Hennur,2025-12-31,Resolved,63,6,Yes,None,,12,Medium
C002104,P2446,Solid Waste Management,Garbage Not Collected,Dasarahalli,2025-12-31,Resolved,55,2,Yes,Medium,Yes,8,High
C002105,P1104,Electrical,Damaged Street Light,HSR Layout,2025-12-31,Closed,7,0,No,Critical,No,4,High
C002106,P1556,Water Supply,Water Leakage,Rajajinagar,2025-12-31,In Progress,45,12,Yes,None,Yes,4,Low
C002107,P2303,Public Sanitation,Public Toilet Not Maintained,Anjanapura,2026-01-01,Resolved,70,21,No,Critical,No,3,Medium
C002108,P1438,Others,Stray Cattle on Road,Mathikere,2026-01-01,Closed,30,5,No,Medium,No,8,Low
C002109,P1615,Solid Waste Management,Garbage Not Collected,Sarakki,2026-01-01,Closed,25,4,Yes,None,Yes,2,Low
C002110,P0278,Solid Waste Management,Garbage Not Collected,Dasarahalli,2026-01-01,Closed,45,1,Yes,Medium,Yes,8,Medium
C002111,P2834,Solid Waste Management,Garbage Vehicle Not Arrived,Mathikere,2026-01-01,Closed,240,1,No,None,Yes,2,Low
C002112,P0651,Electrical,Damaged Street Light,Whitefield,2026-01-01,Closed,69,2,No,Medium,No,8,Medium
C002113,P1145,Electrical,Street Light Not Working,Domlur,2026-01-01,Closed,12000,2,Yes,Low,No,8,Medium
C002114,P1947,Solid Waste Management,Garbage Not Collected,Sarakki,2026-01-01,Closed,25,3,Yes,None,Yes,2,Low
C002115,P2536,Solid Waste Management,Garbage Vehicle Not Arrived,Mathikere,2026-01-01,Resolved,350,4,No,None,Yes,1,Low
C002116,P0708,Road Infrastructure,Road Encroachment,Electronic City,2026-01-01,Resolved,434,63,No,Medium,Yes,16,High
C002117,P2948,Health,Public Health Sanitation Issue,Rajajinagar,2026-01-01,Resolved,44,9,,High,Yes,4,High
C002118,P0483,Health,Public Health Sanitation Issue,Rajajinagar,2026-01-01,Closed,47,6,Yes,High,Yes,,High
C002119,P2193,Revenue Department,Khata Related Issue,Bommanahalli,2026-01-01,Closed,15,2,No,None,No,1,Low
C002120,P2016,Solid Waste Management,Garbage Not Collected,Jalahalli,2026-01-01,Resolved,380,,Yes,Low,Yes,1,Medium
C002121,P0944,Health,Public Health Sanitation Issue,Kadugodi,2026-01-01,Resolved,440,,No,Low,No,12,Medium
C002122,P1438,Solid Waste Management,Garbage Vehicle Not Arrived,Mathikere,2026-01-01,Closed,350,4,No,None,Yes,2,Low
C002123,P1438,Solid Waste Management,Garbage Vehicle Not Arrived,Mathikere,2026-01-01,Closed,350,4,No,None,Yes,2,Low
C002124,P1095,Water Supply,Water Leakage,HSR Layout,2026-01-01,Resolved,25,0,Yes,Medium,No,12,High
C002125,P0424,Solid Waste Management,Garbage Not Collected,Sarakki,2026-01-01,Closed,25,4,Yes,None,Yes,2,Low
C002126,P0868,Water Supply,Water Leakage,HSR Layout,2026-01-01,Resolved,25,0,Yes,High,Yes,12,High
C002127,P0601,Road Infrastructure,Road Signage Missing,Peenya,2026-01-01,Resolved,177,6,No,Low,No,4,Low
C002128,P1903,Solid Waste Management,Garbage Vehicle Not Arrived,Gandhinagar,2026-01-01,Closed,95,5,No,Low,Yes,2,Low
C002129,P2986,Others,Miscellaneous Complaint,JP Nagar,2026-01-01,Resolved,5,0,No,None,Yes,1,Low
C002130,P2444,Solid Waste Management,Garbage Not Collected,Dasarahalli,2026-01-01,Closed,55,2,Yes,High,,8,Medium
C002131,P0211,Public Sanitation,Public Toilet Not Maintained,Bellandur,2026-01-01,Closed,7,1,Yes,Medium,No,2,Medium
C002132,P1876,Solid Waste Management,Garbage Not Collected,Jalahalli,2026-01-01,Resolved,420,23,Yes,None,Yes,0.5,Medium
C002133,P1791,Street Infrastructure,Damaged Footpath Railing,HSR Layout,2026-01-02,Resolved,100,8,No,Low,No,16,Low
C002134,P0860,Solid Waste Management,Garbage Vehicle Not Arrived,Sarakki,2026-01-02,Closed,90,5,No,Low,Yes,3,Low
C002135,P2431,Solid Waste Management,Garbage Not Collected,Jalahalli,2026-01-02,Closed,355,33,Yes,None,Yes,1,Medium
C002136,P2148,Solid Waste Management,Sweeping Not Done,Shivajinagar,2026-01-02,Closed,65,1,No,,No,1,Low
C002137,P1383,Solid Waste Management,Garbage Not Collected,Jalahalli,2026-01-02,Resolved,493,33,Yes,Low,Yes,1,Low
C002138,P0845,Electrical,Multiple Street Lights Not Working,Vasanthnagar,2026-01-02,Closed,107,38,No,High,No,4,High
C002139,P1995,Street Infrastructure,Damaged Signboard,Jalahalli,2026-01-02,Closed,120,1,No,Low,No,3,Low
C002140,P1672,Solid Waste Management,Garbage Vehicle Not Arrived,Hennur,2026-01-02,Closed,85,9,Yes,Low,Yes,4,Medium
C002141,P2777,Solid Waste Management,Garbage Vehicle Not Arrived,Ulsoor,2026-01-02,Resolved,100,5,Yes,Low,Yes,2,Medium
C002142,P1312,Water Supply,Water Leakage,Rajajinagar,2026-01-02,Closed,45,10,Yes,None,Yes,4,Low
C002143,P2927,Solid Waste Management,Garbage Vehicle Not Arrived,Ulsoor,2026-01-02,Resolved,100,5,No,Low,Yes,2,Medium
C002144,P2333,Solid Waste Management,Garbage Vehicle Not Arrived,Ulsoor,2026-01-02,Resolved,100,5,Yes,Low,Yes,2,Medium
C002145,P2680,Electrical,Multiple Street Lights Not Working,Vasanthnagar,2026-01-02,Resolved,107,38,No,High,No,4,High
C002146,P1276,Electrical,Street Light Not Working,Domlur,2026-01-02,Closed,50,2,No,Medium,No,12,Medium
C002147,P2150,Others,Miscellaneous Complaint,Sarakki,2026-01-02,Resolved,7,1,No,Critical,Yes,1,High
C002148,P2675,Solid Waste Management,Garbage Not Collected,Varthur,2026-01-02,Resolved,35,6,Yes,Medium,No,8,Medium
C002149,P2365,Electrical,Multiple Street Lights Not Working,Vasanthnagar,2026-01-02,Resolved,107,55,No,High,No,6,High
C002150,P1466,Water Supply,No Water Supply,BTM Layout,2026-01-02,Closed,393,38,Yes,Medium,No,8,Medium
C002151,P0856,Water Supply,Water Leakage,HSR Layout,2026-01-02,Closed,35,0,Yes,Low,No,12,High
C002152,P0349,Road Infrastructure,Road Encroachment,Electronic City,2026-01-02,Closed,434,120,No,Medium,Yes,16,High
C002153,P0097,Drainage,Drain Overflow,Electronic City,2026-01-02,Closed,109,9,No,None,No,4,Low
C002154,P2890,Road Maintenance,Footpath Damage,BTM Layout,2026-01-03,Resolved,15,3,No,Low,No,8,Low
C002155,P1870,Water Supply,No Water Supply,Chickpet,2026-01-03,Closed,310,59,Yes,High,Yes,4,Critical
C002156,P2190,Road Maintenance,Footpath Damage,BTM Layout,2026-01-03,Closed,25,2,No,Medium,No,6,Low
C002157,P1458,Water Supply,No Water Supply,Chickpet,2026-01-03,Resolved,310,45,Yes,High,Yes,4,Critical
C002158,P1532,Electrical,Damaged Street Light,Mathikere,2026-01-03,Closed,36,2,No,Medium,Yes,2,Medium
C002159,P1127,Solid Waste Management,Garbage Not Collected,Varthur,2026-01-03,Resolved,19,3,Yes,Medium,No,8,Medium
C002160,P1127,Solid Waste Management,Garbage Not Collected,Varthur,2026-01-03,Resolved,19,3,Yes,Medium,,8,Medium
C002161,P2629,Water Supply,Water Leakage,HSR Layout,2026-01-03,Closed,25,0,Yes,Medium,No,12,High
C002162,P2467,Road Infrastructure,Road Encroachment,Hoodi,2026-01-03,Resolved,140,6,Yes,Medium,No,4,High
C002163,P2271,Water Supply,No Water Supply,Chickpet,2026-01-03,In Progress,450,88,Yes,Medium,Yes,3,High
C002164,P0613,Others,Miscellaneous Complaint,Hosahalli,2026-01-03,Closed,3,0,No,None,No,2,Low
C002165,P2877,Electrical,Damaged Street Light,Mathikere,2026-01-03,Resolved,25,1,No,Medium,Yes,2,High
C002166,P1300,Road Infrastructure,Road Cutting Not Restored,Jalahalli,2026-01-03,Closed,60,1,No,Medium,,12,Medium
C002167,P0150,Water Supply,Water Leakage,HSR Layout,2026-01-03,Closed,25,0,Yes,Medium,No,12,High
C002168,P0150,Water Supply,Water Leakage,HSR Layout,2026-01-03,Closed,25,0,Yes,Medium,No,12,High
C002169,P0766,Others,Miscellaneous Complaint,Dasarahalli,2026-01-03,Resolved,590,,No,None,Yes,4,Low
C002170,P2602,Solid Waste Management,Garbage Not Collected,Sarakki,2026-01-03,Closed,30,4,Yes,None,Yes,1,Low
C002171,P1300,Solid Waste Management,Garbage Not Collected,Jalahalli,2026-01-03,Closed,293,23,Yes,Low,Yes,0.5,Medium
C002172,P0483,Solid Waste Management,Garbage Not Collected,Rajajinagar,2026-01-03,Resolved,45,6,Yes,Medium,Yes,1,Medium
C002173,P2526,Others,Miscellaneous Complaint,Domlur,2026-01-03,Closed,30,2,No,Medium,No,4,Low
C002174,P0940,Water Supply,No Water Supply,Chickpet,2026-01-03,Closed,270,51,Yes,High,Yes,4,Critical
C002175,P1236,Electrical,Damaged Street Light,Mathikere,2026-01-03,Resolved,38,1,No,Medium,Yes,2,Medium
C002176,P2028,Solid Waste Management,Garbage Not Collected,Rajajinagar,2026-01-03,Closed,45,6,Yes,Medium,Yes,2,Medium
C002177,P2028,Solid Waste Management,Garbage Not Collected,Rajajinagar,2026-01-03,Closed,45,6,Yes,Medium,Yes,2,Medium
C002178,P0439,Road Infrastructure,Road Encroachment,Electronic City,2026-01-03,Closed,370,80,No,Medium,Yes,16,High
C002179,P2569,Water Supply,No Water Supply,BTM Layout,2026-01-03,Closed,393,31,Yes,Medium,No,8,Medium
C002180,P1829,Solid Waste Management,Garbage Vehicle Not Arrived,Mathikere,2026-01-03,Resolved,350,3,No,None,Yes,1,Low
C002181,P2737,Solid Waste Management,Garbage Vehicle Not Arrived,Mathikere,2026-01-03,Resolved,350,4,No,None,Yes,2,Low
C002182,P0069,Electrical,Street Light Not Working,Domlur,2026-01-03,Resolved,50,1,No,Medium,No,8,Medium
C002183,P1554,Solid Waste Management,Sweeping Not Done,Rajajinagar,2026-01-04,Resolved,40,4,No,Low,No,1,Low
C002184,P0166,Water Supply,No Water Supply,Chickpet,2026-01-04,Resolved,360,94,,High,Yes,4,Critical
C002185,P0461,Water Supply,No Water Supply,Chickpet,2026-01-04,Closed,190,50,Yes,High,Yes,4,High
C002186,P0594,Revenue Department,Khata Related Issue,Hosahalli,2026-01-04,Closed,1,0,No,None,No,1,Low
C002187,P1950,Solid Waste Management,Garbage Vehicle Not Arrived,Kodigehalli,2026-01-04,Resolved,90,1,Yes,Medium,No,2,Medium
C002188,P2451,Water Supply,No Water Supply,Chickpet,2026-01-04,Resolved,200,34,Yes,High,Yes,4,Critical
C002189,P0151,Solid Waste Management,Garbage Not Collected,Rajajinagar,2026-01-04,Resolved,45,6,Yes,Medium,No,1,Medium
C002190,P2550,Water Supply,No Water Supply,HSR Layout,2026-01-04,Closed,240,42,Yes,High,No,12,Critical
C002191,P2608,Solid Waste Management,Garbage Dump,Domlur,2026-01-04,In Progress,30,6,No,Low,Yes,2,Medium
C002192,P2464,Health,Public Health Sanitation Issue,Sarakki,2026-01-04,Resolved,80,20,Yes,Medium,No,4,High
C002193,P0736,Road Infrastructure,Road Cutting Not Restored,Peenya,2026-01-04,Closed,120,8,No,Critical,No,16,High
C002194,P1138,Road Infrastructure,Road Encroachment,Jalahalli,2026-01-04,Resolved,990,47,No,None,No,4,High
C002195,P0858,Water Supply,No Water Supply,HSR Layout,2026-01-04,Closed,290,34,Yes,High,No,12,Critical
C002196,P0781,Solid Waste Management,Garbage Dump,Ulsoor,2026-01-05,Resolved,45,7,No,Low,Yes,2,Medium
C002197,P2531,Solid Waste Management,Garbage Dumping in Vacant Site,Hebbal,2026-01-05,Closed,20,1,,,No,4,Low
C002198,P0548,Road Infrastructure,Road Encroachment,Jalahalli,2026-01-05,Closed,830,27,No,None,No,6,High
C002199,P0548,Road Infrastructure,Road Encroachment,Jalahalli,2026-01-05,Closed,830,27,No,None,No,6,High
C002200,P2072,Solid Waste Management,Garbage Dump,Ulsoor,2026-01-05,Closed,95,22,No,Medium,Yes,2,Medium
C002201,P2398,Water Supply,Pipeline Leakage,Mathikere,2026-01-05,Closed,2300,204,Yes,Critical,Yes,24,Critical
C002202,P2053,Water Supply,Pipeline Leakage,Mathikere,2026-01-05,Closed,2200,187,Yes,Critical,Yes,24,Critical
C002203,P2328,Water Supply,Pipeline Leakage,Hosahalli,2026-01-05,In Progress,170,71,No,Medium,Yes,24,Medium
C002204,P2559,Solid Waste Management,Garbage Vehicle Not Arrived,Mathikere,2026-01-05,Resolved,350,3,No,None,Yes,2,Low
C002205,P2820,Water Supply,No Water Supply,Chickpet,2026-01-05,Closed,310,64,Yes,High,Yes,4,Critical
C002206,P2487,Public Sanitation,Unclean Public Area,Hebbal,2026-01-05,Resolved,254,14,No,None,Yes,4,Low
C002207,P1019,Water Supply,Pipeline Leakage,Hosahalli,2026-01-05,Closed,110,52,No,Medium,Yes,24,High
C002208,P2215,Water Supply,No Water Supply,Jayanagar,2026-01-06,Closed,1987,172,Yes,Medium,No,8,Medium
C002209,P2215,Water Supply,No Water Supply,Jayanagar,2026-01-06,Closed,1987,172,Yes,Medium,No,8,Medium
C002210,P2533,Electrical,Electric Pole Damaged,BTM Layout,2026-01-06,Closed,8,0,No,High,No,6,Medium
C002211,P0459,Electrical,Damaged Street Light,Mathikere,2026-01-06,Closed,38,2,No,Medium,Yes,1,Medium
C002212,P1493,Public Sanitation,Unclean Public Area,Hebbal,2026-01-06,Closed,330,29,No,None,Yes,4,Low
C002213,P1807,Road Maintenance,Pothole,Byatarayanapura,2026-01-06,Closed,638,31,No,Medium,Yes,3,Low
C002214,P2806,Public Sanitation,Unclean Public Area,Hebbal,2026-01-06,Resolved,360,32,No,None,Yes,3,Low
C002215,P2738,Solid Waste Management,Garbage Dump,Mathikere,2026-01-06,Closed,120,13,No,Medium,No,4,Medium
C002216,P1950,Sewerage,Sewer Line Blockage,Kodigehalli,2026-01-06,Resolved,190,22,Yes,Medium,No,12,Medium
C002217,P0529,Others,Miscellaneous Complaint,Ulsoor,2026-01-06,Resolved,180,37,No,Medium,No,2,Low
C002218,P2415,Sewerage,Sewer Line Blockage,Malleshwaram,2026-01-06,Closed,31,7,Yes,Medium,No,,Medium
C002219,P1126,Electrical,Damaged Street Light,Hosahalli,2026-01-06,Resolved,15,1,No,Medium,No,1,Medium
C002220,P1983,Solid Waste Management,Garbage Vehicle Not Arrived,Jalahalli,2026-01-06,Closed,,18,No,Medium,Yes,2,High
C002221,P2069,Public Sanitation,Garbage Burning,Bellandur,2026-01-06,Resolved,311,133,No,Medium,Yes,2,Medium
C002222,P0651,Road Maintenance,Road Maintenance Required,Whitefield,2026-01-06,Closed,85,5,No,None,Yes,4,Low
C002223,P2613,Public Sanitation,Unclean Public Area,Hebbal,2026-01-06,Resolved,238,15,Yes,Low,Yes,4,Low
C002224,P2291,Electrical,Electric Pole Damaged,BTM Layout,2026-01-06,Closed,15,0,No,High,No,4,Medium
C002225,P2389,Solid Waste Management,Garbage Dump,Domlur,2026-01-06,Assigned,35,8,No,Low,Yes,1,Medium
C002226,P1994,Water Supply,Pipeline Leakage,Mathikere,2026-01-07,Resolved,560,43,Yes,,No,4,Critical
C002227,P0810,Electrical,Street Light Not Working,Banaswadi,2026-01-07,Closed,56,6,No,High,No,1,High
C002228,P1995,Solid Waste Management,Garbage Vehicle Not Arrived,Jalahalli,2026-01-07,Closed,430,29,No,Low,Yes,2,High
C002229,P1754,Solid Waste Management,Garbage Dumping in Vacant Site,Hebbal,2026-01-07,Closed,25,1,No,Low,No,4,Low
C002230,P2156,Water Supply,Water Leakage,Kadugodi,2026-01-07,Resolved,20,5,Yes,High,Yes,6,Critical
C002231,P2646,Water Supply,No Water Supply,Mathikere,2026-01-07,Resolved,110,22,Yes,Medium,Yes,4,High
C002232,P2270,Road Maintenance,Road Maintenance Required,Jalahalli,2026-01-07,Resolved,25,1,Yes,Medium,Yes,12,Medium
C002233,P1547,Water Supply,Water Leakage,KADUGODI,2026-01-07,Closed,20,2,Yes,High,Yes,,Critical
C002234,P2463,Water Supply,Water Leakage,Kadugodi,2026-01-07,Closed,30,10,Yes,High,Yes,8,Critical
C002235,P2089,Sewerage,Sewer Line Blockage,Kodigehalli,2026-01-07,Resolved,190,25,Yes,Medium,No,8,Medium
C002236,P0619,Water Supply,Water Leakage,Kadugodi,2026-01-07,Resolved,20,3,Yes,High,Yes,8,Critical
C002237,P0383,Solid Waste Management,Garbage Not Collected,Hosahalli,2026-01-07,Resolved,340,57,No,Medium,Yes,8,Medium
C002238,P2410,Electrical,Electric Pole Damaged,BTM Layout,2026-01-07,Resolved,8,0,No,High,No,4,Medium
C002239,P1829,Solid Waste Management,Garbage Dump,Mathikere,2026-01-07,Closed,230,32,No,Medium,No,4,Medium
C002240,P0830,Electrical,Damaged Street Light,Hosahalli,2026-01-07,Closed,10,0,No,Critical,No,1,Medium
C002241,P0574,Electrical,Multiple Street Lights Not Working,Shivajinagar,2026-01-07,Closed,350,141,No,High,No,8,Critical
C002242,P0521,Water Supply,Water Leakage,Kadugodi,2026-01-07,In Progress,15,3,Yes,Critical,Yes,12,Critical
C002243,P0172,Electrical,Street Light Not Working,Rajajinagar,2026-01-07,Closed,110,1,No,Low,Yes,3,Medium
C002244,P2558,Solid Waste Management,Garbage Vehicle Not Arrived,Basavanagudi,2026-01-07,Resolved,610,91,Yes,High,No,4,Critical
C002245,P1575,Revenue Department,Trade Licence Issue,Ulsoor,2026-01-07,Closed,1,0,No,None,No,1,Low
C002246,P2001,Water Supply,Water Leakage,Kadugodi,2026-01-07,Closed,20,3,Yes,High,Yes,8,Critical
C002247,P2614,Public Sanitation,Unclean Public Area,Hebbal,2026-01-07,Resolved,320,26,No,None,Yes,6,Low
C002248,P2599,Solid Waste Management,Garbage Dump,Mathikere,2026-01-07,Closed,133,24,Yes,Medium,No,6,Medium
C002249,P1338,Water Supply,Water Leakage,Kadugodi,2026-01-07,Closed,15,4,Yes,High,Yes,6,Critical
C002250,P1378,Road Maintenance,Road Maintenance Required,BTM Layout,2026-01-07,Resolved,45,5,No,Medium,Yes,6,Low
C002251,P1378,Road Maintenance,Road Maintenance Required,BTM Layout,2026-01-07,Closed,45,5,No,Medium,Yes,6,Low
C002252,P0613,Road Infrastructure,Road Cutting Not Restored,Hosahalli,2026-01-07,Resolved,190,18,No,None,Yes,16,Medium
C002253,P2443,Solid Waste Management,Garbage Not Collected,Jalahalli,2026-01-07,Closed,130,10,No,,No,2,Low
C002254,P2705,Electrical,Street Light Not Working,Rajajinagar,2026-01-07,Closed,160,1,No,Low,Yes,4,Medium
C002255,P1232,Water Supply,Water Leakage,Kadugodi,2026-01-07,Resolved,15,2,Yes,High,No,8,Critical
C002256,P0643,Electrical,Street Light Not Working,Kadugodi,2026-01-07,Resolved,85,15,No,Medium,Yes,1,High
C002257,P0123,Water Supply,Water Leakage,Kadugodi,2026-01-07,Resolved,20,6,Yes,High,Yes,6,Critical
C002258,P1455,Electrical,Street Light Not Working,Anjanapura,2026-01-07,Resolved,90,16,No,High,Yes,0.5,High
C002259,P2981,Road Maintenance,Road Surface Damage,Hebbal,2026-01-07,Resolved,70,4,No,Critical,No,4,High
C002260,P1383,Drainage,Damaged Drain,Jalahalli,2026-01-07,Closed,240,,No,Low,No,8,Medium
C002261,P0691,Water Supply,Pipeline Leakage,Mathikere,2026-01-07,Closed,770,46,Yes,Medium,No,4,Critical
C002262,P2270,Drainage,Damaged Drain,Jalahalli,2026-01-07,Resolved,240,23,No,Low,No,8,Medium
C002263,P1710,Water Supply,Water Leakage,Kadugodi,2026-01-07,Closed,15,3,Yes,High,Yes,8,Critical
C002264,P0333,Water Supply,No Water Supply,Mathikere,2026-01-07,In Progress,105,22,Yes,Medium,Yes,4,High
C002265,P0194,Solid Waste Management,Garbage Not Collected,Hosahalli,2026-01-08,Resolved,325,35,No,Medium,Yes,8,Medium
C002266,P0217,Sewerage,Sewer Line Blockage,Malleshwaram,2026-01-08,Closed,30,3,Yes,High,No,2,Medium
C002267,P0065,Solid Waste Management,Garbage Vehicle Not Arrived,Jalahalli,2026-01-08,Closed,650,26,No,Medium,Yes,3,High
C002268,P2152,Solid Waste Management,Garbage Not Collected,Mathikere,2026-01-08,Resolved,110,35,Yes,,Yes,4,Medium
C002269,P0081,Public Sanitation,Garbage Burning,Hoodi,2026-01-08,Resolved,200,35,No,Medium,Yes,3,Medium
C002270,P2595,Solid Waste Management,Garbage Dumping in Vacant Site,Hebbal,2026-01-08,Closed,20,1,No,Low,No,4,Low
C002271,P1983,Solid Waste Management,Garbage Vehicle Not Arrived,Jalahalli,2026-01-08,Closed,427,18,No,Medium,Yes,2,High
C002272,P0947,Electrical,Multiple Street Lights Not Working,Hosahalli,2026-01-08,Closed,70,7,No,Low,Yes,12,Medium
C002273,P0026,Electrical,Multiple Street Lights Not Working,Hosahalli,2026-01-08,Closed,70,11,No,Low,Yes,12,Medium
C002274,P2276,Solid Waste Management,Garbage Vehicle Not Arrived,Basavanagudi,2026-01-08,Resolved,610,62,No,High,No,4,Critical
C002275,P0355,Solid Waste Management,Garbage Vehicle Not Arrived,Kengeri,2026-01-08,Resolved,110,19,No,Low,Yes,2,Low
C002276,P0078,Electrical,Damaged Street Light,Hosahalli,2026-01-08,Resolved,15,1,No,Critical,No,1,Medium
C002277,P2652,Electrical,Street Light Not Working,Anjanapura,2026-01-08,Resolved,55,10,Yes,High,Yes,0.5,High
C002278,P2945,Water Supply,Water Leakage,Kadugodi,2026-01-08,Resolved,40,5,Yes,High,Yes,8,Critical
C002279,P0947,Solid Waste Management,Garbage Not Collected,Hosahalli,2026-01-08,Resolved,270,27,No,Medium,Yes,8,Medium
C002280,P2418,Solid Waste Management,Garbage Vehicle Not Arrived,Jalahalli,2026-01-08,Closed,430,11,No,Medium,No,2,Critical
C002281,P0530,Water Supply,Water Leakage,Kadugodi,2026-01-08,Resolved,20,4,Yes,High,Yes,8,Critical
C002282,P0881,Electrical,Multiple Street Lights Not Working,Shivajinagar,2026-01-08,Closed,230,87,Yes,High,No,8,Critical
C002283,P2113,Electrical,Electric Pole Damaged,BTM Layout,2026-01-08,Resolved,8,0,No,High,No,6,Medium
C002284,P0786,Water Supply,Water Leakage,Kadugodi,2026-01-08,Resolved,20,4,Yes,High,Yes,6,Critical
C002285,P2501,Electrical,Street Light Not Working,Rajajinagar,2026-01-08,Closed,180,1,No,Low,Yes,4,Low
C002286,P0506,Water Supply,Pipeline Leakage,Mathikere,2026-01-08,Closed,1100,76,No,Medium,No,4,Critical
C002287,P1867,Water Supply,Water Leakage,Kadugodi,2026-01-08,Closed,20,5,Yes,High,Yes,8,Critical
C002288,P0893,Sewerage,Sewer Line Blockage,Kodigehalli,2026-01-08,Resolved,304,30,No,High,Yes,8,Medium
C002289,P2453,Water Supply,Water Leakage,Kadugodi,2026-01-08,Resolved,20,5,Yes,High,Yes,12,Critical
C002290,P0919,Water Supply,Water Leakage,Kadugodi,2026-01-09,Resolved,25,4,Yes,Medium,Yes,8,Critical
C002291,P0903,Sewerage,Sewage Overflow,Electronic City,2026-01-09,Resolved,190,20,Yes,Low,Yes,8,Medium
C002292,P2796,Water Supply,Water Leakage,Kadugodi,2026-01-09,Resolved,,3,Yes,Medium,Yes,8,Critical
C002293,P0815,Electrical,Multiple Street Lights Not Working,Shivajinagar,2026-01-09,Closed,620,229,No,High,No,8,Critical
C002294,P1899,Electrical,Street Light Not Working,Ulsoor,2026-01-09,Closed,55,12,No,Low,Yes,1,Low
C002295,P2741,Solid Waste Management,Garbage Vehicle Not Arrived,Basavanagudi,2026-01-09,Resolved,670,94,Yes,High,No,6,Critical
C002296,P1085,Public Sanitation,Public Toilet Not Maintained,Bommanahalli,2026-01-09,Resolved,120,3,No,None,No,8,Low
C002297,P0910,Others,Stray Cattle on Road,Sarakki,2026-01-09,Closed,22,3,No,Medium,No,8,Medium
C002298,P2373,Solid Waste Management,Garbage Not Collected,Hosahalli,2026-01-09,Closed,120,15,No,Medium,Yes,,Medium
C002299,P2989,Road Maintenance,Pothole,Kengeri,2026-01-09,Closed,35,0,No,Medium,No,4,Low
C002300,P2074,Drainage,Damaged Drain,Jalahalli,2026-01-09,Resolved,240,23,No,Low,Yes,8,Medium
C002301,P2937,Road Infrastructure,Road Surface Damage,Sadashivanagar,2026-01-09,Closed,110,19,No,Medium,No,12,Medium
C002302,P0217,Drainage,Open Drain,Malleshwaram,2026-01-09,Resolved,90,25,Yes,Medium,Yes,12,Medium
C002303,P2011,Solid Waste Management,Garbage Vehicle Not Arrived,Basavanagudi,2026-01-09,Closed,618,80,Yes,High,Yes,8,Critical
C002304,P2433,Water Supply,No Water Supply,Mathikere,2026-01-09,Closed,105,26,Yes,Medium,Yes,3,High
C002305,P2441,Road Maintenance,Pothole,Dasarahalli,2026-01-09,Resolved,271,,No,High,Yes,12,High
C002306,P1625,Others,Stray Cattle on Road,Sarakki,2026-01-09,Resolved,10,1,No,Medium,Yes,8,Medium
C002307,P0704,Road Maintenance,Road Surface Damage,Hebbal,2026-01-09,Resolved,50,3,No,Critical,No,4,High
C002308,P2317,Electrical,Street Light Not Working,Kadugodi,2026-01-09,Closed,71,13,No,Medium,Yes,2,Critical
C002309,P1792,Road Maintenance,Road Surface Damage,Hebbal,2026-01-09,Closed,45,2,No,Critical,No,4,High
C002310,P1015,Public Sanitation,Garbage Burning,Hoodi,2026-01-09,Closed,75,16,No,Medium,Yes,2,Medium
C002311,P2432,Water Supply,Pipeline Leakage,Mathikere,2026-01-09,Closed,770,69,Yes,Medium,No,4,Critical
C002312,P1906,Electrical,Multiple Street Lights Not Working,Shivajinagar,2026-01-09,Resolved,350,153,No,High,No,,Critical
C002313,P1802,Water Supply,Water Leakage,Kadugodi,2026-01-09,Resolved,25,5,Yes,High,Yes,8,Critical
C002314,P1679,Road Maintenance,Pothole,Dasarahalli,2026-01-09,Closed,271,,No,Medium,Yes,16,High
C002315,P0947,Electrical,Multiple Street Lights Not Working,Hosahalli,2026-01-09,Closed,70,7,No,Low,Yes,12,Medium
C002316,P2789,Public Sanitation,Public Toilet Not Maintained,Malleshwaram,2026-01-09,Resolved,260,80,No,High,No,4,High
C002317,P1624,Road Maintenance,Pothole,Dasarahalli,2026-01-09,Resolved,271,8,No,Medium,Yes,12,High
C002318,P0128,Solid Waste Management,Garbage Not Collected,Mathikere,2026-01-09,Closed,110,26,,Medium,Yes,6,Medium
C002319,P0628,Water Supply,Water Leakage,Kadugodi,2026-01-09,Closed,20,4,Yes,Medium,Yes,8,Critical
C002320,P2070,Water Supply,Pipeline Leakage,Mathikere,2026-01-09,Resolved,770,89,Yes,Medium,No,4,Critical
C002321,P0983,Road Maintenance,Pothole,Kengeri,2026-01-10,Closed,30,0,No,Medium,No,4,Low
C002322,P2008,Water Supply,Pipeline Leakage,Chamrajpet,2026-01-10,Resolved,60,12,No,Medium,No,4,Medium
C002323,P1042,Solid Waste Management,Garbage Vehicle Not Arrived,Kammanahalli,2026-01-10,Resolved,170,12,No,Medium,Yes,4,Medium
C002324,P1589,Electrical,Street Light Not Working,Ulsoor,2026-01-10,Resolved,55,8,No,,Yes,1,Low
C002325,P2977,Revenue Department,Khata Related Issue,Byatarayanapura,2026-01-10,Resolved,6,0,No,None,Yes,0.5,Medium
C002326,P1455,Sewerage,Sewage Overflow,Electronic City,2026-01-10,Resolved,190,20,Yes,Low,Yes,12,Medium
C002327,P1915,Electrical,Multiple Street Lights Not Working,Hosahalli,2026-01-10,Resolved,80,14,No,Low,Yes,12,Medium
C002328,P0613,Street Infrastructure,Bus Shelter Damaged,Hosahalli,2026-01-10,Resolved,25,6,No,Low,Yes,12,Low
C002329,P2248,Solid Waste Management,Garbage Vehicle Not Arrived,Kammanahalli,2026-01-10,Closed,110,7,No,Low,Yes,6,Medium
C002330,P1902,Solid Waste Management,Garbage Vehicle Not Arrived,Kammanahalli,2026-01-10,Resolved,180,12,No,Low,Yes,4,Medium
C002331,P1807,Revenue Department,Khata Related Issue,Byatarayanapura,2026-01-10,Closed,9,,No,Low,Yes,0.5,Low
C002332,P0498,Sewerage,Sewage Overflow,Electronic City,2026-01-10,Closed,190,21,Yes,Low,Yes,8,Medium
C002333,P2535,Solid Waste Management,Garbage Not Collected,Shivajinagar,2026-01-10,Closed,77,3,No,Low,Yes,4,Low
C002334,P1488,Solid Waste Management,Garbage Not Collected,Rajajinagar,2026-01-10,Resolved,385,7,No,Low,Yes,2,Low
C002335,P2232,Solid Waste Management,Garbage Vehicle Not Arrived,Kengeri,2026-01-10,Closed,110,14,No,Low,Yes,2,Low
C002336,P2577,Solid Waste Management,Garbage Not Collected,Rajajinagar,2026-01-10,Closed,220,7,No,Low,Yes,2,Low
C002337,P2577,Solid Waste Management,Garbage Not Collected,Rajajinagar,2026-01-10,Closed,220,7,No,Low,Yes,,Low
C002338,P1355,Water Supply,No Water Supply,HSR Layout,2026-01-10,Closed,45,1,Yes,None,Yes,8,High
C002339,P2822,Public Sanitation,Public Toilet Not Maintained,Bommanahalli,2026-01-10,Resolved,120,3,No,None,No,8,Low
C002340,P0098,Electrical,Street Light Not Working,Ulsoor,2026-01-11,Closed,55,6,No,Low,,2,Low
C002341,P0958,Revenue Department,Khata Related Issue,Hennur,2026-01-11,Resolved,1,0,No,Low,No,1,Low
C002342,P2152,Solid Waste Management,Garbage Not Collected,Rajajinagar,2026-01-11,Resolved,290,6,No,Medium,Yes,2,Low
C002343,P2601,Solid Waste Management,Sweeping Not Done,Basavanagudi,2026-01-11,Closed,232,81,Yes,None,No,1,Low
C002344,P2937,Solid Waste Management,Sweeping Not Done,Sadashivanagar,2026-01-11,Closed,200,19,No,Low,No,,Low
C002345,P0428,Solid Waste Management,Sweeping Not Done,Basavanagudi,2026-01-11,Closed,310,,Yes,None,No,1,Low
C002346,P0482,Solid Waste Management,Garbage Not Collected,Rajajinagar,2026-01-11,Resolved,400,8,No,Low,,2,Low
C002347,P0349,Public Sanitation,Garbage Burning,Peenya,2026-01-11,Closed,25,4,No,Low,Yes,4,Medium
C002348,P2239,Solid Waste Management,Garbage Vehicle Not Arrived,Kammanahalli,2026-01-11,Closed,180,11,No,Low,Yes,4,Medium
C002349,P1335,Solid Waste Management,Garbage Dumping in Vacant Site,Byatarayanapura,2026-01-11,Closed,60,13,No,Low,Yes,8,Medium
C002350,P0482,Solid Waste Management,Garbage Not Collected,Rajajinagar,2026-01-11,Resolved,120,40,No,None,No,3,Low
C002351,P2298,Electrical,Street Light Not Working,Ulsoor,2026-01-11,Resolved,65,8,No,Low,Yes,1,Low
C002352,P0383,Electrical,Multiple Street Lights Not Working,Hosahalli,2026-01-11,Resolved,170,14,No,High,Yes,8,High
C002353,P1817,Electrical,Multiple Street Lights Not Working,Hosahalli,2026-01-11,Resolved,340,25,No,High,Yes,8,High
C002354,P1917,Solid Waste Management,Sweeping Not Done,Sadashivanagar,2026-01-11,Resolved,190,15,No,Low,No,4,Low
C002355,P2550,Water Supply,No Water Supply,HSR Layout,2026-01-11,Resolved,65,3,Yes,Low,Yes,8,High
C002356,P2937,Health,Stray Dog Menace,Sadashivanagar,2026-01-11,Resolved,37,10,No,Critical,Yes,8,Critical
C002357,P0240,Solid Waste Management,Sweeping Not Done,Kengeri,2026-01-12,Resolved,680,63,No,None,No,3,Low
C002358,P2095,Electrical,Street Light Not Working,Chickpet,2026-01-12,Closed,45,7,No,High,No,1,High
C002359,P1200,Solid Waste Management,Garbage Dump,Electronic City,2026-01-12,Resolved,110,2,No,None,No,8,Low
C002360,P2512,Road Infrastructure,Road Cutting Not Restored,Mahadevapura,2026-01-12,Closed,8,3,No,None,No,24,Low
C002361,P0994,Road Infrastructure,Road Cutting Not Restored,Mahadevapura,2026-01-12,Closed,8,1,Yes,None,No,16,Low
C002362,P2017,Street Infrastructure,Bus Shelter Damaged,Electronic City,2026-01-12,Closed,85,9,No,Medium,Yes,8,Low
C002363,P0478,Road Infrastructure,Road Signage Missing,Begur,2026-01-12,Resolved,65,8,No,Medium,No,4,High
C002364,P2939,Electrical,Street Light Not Working,Yelahanka,2026-01-12,Resolved,75,1,No,Medium,Yes,2,Medium
C002365,P1644,Solid Waste Management,Garbage Vehicle Not Arrived,Kammanahalli,2026-01-12,Closed,150,7,Yes,None,Yes,4,Medium
C002366,P1448,Electrical,Street Light Not Working,Dasarahalli,2026-01-12,Resolved,10,1,No,None,,2,Low
C002367,P1154,Solid Waste Management,Garbage Vehicle Not Arrived,Kammanahalli,2026-01-12,Closed,180,8,No,Low,Yes,4,Medium
C002368,P1431,Solid Waste Management,Garbage Vehicle Not Arrived,Kengeri,2026-01-12,Closed,110,17,No,Low,Yes,3,Low
C002369,P2944,Solid Waste Management,Garbage Not Collected,Sadashivanagar,2026-01-12,Resolved,116,6,No,Medium,Yes,3,Medium
C002370,P2760,Electrical,Street Light Not Working,Dasarahalli,2026-01-12,Resolved,10,1,No,None,No,2,Low
C002371,P1767,Solid Waste Management,Sweeping Not Done,Basavanagudi,2026-01-12,Closed,232,34,Yes,None,No,,Low
C002372,P2441,Road Maintenance,Footpath Damage,Dasarahalli,2026-01-12,Resolved,60,3,No,High,No,24,Low
C002373,P1329,Public Sanitation,Garbage Burning,Malleshwaram,2026-01-12,Closed,360,22,No,Medium,Yes,4,Medium
C002374,P1807,Solid Waste Management,Garbage Dumping in Vacant Site,Byatarayanapura,2026-01-12,Closed,100,12,No,None,Yes,6,Medium
C002375,P1364,Sewerage,Sewer Line Blockage,Kadugodi,2026-01-12,Closed,220,29,Yes,Low,No,8,Medium
C002376,P0563,Solid Waste Management,Garbage Not Collected,Sadashivanagar,2026-01-13,Closed,70,4,No,Medium,Yes,4,Medium
C002377,P1262,Water Supply,Pipeline Leakage,Shivajinagar,2026-01-13,Closed,85,4,No,None,No,8,Medium
C002378,P2821,Solid Waste Management,Sweeping Not Done,Sadashivanagar,2026-01-13,Closed,200,,No,Low,No,4,Medium
C002379,P0437,Water Supply,Pipeline Leakage,Shivajinagar,2026-01-13,Closed,70,3,No,Low,No,8,Medium
C002380,P1145,Water Supply,Water Leakage,Kadugodi,2026-01-13,Closed,190,46,Yes,Low,Yes,8,Medium
C002381,P1145,Solid Waste Management,Garbage Dumping in Vacant Site,Kadugodi,2026-01-13,Closed,95,12,No,Medium,No,4,Medium
C002382,P0334,Water Supply,Pipeline Leakage,Hebbal,2026-01-13,Closed,60,2,Yes,None,No,24,Low
C002383,P0178,Road Infrastructure,Road Cutting Not Restored,Mahadevapura,2026-01-13,Resolved,7,2,No,None,No,24,Low
C002384,P2234,Water Supply,Pipeline Leakage,Shivajinagar,2026-01-13,Closed,161,7,No,Low,No,8,Medium
C002385,P2683,Water Supply,Pipeline Leakage,Shivajinagar,2026-01-13,Closed,85,4,No,Low,No,8,Medium
C002386,P0565,Public Sanitation,Public Toilet Not Maintained,Dasarahalli,2026-01-13,Resolved,190,38,Yes,Medium,No,4,Medium
C002387,P0365,Revenue Department,Khata Related Issue,Sarakki,2026-01-13,Closed,3,1,No,None,No,1,Low
C002388,P0565,Electrical,Street Light Not Working,Dasarahalli,2026-01-13,Closed,10,1,No,None,No,2,Low
C002389,P2846,Electrical,Street Light Not Working,Dasarahalli,2026-01-13,Closed,10,2,No,None,No,2,Low
C002390,P2110,Electrical,Damaged Street Light,Sarakki,2026-01-13,Closed,30,2,No,Low,No,1,Medium
C002391,P2429,Road Maintenance,Road Maintenance Required,Hosahalli,2026-01-13,Closed,30,2,No,Low,Yes,1,Medium
C002392,P2936,Road Maintenance,Pothole,Marathahalli,2026-01-14,Resolved,45,4,Yes,Medium,Yes,12,Medium
C002393,P1251,Sewerage,Sewer Line Blockage,KR Puram,2026-01-14,Closed,55,5,No,None,No,8,Low
C002394,P2928,Solid Waste Management,Sweeping Not Done,Basavanagudi,2026-01-14,Closed,232,44,Yes,None,No,1,Low
C002395,P0515,Road Maintenance,Pothole,Marathahalli,2026-01-14,Resolved,70,16,No,Medium,Yes,12,Medium
C002396,P2192,Sewerage,Sewer Line Blockage,Kadugodi,2026-01-14,Resolved,250,45,Yes,Low,No,8,Medium
C002397,P2588,Road Infrastructure,Speed Breaker Required,Bommanahalli,2026-01-14,Closed,330,82,No,None,Yes,4,Low
C002398,P0883,Sewerage,Sewer Line Blockage,KR Puram,2026-01-14,Closed,55,6,No,None,No,8,Low
C002399,P2184,Solid Waste Management,Garbage Not Collected,Chamrajpet,2026-01-14,In Progress,48,4,Yes,Critical,Yes,3,Critical
C002400,P0185,Sewerage,Sewer Line Blockage,Yeshwanthpur,2026-01-15,Closed,60,1,Yes,Low,Yes,12,Medium
C002401,P0015,Road Maintenance,Road Maintenance Required,Shantinagar,2026-01-15,Closed,30,3,No,Low,No,12,Low
C002402,P2937,Solid Waste Management,Garbage Dumping in Vacant Site,Sadashivanagar,2026-01-15,Closed,13,3,No,Low,No,8,Low
C002403,P2869,Electrical,Street Light Not Working,Dasarahalli,2026-01-15,Closed,270,20,No,Medium,Yes,1,High
C002404,P1664,Water Supply,Pipeline Leakage,Chamrajpet,2026-01-15,Resolved,70,1,No,Low,Yes,12,Medium
C002405,P1675,Solid Waste Management,Garbage Not Collected,Hosahalli,2026-01-15,Closed,1400,52,Yes,Low,Yes,,Medium
C002406,P2399,Electrical,Multiple Street Lights Not Working,Marathahalli,2026-01-15,Closed,750,215,No,Low,No,6,Medium
C002407,P0685,Sewerage,Sewer Line Blockage,Yeshwanthpur,2026-01-15,Resolved,70,2,Yes,Medium,No,12,Medium
C002408,P2423,Road Maintenance,Pothole,Marathahalli,2026-01-15,Resolved,40,5,No,Medium,Yes,12,Medium
C002409,P2070,Electrical,Multiple Street Lights Not Working,Mathikere,2026-01-15,Resolved,22,2,No,Medium,Yes,6,Medium
C002410,P0091,Electrical,Street Light Not Working,Dasarahalli,2026-01-15,Closed,270,16,No,Medium,Yes,1,High
C002411,P1294,Road Infrastructure,Road Encroachment,Jalahalli,2026-01-15,Closed,570,21,No,Medium,Yes,8,High
C002412,P2656,Water Supply,Low Water Pressure,Padmanabhanagar,2026-01-15,Resolved,100,12,Yes,None,No,8,Medium
C002413,P2019,Electrical,Street Light Not Working,Dasarahalli,2026-01-15,Closed,270,9,No,Medium,Yes,1,High
C002414,P2826,Water Supply,Low Water Pressure,Padmanabhanagar,2026-01-15,Resolved,140,43,Yes,None,No,8,Medium
C002415,P1596,Water Supply,No Water Supply,Shivajinagar,2026-01-15,Closed,2100,416,No,None,Yes,2,Medium
C002416,P2220,Road Infrastructure,Road Encroachment,Peenya,2026-01-15,Resolved,130,8,No,None,Yes,8,Medium
C002417,P2879,Water Supply,Pipeline Leakage,Bellandur,2026-01-15,Closed,162,44,No,High,Yes,12,Critical
C002418,P2559,Sewerage,Sewage Overflow,Mathikere,2026-01-15,Resolved,27,3,No,Critical,,2,Critical
C002419,P2045,Sewerage,Sewer Line Blockage,Yeshwanthpur,2026-01-15,Closed,70,3,Yes,Medium,No,12,Medium
C002420,P0986,Sewerage,Sewer Line Blockage,Yeshwanthpur,2026-01-15,Closed,70,2,Yes,Low,No,12,Medium
C002421,P2749,Electrical,Damaged Street Light,Kodigehalli,2026-01-15,Resolved,14,1,No,Medium,Yes,2,Medium
C002422,P0810,Street Infrastructure,Damaged Footpath Railing,Banaswadi,2026-01-15,Closed,20,1,No,Low,Yes,6,Medium
C002423,P2423,Electrical,Multiple Street Lights Not Working,Marathahalli,2026-01-15,Closed,550,153,No,Low,No,4,Medium
C002424,P0204,Revenue Department,Property Tax Query,Indiranagar,2026-01-15,Closed,2,1,No,None,Yes,1,Low
C002425,P2403,Water Supply,No Water Supply,Jayanagar,2026-01-15,Closed,80,6,Yes,High,Yes,4,Critical
C002426,P2475,Sewerage,Sewer Line Blockage,Yeshwanthpur,2026-01-15,Resolved,70,1,Yes,Low,No,,Medium
C002427,P0109,Sewerage,Sewer Line Blockage,Yeshwanthpur,2026-01-16,Closed,70,1,Yes,Low,No,12,Medium
C002428,P2423,Road Infrastructure,Road Signage Missing,Marathahalli,2026-01-16,Resolved,200,13,No,None,Yes,6,Low
C002429,P0979,Public Sanitation,Unclean Public Area,HSR Layout,2026-01-16,Closed,190,1,No,None,No,4,Low
C002430,P2734,Public Sanitation,Unclean Public Area,Bellandur,2026-01-16,Resolved,45,2,No,None,No,8,Low
C002431,P2841,Sewerage,Sewer Line Blockage,Yeshwanthpur,2026-01-16,Resolved,85,2,Yes,None,No,12,Medium
C002432,P2348,Sewerage,Sewer Line Blockage,Yeshwanthpur,2026-01-16,Resolved,70,1,Yes,Low,No,12,Medium
C002433,P1029,Water Supply,Water Leakage,Anjanapura,2026-01-16,Resolved,80,2,Yes,High,No,4,High
C002434,P2303,Sewerage,Sewer Line Blockage,Yeshwanthpur,2026-01-16,Closed,60,1,Yes,Low,No,,Medium
C002435,P2070,Road Infrastructure,Road Encroachment,Peenya,2026-01-16,Closed,140,6,No,None,Yes,8,Medium
C002436,P2789,Solid Waste Management,Garbage Not Collected,Malleshwaram,2026-01-16,Closed,73,4,No,None,Yes,2,Low
C002437,P0674,Road Infrastructure,Road Encroachment,Anjanapura,2026-01-16,Closed,260,18,No,Low,Yes,24,Low
C002438,P0133,Water Supply,Water Leakage,Marathahalli,2026-01-16,Closed,500,87,Yes,Critical,No,4,Critical
C002439,P1095,Public Sanitation,Unclean Public Area,HSR Layout,2026-01-16,Closed,190,3,No,Low,No,4,Low
C002440,P2968,Solid Waste Management,Garbage Vehicle Not Arrived,Rajajinagar,2026-01-16,Resolved,35,4,No,Low,Yes,6,Low
C002441,P1584,Water Supply,Water Leakage,Koramangala,2026-01-16,Closed,150,50,Yes,Critical,No,8,Critical
C002442,P0562,Public Sanitation,Unclean Public Area,Bellandur,2026-01-16,Closed,60,2,Yes,Low,No,8,Low
C002443,P2489,Electrical,Street Light Not Working,Marathahalli,2026-01-16,Resolved,52,4,No,Low,No,6,Low
C002444,P1198,Water Supply,Pipeline Leakage,Bellandur,2026-01-16,Resolved,145,46,No,High,Yes,8,Critical
C002445,P0102,Sewerage,Sewer Line Blockage,Yeshwanthpur,2026-01-16,Closed,70,2,Yes,None,No,12,Medium
C002446,P0102,Sewerage,Sewer Line Blockage,Yeshwanthpur,2026-01-16,Closed,55,2,Yes,None,No,12,Medium
C002447,P0797,Water Supply,Pipeline Leakage,Chamrajpet,2026-01-16,Resolved,70,2,No,Medium,Yes,12,High
C002448,P2685,Electrical,Damaged Street Light,HSR Layout,2026-01-16,Resolved,7,1,No,Medium,Yes,1,High
C002449,P2172,Water Supply,Water Leakage,Marathahalli,2026-01-16,Resolved,689,108,Yes,Critical,No,4,Critical
C002450,P2604,Electrical,Multiple Street Lights Not Working,Marathahalli,2026-01-16,Resolved,850,220,No,Low,No,4,Medium
C002451,P1798,Sewerage,Sewer Line Blockage,YESHWANTHPUR,2026-01-16,Resolved,70,1,Yes,Low,No,12,Medium
C002452,P0711,Solid Waste Management,Garbage Dump,Koramangala,2026-01-16,In Progress,,30,No,Medium,Yes,12,Medium
C002453,P2821,Solid Waste Management,Garbage Dumping in Vacant Site,Sadashivanagar,2026-01-16,Resolved,10,,No,None,,8,Low
C002454,P2566,Sewerage,Sewer Line Blockage,Yeshwanthpur,2026-01-16,Closed,70,3,Yes,Low,No,16,High
C002455,P2749,Electrical,Damaged Street Light,Kodigehalli,2026-01-16,Resolved,14,1,No,Medium,Yes,2,Medium
C002456,P2358,Water Supply,Water Leakage,Anjanapura,2026-01-16,Closed,45,3,Yes,High,No,4,High
C002457,P2495,Drainage,Drain Overflow,Sarakki,2026-01-16,Closed,152,19,No,Medium,No,4,Medium
C002458,P2917,Sewerage,Sewer Line Blockage,Yeshwanthpur,2026-01-16,Closed,70,2,Yes,Low,No,12,Medium
C002459,P2855,Water Supply,Pipeline Leakage,Chamrajpet,2026-01-16,Closed,70,1,No,Low,Yes,12,Medium
C002460,P1662,Sewerage,Sewer Line Blockage,Yeshwanthpur,2026-01-17,Closed,70,1,Yes,Low,No,12,Medium
C002461,P1225,Drainage,Drain Overflow,Malleshwaram,2026-01-17,Resolved,99,3,Yes,None,No,6,Low
C002462,P0497,Electrical,Multiple Street Lights Not Working,Mathikere,2026-01-17,Resolved,15,2,No,Medium,Yes,,Medium
C002463,P0711,Solid Waste Management,Garbage Dump,Koramangala,2026-01-17,In Progress,380,30,No,Medium,Yes,12,Medium
C002464,P1054,Water Supply,Low Water Pressure,Padmanabhanagar,2026-01-17,Closed,121,25,Yes,None,No,8,Medium
C002465,P1182,Water Supply,Pipeline Leakage,Chamrajpet,2026-01-17,Closed,70,2,No,Medium,Yes,12,Low
C002466,P2022,Sewerage,Sewer Line Blockage,Begur,2026-01-17,Closed,40,2,No,Medium,No,1,Low
C002467,P1716,Sewerage,Sewage Overflow,Mathikere,2026-01-17,Closed,30,,No,Critical,No,2,Critical
C002468,P1063,Solid Waste Management,Garbage Vehicle Not Arrived,Mathikere,2026-01-17,Closed,240,14,Yes,Low,Yes,2,Medium
C002469,P0641,Sewerage,Sewer Line Blockage,Yeshwanthpur,2026-01-17,Resolved,,2,Yes,Low,No,12,Medium
C002470,P2975,Solid Waste Management,Garbage Vehicle Not Arrived,Mathikere,2026-01-17,Resolved,210,16,Yes,Medium,Yes,3,Medium
C002471,P1301,Water Supply,No Water Supply,Shivajinagar,2026-01-17,Closed,2100,787,No,Low,Yes,4,Medium
C002472,P2248,Solid Waste Management,Sweeping Not Done,Kammanahalli,2026-01-17,Resolved,70,4,No,None,Yes,2,Low
C002473,P1589,Public Sanitation,Unclean Public Area,Ulsoor,2026-01-18,Closed,240,27,No,Medium,No,3,Medium
C002474,P2513,Solid Waste Management,Garbage Vehicle Not Arrived,Rajajinagar,2026-01-18,Resolved,45,3,No,Low,Yes,4,Low
C002475,P1250,Water Supply,No Water Supply,Jayanagar,2026-01-18,Closed,90,7,Yes,High,Yes,4,Critical
C002476,P2753,Electrical,Multiple Street Lights Not Working,Varthur,2026-01-18,Closed,150,31,No,Medium,No,2,Medium
C002477,P2956,Water Supply,Water Leakage,Anjanapura,2026-01-18,In Progress,70,4,Yes,High,No,4,High
C002478,P2152,Water Supply,No Water Supply,Mathikere,2026-01-18,Resolved,336,78,Yes,Medium,No,8,High
C002479,P2070,Water Supply,No Water Supply,Mathikere,2026-01-18,Closed,336,45,Yes,Medium,No,12,Medium
C002480,P1732,Road Maintenance,Road Maintenance Required,Jalahalli,2026-01-18,Resolved,110,12,No,High,Yes,2,High
C002481,P1226,Road Maintenance,Pothole,Banaswadi,2026-01-18,Closed,51,2,Yes,Medium,Yes,12,Medium
C002482,P0384,Water Supply,Pipeline Leakage,Chamrajpet,2026-01-18,Closed,70,2,No,Medium,Yes,12,Medium
C002483,P2047,Electrical,Damaged Street Light,HSR Layout,2026-01-18,Closed,9,1,No,Medium,Yes,1,High
C002484,P0465,Water Supply,No Water Supply,Mathikere,2026-01-18,Closed,420,100,Yes,Medium,No,8,Medium
C002485,P0562,Solid Waste Management,Garbage Vehicle Not Arrived,Bellandur,2026-01-18,Resolved,120,36,Yes,High,No,1,High
C002486,P0810,Road Maintenance,Pothole,Banaswadi,2026-01-18,Resolved,60,3,No,Medium,Yes,12,Medium
C002487,P2502,Water Supply,No Water Supply,Mathikere,2026-01-18,Closed,336,39,Yes,Low,No,8,High
C002488,P1006,Solid Waste Management,Garbage Not Collected,HSR Layout,2026-01-18,Resolved,100,2,Yes,Low,No,1,Low
C002489,P2602,Others,Miscellaneous Complaint,Sarakki,2026-01-18,In Progress,35,4,No,Critical,Yes,1,Medium
C002490,P2074,Road Maintenance,Road Maintenance Required,Jalahalli,2026-01-18,Closed,80,9,No,Medium,Yes,2,Medium
C002491,P1968,Water Supply,No Water Supply,Mathikere,2026-01-18,Closed,490,71,Yes,Medium,No,8,High
C002492,P2326,Water Supply,No Water Supply,Mathikere,2026-01-18,Resolved,336,60,Yes,Medium,No,8,High
C002493,P1054,Water Supply,Low Water Pressure,Padmanabhanagar,2026-01-18,Closed,121,25,Yes,None,No,8,Medium
C002494,P2675,Electrical,Multiple Street Lights Not Working,Varthur,2026-01-18,Resolved,150,20,No,Medium,No,2,Medium
C002495,P2469,Solid Waste Management,Garbage Not Collected,HSR Layout,2026-01-18,Resolved,100,,Yes,Low,No,1,Low
C002496,P1798,Electrical,Street Light Not Working,Yeshwanthpur,2026-01-18,Closed,76,12,No,Low,Yes,,Medium
C002497,P2718,Water Supply,Water Leakage,Marathahalli,2026-01-18,Closed,620,120,No,Critical,No,4,Critical
C002498,P0583,Sewerage,Manhole Overflow,Malleshwaram,2026-01-18,Closed,45,12,Yes,High,Yes,12,High
C002499,P0497,Water Supply,No Water Supply,Mathikere,2026-01-18,Closed,336,56,Yes,Low,No,6,High
C002500,P1542,Water Supply,No Water Supply,Malleshwaram,2026-01-18,Closed,260,76,No,Critical,Yes,2,High
C002501,P2949,Water Supply,No Water Supply,Mathikere,2026-01-18,Closed,510,91,Yes,Medium,Yes,8,High
C002502,P2675,Public Sanitation,Unclean Public Area,Varthur,2026-01-18,Resolved,114,12,,None,Yes,4,Low
C002503,P1542,Drainage,Drain Overflow,Malleshwaram,2026-01-18,Resolved,80,2,Yes,Low,No,8,Low
C002504,P0980,Solid Waste Management,Garbage Vehicle Not Arrived,Chamrajpet,2026-01-19,Closed,55,1,No,None,No,2,Low
C002505,P0485,Water Supply,No Water Supply,Mathikere,2026-01-19,Closed,,72,Yes,Medium,No,6,High
C002506,P1713,Electrical,Damaged Street Light,Shivajinagar,2026-01-19,Resolved,20,2,No,Medium,No,12,Medium
C002507,P0148,Road Maintenance,Pothole,Anjanapura,2026-01-19,Closed,260,5,No,None,Yes,12,Low
C002508,P2281,Solid Waste Management,Garbage Vehicle Not Arrived,Chamrajpet,2026-01-19,Closed,55,2,No,None,No,1,Low
C002509,P0613,Electrical,Street Light Not Working,Hosahalli,2026-01-19,Resolved,65,28,No,Medium,Yes,2,Medium
C002510,P2432,Water Supply,No Water Supply,Mathikere,2026-01-19,Closed,336,91,Yes,Medium,No,8,High
C002511,P1783,Solid Waste Management,Garbage Not Collected,HSR Layout,2026-01-19,Closed,100,2,Yes,Low,No,1,Low
C002512,P2855,Others,Miscellaneous Complaint,Chamrajpet,2026-01-19,Closed,20,2,No,None,Yes,6,Low
C002513,P2866,Road Maintenance,Pothole,Anjanapura,2026-01-19,Closed,512,,No,High,Yes,6,High
C002514,P0662,Water Supply,No Water Supply,Mathikere,2026-01-19,Closed,400,93,No,Medium,No,8,High
C002515,P0662,Water Supply,No Water Supply,Mathikere,2026-01-19,Closed,434,93,No,Medium,No,8,High
C002516,P0931,Public Sanitation,Unclean Public Area,Kengeri,2026-01-19,Resolved,150,5,No,Low,No,2,Low
C002517,P0243,Water Supply,No Water Supply,Mathikere,2026-01-19,Closed,280,37,Yes,Medium,No,8,High
C002518,P0243,Water Supply,No Water Supply,Mathikere,2026-01-19,Closed,290,37,Yes,Medium,No,8,High
C002519,P2089,Electrical,Street Light Not Working,Kodigehalli,2026-01-19,Resolved,20,,,High,Yes,2,Medium
C002520,P0920,Electrical,Street Light Not Working,Kodigehalli,2026-01-19,Closed,20,1,No,High,Yes,2,High
C002521,P0845,Water Supply,Pipeline Leakage,Vasanthnagar,2026-01-19,Closed,552,64,No,Low,No,6,Medium
C002522,P1547,Electrical,Damaged Street Light,Kadugodi,2026-01-19,Closed,30,1,No,Medium,No,4,Low
C002523,P0239,Water Supply,No Water Supply,Shivajinagar,2026-01-19,Resolved,3400,785,No,Low,Yes,3,Medium
C002524,P0141,Electrical,Damaged Street Light,Shivajinagar,2026-01-19,Closed,20,3,No,Medium,No,12,Medium
C002525,P2628,Water Supply,No Water Supply,Mathikere,2026-01-19,Resolved,260,47,Yes,Medium,No,8,High
C002526,P0880,Water Supply,No Water Supply,Mathikere,2026-01-19,Resolved,328,53,Yes,Medium,No,8,High
C002527,P1565,Water Supply,Pipeline Leakage,Vasanthnagar,2026-01-19,Closed,395,36,No,Medium,No,4,Medium
C002528,P2536,Water Supply,No Water Supply,Mathikere,2026-01-20,In Progress,336,44,Yes,Medium,No,6,High
C002529,P1106,Electrical,Street Light Not Working,Mathikere,2026-01-20,Closed,20,13,No,High,Yes,1,Medium
C002530,P0946,Electrical,Multiple Street Lights Not Working,Varthur,2026-01-20,Closed,150,22,No,High,No,2,Medium
C002531,P0349,Road Maintenance,Pothole,Peenya,2026-01-20,Resolved,130,20,No,Low,Yes,4,Medium
C002532,P1415,Water Supply,Pipeline Leakage,Mathikere,2026-01-20,Closed,25,7,No,None,Yes,4,High
C002533,P2073,Road Maintenance,Pothole,Peenya,2026-01-20,Closed,130,14,No,Low,Yes,4,Medium
C002534,P1716,Road Infrastructure,Road Encroachment,Mathikere,2026-01-20,Resolved,20,3,No,Low,No,8,Low
C002535,P0606,Others,Miscellaneous Complaint,Dasarahalli,2026-01-20,Resolved,27,1,Yes,None,No,4,Low
C002536,P0261,Water Supply,Pipeline Leakage,Mathikere,2026-01-20,Closed,30,9,No,Low,Yes,4,High
C002537,P1101,Solid Waste Management,Garbage Dump,Hennur,2026-01-20,Closed,,0,No,Low,No,16,Low
C002538,P0285,Others,Illegal Construction,Padmanabhanagar,2026-01-20,Closed,55,1,No,Low,No,16,Low
C002539,P0792,Water Supply,Pipeline Leakage,Vasanthnagar,2026-01-20,Resolved,463,61,No,Low,No,4,Medium
C002540,P0825,Electrical,Street Light Not Working,Mathikere,2026-01-20,Closed,25,12,No,High,No,1,Medium
C002541,P2088,Water Supply,No Water Supply,Mathikere,2026-01-20,Closed,620,,Yes,Low,Yes,12,High
C002542,P1159,Water Supply,No Water Supply,Mathikere,2026-01-20,Resolved,536,90,Yes,Medium,No,6,High
C002543,P1225,Water Supply,No Water Supply,Malleshwaram,2026-01-20,Resolved,260,56,No,Critical,Yes,2,High
C002544,P1919,Electrical,Street Light Not Working,Mathikere,2026-01-20,In Progress,25,12,No,Medium,Yes,1,Medium
C002545,P1919,Electrical,Street Light Not Working,Mathikere,2026-01-20,Closed,25,12,No,Medium,Yes,1,Medium
C002546,P2100,Others,Miscellaneous Complaint,Hosahalli,2026-01-20,Closed,10,0,No,Low,Yes,0.5,Low
C002547,P2079,Public Sanitation,Garbage Burning,Mathikere,2026-01-20,Resolved,289,86,Yes,Low,Yes,2,Low
C002548,P1467,Road Maintenance,Pothole,Peenya,2026-01-20,Closed,110,14,No,Low,Yes,4,Medium
C002549,P0556,Sewerage,Sewer Line Blockage,Jayanagar,2026-01-20,Closed,185,30,Yes,Critical,No,4,High
C002550,P0655,Water Supply,No Water Supply,Mathikere,2026-01-20,Closed,500,80,Yes,Medium,No,8,High
C002551,P2151,Water Supply,Pipeline Leakage,Mathikere,2026-01-20,Closed,20,7,No,Low,Yes,4,High
C002552,P1314,Solid Waste Management,Garbage Dumping in Vacant Site,Bommanahalli,2026-01-20,Resolved,55,4,No,Medium,Yes,8,Medium
C002553,P1014,Solid Waste Management,Garbage Vehicle Not Arrived,Bellandur,2026-01-20,Closed,,31,Yes,High,No,2,High
C002554,P2392,Electrical,Street Light Not Working,MATHIKERE,2026-01-20,Closed,20,,No,High,No,1,Medium
C002555,P1705,Electrical,Multiple Street Lights Not Working,Varthur,2026-01-20,Closed,170,20,No,Medium,No,120,Medium
C002556,P2937,Electrical,Street Light Not Working,Sadashivanagar,2026-01-20,Resolved,5000,0,No,High,No,2,Low
C002557,P1474,Water Supply,No Water Supply,Mathikere,2026-01-20,Resolved,336,41,Yes,Medium,No,8,High
C002558,P2737,Water Supply,Pipeline Leakage,Mathikere,2026-01-20,Resolved,25,6,No,Low,Yes,4,High
C002559,P2821,Public Sanitation,Unclean Public Area,Varthur,2026-01-20,Resolved,95,12,No,None,Yes,4,Low
C002560,P1515,Solid Waste Management,Garbage Vehicle Not Arrived,Chamrajpet,2026-01-20,In Progress,55,2,No,None,No,2,Low
C002561,P0187,Solid Waste Management,Garbage Dump,Hennur,2026-01-20,Closed,32,0,No,Medium,No,12,Low
C002562,P0560,Solid Waste Management,Garbage Vehicle Not Arrived,Bellandur,2026-01-20,Resolved,100,29,Yes,Medium,No,1,High
C002563,P2261,Water Supply,Water Leakage,Anjanapura,2026-01-21,Closed,260,48,Yes,High,Yes,4,Low
C002564,P2162,Sewerage,Sewer Line Blockage,Jayanagar,2026-01-21,Closed,185,36,Yes,Critical,No,4,High
C002565,P0965,Electrical,Street Light Not Working,JP Nagar,2026-01-21,Resolved,20,1,No,Low,Yes,1,Medium
C002566,P1360,Water Supply,Water Leakage,Anjanapura,2026-01-21,Closed,210,32,Yes,Medium,Yes,4,Low
C002567,P1360,Water Supply,Water Leakage,Anjanapura,2026-01-21,Closed,210,32,Yes,Low,Yes,4,Low
C002568,P0695,Solid Waste Management,Garbage Vehicle Not Arrived,Electronic City,2026-01-21,Closed,160,10,No,Medium,No,6,Low
C002569,P0347,Solid Waste Management,Garbage Vehicle Not Arrived,Electronic City,2026-01-21,Resolved,160,11,No,Medium,No,4,Low
C002570,P2384,Solid Waste Management,Garbage Not Collected,Shantinagar,2026-01-21,Resolved,35,2,No,None,No,2,Low
C002571,P2799,Electrical,Street Light Not Working,Padmanabhanagar,2026-01-21,Resolved,160,20,No,Low,Yes,1,Medium
C002572,P2072,Street Infrastructure,Street Light Not Working,Ulsoor,2026-01-21,Closed,10,1,No,Medium,Yes,4,High
C002573,P1967,Road Maintenance,Pothole,Peenya,2026-01-21,Resolved,160,30,Yes,Low,Yes,6,High
C002574,P0619,Solid Waste Management,Garbage Not Collected,Kadugodi,2026-01-21,Resolved,103,18,No,None,No,8,Medium
C002575,P0144,Drainage,Open Drain,Malleshwaram,2026-01-21,Closed,150,10,No,Low,Yes,24,Medium
C002576,P2362,Public Sanitation,Unclean Public Area,Kengeri,2026-01-21,Closed,0,9,No,Low,No,2,Low
C002577,P2644,Public Sanitation,Unclean Public Area,Kengeri,2026-01-21,Resolved,193,11,No,Low,No,2,Low
C002578,P2758,Electrical,Street Light Not Working,Yeshwanthpur,2026-01-21,Assigned,85,8,No,Low,Yes,0.5,Medium
C002579,P0702,Solid Waste Management,Garbage Not Collected,Kadugodi,2026-01-21,Resolved,150,20,No,Low,No,8,Medium
C002580,P2546,Road Maintenance,Pothole,Banaswadi,2026-01-21,Resolved,80,3,No,Medium,Yes,12,Medium
C002581,P1155,Sewerage,Sewer Line Blockage,Jayanagar,2026-01-21,Closed,,53,Yes,Critical,No,6,High
C002582,P2711,Sewerage,Sewer Line Blockage,Jayanagar,2026-01-21,Closed,185,41,Yes,Critical,No,6,High
C002583,P1764,Sewerage,Manhole Overflow,Dasarahalli,2026-01-21,Resolved,340,110,No,Medium,No,4,High
C002584,P1764,Sewerage,Manhole Overflow,Dasarahalli,2026-01-21,Resolved,270,110,,Medium,No,4,High
C002585,P1716,Electrical,Street Light Not Working,Mathikere,2026-01-21,Closed,25,9,No,Critical,Yes,1,Medium
C002586,P0137,Electrical,Street Light Not Working,Koramangala,2026-01-21,Closed,15,2,No,Critical,Yes,8,High
C002587,P1328,Revenue Department,Property Tax Query,Shivajinagar,2026-01-21,Closed,4,0,No,None,No,1,Low
C002588,P1155,Water Supply,Pipeline Leakage,Sadashivanagar,2026-01-21,Closed,30,3,Yes,Medium,No,16,Low
C002589,P1155,Water Supply,Pipeline Leakage,Sadashivanagar,2026-01-21,Registered,30,3,Yes,Low,No,16,Low
C002590,P2272,Water Supply,Pipeline Leakage,Sadashivanagar,2026-01-21,Resolved,20,1,Yes,Low,No,12,Low
C002591,P0646,Electrical,Street Light Not Working,Kodigehalli,2026-01-21,Resolved,20,1,No,,Yes,2,Medium
C002592,P0646,Electrical,Street Light Not Working,Kodigehalli,2026-01-21,Closed,20,1,No,High,Yes,2,Medium
C002593,P1221,Solid Waste Management,Garbage Not Collected,Kadugodi,2026-01-21,Closed,103,14,No,Medium,No,8,Medium
C002594,P0030,Electrical,Street Light Not Working,Ulsoor,2026-01-22,Closed,9,0,No,Medium,Yes,4,High
C002595,P1448,Electrical,Street Light Not Working,Dasarahalli,2026-01-22,Resolved,6,2,No,Medium,Yes,8,Medium
C002596,P0078,Road Maintenance,Road Maintenance Required,Hosahalli,2026-01-22,Resolved,130,1,No,None,Yes,6,Low
C002597,P2393,Drainage,Open Drain,Malleshwaram,2026-01-22,Closed,210,38,No,Low,Yes,8,Medium
C002598,P1157,Water Supply,No Water Supply,Sadashivanagar,2026-01-22,Closed,230,38,Yes,None,Yes,1,Medium
C002599,P2430,Electrical,Street Light Not Working,Yeshwanthpur,2026-01-22,Assigned,110,7,No,Low,Yes,0.5,Medium
C002600,P0497,Health,Public Health Sanitation Issue,Mathikere,2026-01-22,Closed,30,4,No,Critical,Yes,8,Critical
C002601,P1618,Water Supply,No Water Supply,Sadashivanagar,2026-01-22,Resolved,191,42,Yes,,Yes,2,Medium
C002602,P0213,Health,Public Health Sanitation Issue,Nagarbhavi,2026-01-22,Closed,25,3,No,Low,No,12,Medium
C002603,P1383,Drainage,Open Drain,BTM Layout,2026-01-22,Resolved,50,,No,Low,Yes,36,Medium
C002604,P1420,Road Infrastructure,Road Cutting Not Restored,Dasarahalli,2026-01-22,In Progress,71,1,No,None,No,12,Low
C002605,P2948,Solid Waste Management,Garbage Dump,Rajajinagar,2026-01-23,Resolved,35,3,Yes,None,No,12,Medium
C002606,P2187,Solid Waste Management,Garbage Dump,Mathikere,2026-01-23,Resolved,20,5,No,Low,Yes,8,Low
C002607,P1062,Electrical,Street Light Not Working,Padmanabhanagar,2026-01-23,Closed,160,21,No,Low,Yes,1,Medium
C002608,P1828,Solid Waste Management,Sweeping Not Done,Gandhinagar,2026-01-23,Resolved,100,3,No,None,No,4,Low
C002609,P2156,Solid Waste Management,Garbage Not Collected,Kadugodi,2026-01-23,Closed,103,14,No,Low,No,8,Medium
C002610,P1538,Solid Waste Management,Garbage Not Collected,Kadugodi,2026-01-23,Closed,103,19,No,Medium,No,8,Medium
C002611,P2937,Water Supply,Pipeline Leakage,Sadashivanagar,2026-01-23,Closed,15,1,Yes,Low,Yes,12,Low
C002612,P1729,Solid Waste Management,Garbage Not Collected,Kammanahalli,2026-01-23,Closed,307,40,Yes,Medium,Yes,8,Critical
C002613,P2533,Water Supply,Water Leakage,Bellandur,2026-01-23,Resolved,340,19,No,Medium,No,6,High
C002614,P0549,Water Supply,No Water Supply,Sadashivanagar,2026-01-23,Closed,191,37,Yes,None,Yes,2,Medium
C002615,P1538,Public Sanitation,Public Toilet Not Maintained,Kadugodi,2026-01-23,Resolved,390,11,No,Medium,No,3,High
C002616,P2596,Road Infrastructure,Road Signage Missing,Malleshwaram,2026-01-23,Closed,439,14,No,Low,No,4,Medium
C002617,P0782,Water Supply,Pipeline Leakage,Sadashivanagar,2026-01-23,Resolved,20,2,Yes,Low,No,12,Low
C002618,P0987,Water Supply,Pipeline Leakage,Jayanagar,2026-01-23,Closed,818,18,Yes,Low,No,8,Low
C002619,P2113,Drainage,Open Drain,BTM Layout,2026-01-23,Closed,,8,,Low,Yes,48,Medium
C002620,P0924,Water Supply,Water Leakage,Bellandur,2026-01-23,Closed,340,15,Yes,Medium,No,6,Medium
C002621,P1872,Road Infrastructure,Road Cutting Not Restored,Kadugodi,2026-01-23,Closed,240,26,No,None,No,4,Low
C002622,P0824,Road Infrastructure,Road Signage Missing,Chamrajpet,2026-01-23,Closed,95,26,No,None,No,8,Medium
C002623,P2522,Revenue Department,Khata Related Issue,Kengeri,2026-01-23,Closed,3,0,Yes,None,No,2,Low
C002624,P2522,Revenue Department,Khata Related Issue,Kengeri,2026-01-23,Closed,3,0,Yes,None,No,2,Low
C002625,P2805,Road Infrastructure,Road Cutting Not Restored,Kadugodi,2026-01-23,Resolved,240,15,No,None,No,4,Low
C002626,P1531,Public Sanitation,Garbage Burning,Ulsoor,2026-01-24,Closed,95,33,No,High,No,4,High
C002627,P2479,Public Sanitation,Public Toilet Not Maintained,Kadugodi,2026-01-24,Resolved,470,9,No,Low,No,2,Medium
C002628,P0304,Water Supply,Pipeline Leakage,Hosahalli,2026-01-24,Closed,85,11,Yes,Low,Yes,,Medium
C002629,P2858,Water Supply,Low Water Pressure,Peenya,2026-01-24,Resolved,182,20,Yes,Low,Yes,2,Medium
C002630,P2675,Water Supply,Low Water Pressure,Peenya,2026-01-24,Resolved,120,13,Yes,Low,Yes,2,Medium
C002631,P0589,Solid Waste Management,Sweeping Not Done,Gandhinagar,2026-01-24,Closed,100,4,No,None,No,3,Low
C002632,P0726,Solid Waste Management,Garbage Dump,Mathikere,2026-01-24,Closed,20,4,No,Low,Yes,8,Low
C002633,P2448,Water Supply,Low Water Pressure,Peenya,2026-01-24,Closed,182,14,Yes,Medium,Yes,2,Medium
C002634,P0608,Public Sanitation,Garbage Burning,Ulsoor,2026-01-24,Resolved,119,40,No,High,No,6,High
C002635,P1480,Road Maintenance,Road Maintenance Required,Kodigehalli,2026-01-24,Resolved,460,14,No,High,No,8,Medium
C002636,P0906,Others,Illegal Construction,Sadashivanagar,2026-01-24,Closed,35,5,,High,Yes,16,Medium
C002637,P2208,Road Maintenance,Footpath Damage,Mathikere,2026-01-24,Closed,10,2,No,Critical,Yes,16,High
C002638,P2122,Health,Public Health Sanitation Issue,Mathikere,2026-01-24,Closed,35,6,No,Critical,Yes,8,Critical
C002639,P0044,Road Maintenance,Footpath Damage,Jayanagar,2026-01-24,Closed,,3,No,Medium,No,4,Medium
C002640,P1358,Water Supply,Pipeline Leakage,Hosahalli,2026-01-25,Closed,72,7,No,Low,Yes,36,Medium
C002641,P0868,Road Maintenance,Footpath Damage,HSR Layout,2026-01-25,In Progress,10,1,No,Medium,No,4,Medium
C002642,P2248,Solid Waste Management,Garbage Not Collected,Kammanahalli,2026-01-25,Closed,209,32,Yes,Medium,Yes,8,Critical
C002643,P2376,Water Supply,Low Water Pressure,Peenya,2026-01-25,Resolved,210,18,Yes,Low,Yes,2,Medium
C002644,P2376,Water Supply,Low Water Pressure,Peenya,2026-01-25,Resolved,210,18,Yes,Medium,Yes,2,Medium
C002645,P2432,Water Supply,Pipeline Leakage,Mathikere,2026-01-25,Closed,160,23,Yes,None,No,3,High
C002646,P1017,Public Sanitation,Garbage Burning,Ulsoor,2026-01-25,Closed,95,16,No,High,No,4,High
C002647,P0243,Water Supply,Pipeline Leakage,Mathikere,2026-01-25,Closed,120,20,Yes,None,No,4,High
C002648,P2512,Solid Waste Management,Garbage Not Collected,Mahadevapura,2026-01-25,Resolved,35,5,Yes,Medium,Yes,2,Medium
C002649,P0899,Solid Waste Management,Garbage Dump,Rajajinagar,2026-01-25,In Progress,60,9,Yes,None,Yes,12,Medium
C002650,P1144,Public Sanitation,Public Toilet Not Maintained,Chamrajpet,2026-01-25,Closed,120,,Yes,Low,No,1,Low
C002651,P0473,Road Infrastructure,Road Cutting Not Restored,Kadugodi,2026-01-25,Closed,240,28,No,Low,No,4,Low
C002652,P1582,Road Maintenance,Footpath Damage,Hoodi,2026-01-25,Resolved,3000,2,No,None,Yes,8,Low
C002653,P0824,Road Infrastructure,Road Signage Missing,Chamrajpet,2026-01-25,Closed,95,26,No,,No,8,Medium
C002654,P1829,Water Supply,Pipeline Leakage,Mathikere,2026-01-25,Resolved,150,18,Yes,None,Yes,4,High
C002655,P2432,Solid Waste Management,Garbage Dump,Mathikere,2026-01-25,Closed,25,4,No,Low,Yes,12,Low
C002656,P1141,Solid Waste Management,Garbage Dump,Marathahalli,2026-01-25,In Progress,60,8,No,Low,No,6,Low
C002657,P0906,Others,Illegal Construction,Sadashivanagar,2026-01-25,Closed,35,5,No,High,Yes,16,Medium
C002658,P1253,Public Sanitation,Garbage Burning,Ulsoor,2026-01-25,Resolved,95,19,,High,No,4,Critical
C002659,P0850,Road Maintenance,Pothole,Banaswadi,2026-01-26,Resolved,400,,No,Critical,Yes,4,Critical
C002660,P2858,Water Supply,Low Water Pressure,Peenya,2026-01-26,Resolved,182,20,Yes,Low,Yes,2,Medium
C002661,P2398,Drainage,Open Drain,Mathikere,2026-01-26,Resolved,75,12,No,,Yes,,High
C002662,P0419,Solid Waste Management,Garbage Vehicle Not Arrived,Hoodi,2026-01-26,Resolved,550,22,No,,No,4,Low
C002663,P2829,Water Supply,Water Leakage,Bellandur,2026-01-26,Closed,340,19,No,Medium,No,8,High
C002664,P2549,Public Sanitation,Public Toilet Not Maintained,Chamrajpet,2026-01-26,Resolved,120,5,No,Medium,Yes,2,Low
C002665,P1937,Road Maintenance,Road Maintenance Required,Shantinagar,2026-01-26,Resolved,1500,11,No,Medium,No,8,Medium
C002666,P2580,Road Maintenance,Pothole,Banaswadi,2026-01-26,Resolved,400,44,No,Critical,Yes,4,Critical
C002667,P2962,Road Maintenance,Pothole,Banaswadi,2026-01-26,Resolved,400,29,No,Critical,Yes,4,Critical
C002668,P0810,Road Maintenance,Pothole,Banaswadi,2026-01-26,Closed,400,68,No,Critical,Yes,4,Critical
C002669,P1389,Drainage,Open Drain,Mathikere,2026-01-26,Resolved,70,17,No,Low,Yes,8,High
C002670,P1389,Drainage,Open Drain,Mathikere,2026-01-26,Resolved,75,17,No,Low,Yes,8,High
C002671,P0469,Electrical,Street Light Not Working,Ulsoor,2026-01-26,Resolved,36,2,No,Low,Yes,2,Low
C002672,P1937,Solid Waste Management,Sweeping Not Done,Shantinagar,2026-01-26,Resolved,170,13,No,None,Yes,2,Low
C002673,P0554,Electrical,Street Light Not Working,Ulsoor,2026-01-26,Resolved,,1,No,Low,Yes,2,Low
C002674,P1888,Road Infrastructure,Road Cutting Not Restored,Malleshwaram,2026-01-26,Resolved,65,10,No,Medium,Yes,12,Medium
C002675,P1088,Solid Waste Management,Sweeping Not Done,Rajarajeshwari Nagar,2026-01-26,Closed,54,8,No,None,No,4,Low
C002676,P1383,Electrical,Multiple Street Lights Not Working,BTM Layout,2026-01-26,Closed,,5,No,High,No,3,Medium
C002677,P2101,Solid Waste Management,Garbage Not Collected,Dasarahalli,2026-01-26,Closed,150,8,No,None,Yes,1,Low
C002678,P0505,Revenue Department,Khata Related Issue,Yeshwanthpur,2026-01-26,Resolved,1,0,No,Low,No,1,Low
C002679,P1503,Electrical,Damaged Street Light,Dasarahalli,2026-01-27,Closed,20,1,No,None,Yes,1,Low
C002680,P1839,Solid Waste Management,Garbage Dumping in Vacant Site,Kadugodi,2026-01-27,Closed,30,5,No,None,No,8,Low
C002681,P2727,Electrical,Damaged Street Light,Dasarahalli,2026-01-27,Closed,20,2,No,None,Yes,1,Low
C002682,P2695,Solid Waste Management,Sweeping Not Done,Rajarajeshwari Nagar,2026-01-27,Closed,54,9,No,None,No,4,Low
C002683,P2231,Road Infrastructure,Road Cutting Not Restored,Malleshwaram,2026-01-27,Closed,45,5,No,Medium,Yes,8,Medium
C002684,P1074,Electrical,Street Light Not Working,Sadashivanagar,2026-01-27,Resolved,10,1,No,Low,No,1,Low
C002685,P2422,Solid Waste Management,Garbage Dumping in Vacant Site,Kadugodi,2026-01-27,Closed,35,5,No,None,No,6,Low
C002686,P0510,Public Sanitation,Public Toilet Not Maintained,Sadashivanagar,2026-01-27,Closed,850,62,No,None,,8,Medium
C002687,P0680,Solid Waste Management,Sweeping Not Done,Shantinagar,2026-01-27,Closed,210,17,No,None,Yes,2,Low
C002688,P1624,Electrical,Street Light Not Working,Dasarahalli,2026-01-27,Closed,32,1,No,Medium,No,1,High
C002689,P0085,Public Sanitation,Unclean Public Area,Sarakki,2026-01-27,Closed,200,5,No,None,Yes,8,Low
C002690,P0616,Solid Waste Management,Garbage Not Collected,Kammanahalli,2026-01-27,Resolved,209,29,Yes,Medium,Yes,6,High
C002691,P0868,Solid Waste Management,Sweeping Not Done,HSR Layout,2026-01-27,Resolved,35,1,No,Low,No,6,Low
C002692,P1574,Others,Miscellaneous Complaint,Bellandur,2026-01-27,Resolved,15,1,No,Low,Yes,0.5,Low
C002693,P1362,Road Maintenance,Pothole,Malleshwaram,2026-01-27,Resolved,120,11,No,None,No,12,Medium
C002694,P0497,Drainage,Open Drain,Mathikere,2026-01-27,Closed,79,13,No,Low,Yes,6,High
C002695,P0284,Road Maintenance,Pothole,Malleshwaram,2026-01-27,Resolved,120,8,No,Low,Yes,12,High
C002696,P2100,Water Supply,Water Leakage,Hosahalli,2026-01-28,Resolved,110,4,No,Medium,Yes,1,High
C002697,P2768,Public Sanitation,Garbage Burning,Sadashivanagar,2026-01-28,Closed,1600,131,Yes,High,No,1,High
C002698,P1420,Others,Miscellaneous Complaint,Dasarahalli,2026-01-28,In Progress,47,11,No,None,No,6,Medium
C002699,P0474,Solid Waste Management,Garbage Vehicle Not Arrived,Kodigehalli,2026-01-28,Resolved,71,4,Yes,Low,Yes,2,Medium
C002700,P1263,Solid Waste Management,Garbage Not Collected,Bellandur,2026-01-28,Closed,15,2,Yes,None,Yes,2,Medium
C002701,P1764,Health,Increase in Mosquito Density,Dasarahalli,2026-01-28,Closed,200,25,Yes,Medium,No,8,High
C002702,P1420,Electrical,Street Light Not Working,Dasarahalli,2026-01-28,Closed,32,1,No,Medium,No,1,Medium
C002703,P2764,Water Supply,Water Leakage,Sadashivanagar,2026-01-28,Closed,65,,Yes,Medium,No,6,Medium
C002704,P0397,Public Sanitation,Garbage Burning,Sadashivanagar,2026-01-28,Closed,2400,285,No,High,Yes,1,High
C002705,P0369,Solid Waste Management,Sweeping Not Done,Shantinagar,2026-01-28,Resolved,85,6,Yes,None,Yes,2,Low
C002706,P1036,Electrical,Street Light Not Working,Ulsoor,2026-01-28,Resolved,36,1,No,Low,Yes,2,Medium
C002707,P1027,Drainage,Open Drain,Mathikere,2026-01-28,Closed,79,11,No,Low,Yes,8,High
C002708,P2179,Solid Waste Management,Garbage Not Collected,Bellandur,2026-01-28,In Progress,25,,Yes,Low,Yes,3,Medium
C002709,P0214,Solid Waste Management,Garbage Dump,Mathikere,2026-01-28,Closed,180,10,No,Medium,Yes,4,Medium
C002710,P0892,Health,Stray Dog Menace,Bellandur,2026-01-28,Closed,25,5,No,Medium,Yes,3,Medium
C002711,P2402,Solid Waste Management,Garbage Vehicle Not Arrived,Kodigehalli,2026-01-28,Resolved,130,8,Yes,Low,Yes,2,Medium
C002712,P0500,Road Infrastructure,Road Cutting Not Restored,Kengeri,2026-01-28,Closed,67,10,Yes,Low,No,16,Medium
C002713,P0420,Others,Miscellaneous Complaint,Dasarahalli,2026-01-28,Assigned,55,14,No,None,No,12,High
C002714,P0345,Solid Waste Management,Garbage Vehicle Not Arrived,Kodigehalli,2026-01-28,Resolved,90,6,,Low,Yes,3,Medium
C002715,P0521,Electrical,Multiple Street Lights Not Working,Kammanahalli,2026-01-29,Closed,410,116,No,Low,No,12,High
C002716,P2248,Electrical,Multiple Street Lights Not Working,Kammanahalli,2026-01-29,Resolved,410,92,No,Medium,No,8,High
C002717,P1979,Solid Waste Management,Garbage Vehicle Not Arrived,Kodigehalli,2026-01-29,Closed,90,5,Yes,Low,Yes,2,Medium
C002718,P1423,Road Maintenance,Pothole,Mathikere,2026-01-29,Resolved,120,5,No,Medium,No,12,High
C002719,P2401,Revenue Department,Khata Related Issue,Vijayanagar,2026-01-29,Closed,1,0,No,None,No,0.5,Low
C002720,P0903,Electrical,Multiple Street Lights Not Working,Kammanahalli,2026-01-29,Closed,410,210,No,High,Yes,8,High
C002721,P2937,Public Sanitation,Garbage Burning,Sadashivanagar,2026-01-29,Closed,1300,141,No,High,No,1,High
C002722,P0336,Electrical,Multiple Street Lights Not Working,Kammanahalli,2026-01-29,Closed,410,93,No,Medium,No,8,High
C002723,P2580,Road Infrastructure,Road Signage Missing,Malleshwaram,2026-01-29,Closed,217,24,No,Medium,Yes,8,Medium
C002724,P0231,Electrical,Multiple Street Lights Not Working,Kammanahalli,2026-01-29,Resolved,290,106,No,,No,12,High
C002725,P2821,Public Sanitation,Garbage Burning,Sadashivanagar,2026-01-29,Resolved,1200,86,No,Medium,No,1,High
C002726,P2903,Health,Increase in Mosquito Density,Dasarahalli,2026-01-29,Resolved,240,18,Yes,,,8,High
C002727,P2069,Electrical,Multiple Street Lights Not Working,Kammanahalli,2026-01-29,Closed,410,63,No,Medium,No,6,High
C002728,P0660,Road Maintenance,Pothole,Malleshwaram,2026-01-29,Closed,120,10,Yes,None,Yes,12,Medium
C002729,P0840,Solid Waste Management,Garbage Not Collected,Basavanagudi,2026-01-29,Resolved,60,1,No,None,No,2,Low
C002730,P2353,Road Infrastructure,Speed Breaker Required,Dasarahalli,2026-01-29,Closed,170,13,No,Medium,No,4,Medium
C002731,P1529,Electrical,Multiple Street Lights Not Working,Kammanahalli,2026-01-29,Resolved,335,102,No,Medium,No,8,High
C002732,P2619,Electrical,Multiple Street Lights Not Working,Kammanahalli,2026-01-29,Closed,320,129,No,Medium,No,8,High
C002733,P0576,Sewerage,Sewage Overflow,Koramangala,2026-01-29,Resolved,,25,No,Medium,Yes,12,High
C002734,P1055,Solid Waste Management,Garbage Dumping in Vacant Site,Kadugodi,2026-01-29,Resolved,35,9,No,Low,No,8,Low
C002735,P1621,Electrical,Multiple Street Lights Not Working,Kammanahalli,2026-01-29,Closed,410,127,No,Medium,No,12,Medium
C002736,P0552,Public Sanitation,Unclean Public Area,Whitefield,2026-01-29,Closed,730,46,No,Low,No,6,Medium
C002737,P2536,Solid Waste Management,Garbage Not Collected,Mathikere,2026-01-30,Resolved,39,0,Yes,Medium,Yes,3,Medium
C002738,P0757,Electrical,Multiple Street Lights Not Working,Kammanahalli,2026-01-30,Closed,410,150,No,Medium,No,12,High
C002739,P2455,Solid Waste Management,Garbage Vehicle Not Arrived,Kodigehalli,2026-01-30,Closed,90,6,Yes,Low,Yes,3,Medium
C002740,P0312,Water Supply,Pipeline Leakage,Anjanapura,2026-01-30,Closed,40,6,Yes,Low,No,36,Medium
C002741,P0157,Solid Waste Management,Garbage Not Collected,Mathikere,2026-01-30,Closed,25,0,Yes,Medium,Yes,2,Medium
C002742,P0799,Water Supply,Low Water Pressure,Mahadevapura,2026-01-30,Closed,35,6,Yes,High,No,8,High
C002743,P2601,Street Infrastructure,Bus Shelter Damaged,Basavanagudi,2026-01-30,Closed,75,18,No,Medium,No,8,Medium
C002744,P1181,Road Maintenance,Pothole,Hosahalli,2026-01-30,Resolved,480,18,No,Low,No,2,Low
C002745,P2280,Solid Waste Management,Garbage Not Collected,Kodigehalli,2026-01-30,Resolved,55,1,No,Critical,Yes,4,High
C002746,P2280,Solid Waste Management,Garbage Not Collected,Kodigehalli,2026-01-30,Registered,55,1,No,Critical,Yes,4,High
C002747,P2295,Electrical,Damaged Street Light,Ulsoor,2026-01-30,Closed,40,17,No,None,No,4,Medium
C002748,P2700,Solid Waste Management,Garbage Not Collected,Bellandur,2026-01-30,Resolved,25,4,Yes,None,Yes,2,Medium
C002749,P1152,Road Maintenance,Road Maintenance Required,Rajarajeshwari Nagar,2026-01-30,Closed,15,1,No,Medium,Yes,4,Low
C002750,P2940,Road Maintenance,Pothole,Mathikere,2026-01-30,Closed,123,4,No,Medium,No,12,Critical
C002751,P2054,Electrical,Multiple Street Lights Not Working,Kammanahalli,2026-01-30,Closed,410,116,No,Medium,No,6,High
C002752,P1804,Electrical,Multiple Street Lights Not Working,Kammanahalli,2026-01-30,Resolved,503,136,No,Medium,No,8,High
C002753,P2765,Water Supply,Pipeline Leakage,Padmanabhanagar,2026-01-30,Closed,950,13,Yes,None,Yes,4,Medium
C002754,P1198,Electrical,Multiple Street Lights Not Working,Kammanahalli,2026-01-30,Closed,223,93,No,Medium,No,8,High
C002755,P1729,Electrical,Multiple Street Lights Not Working,Kammanahalli,2026-01-30,Resolved,441,143,No,Medium,No,6,High
C002756,P2070,Solid Waste Management,Garbage Not Collected,Mathikere,2026-01-30,Closed,39,0,Yes,Medium,,1,Medium
C002757,P2716,Electrical,Multiple Street Lights Not Working,Kammanahalli,2026-01-30,Closed,410,141,No,Medium,No,8,High
C002758,P1181,Water Supply,Water Leakage,Hosahalli,2026-01-30,Closed,110,4,No,Medium,Yes,2,High
C002759,P1394,Solid Waste Management,Garbage Dump,Mathikere,2026-01-30,In Progress,180,18,No,Medium,Yes,4,High
C002760,P2490,Solid Waste Management,Garbage Vehicle Not Arrived,Kodigehalli,2026-01-30,Closed,80,4,Yes,Low,Yes,1,Medium
C002761,P0616,Electrical,Multiple Street Lights Not Working,Kammanahalli,2026-01-30,Resolved,410,166,No,Medium,No,8,High
C002762,P0616,Electrical,Multiple Street Lights Not Working,Kammanahalli,2026-01-30,Resolved,400,166,No,Medium,No,8,High
C002763,P1087,Sewerage,Sewage Overflow,Whitefield,2026-01-31,Closed,1470,350,Yes,High,No,8,Critical
C002764,P2187,Public Sanitation,Unclean Public Area,Mathikere,2026-01-31,Closed,55,1,No,Low,Yes,3,Low
C002765,P1019,Road Maintenance,Road Maintenance Required,Hosahalli,2026-01-31,Resolved,70,13,No,Medium,Yes,2,Medium
C002766,P0580,Road Infrastructure,Road Signage Missing,Malleshwaram,2026-01-31,Resolved,217,15,No,Medium,Yes,8,Medium
C002767,P1690,Water Supply,No Water Supply,Marathahalli,2026-01-31,Closed,860,115,No,Low,No,1,Medium
C002768,P1469,Solid Waste Management,Garbage Not Collected,Kodigehalli,2026-01-31,Closed,55,0,No,Critical,No,6,High
C002769,P2527,Electrical,Multiple Street Lights Not Working,Mathikere,2026-01-31,Closed,120,11,No,Low,Yes,6,Medium
C002770,P0249,Water Supply,No Water Supply,Marathahalli,2026-01-31,Resolved,970,107,Yes,None,No,2,Medium
C002771,P0669,Road Maintenance,Pothole,Hosahalli,2026-01-31,Closed,340,16,No,Low,No,1,Low
C002772,P2595,Drainage,Drain Overflow,Hebbal,2026-01-31,Closed,130,16,Yes,Medium,Yes,8,Medium
C002773,P2849,Water Supply,No Water Supply,Marathahalli,2026-01-31,Closed,860,97,Yes,Low,No,2,Medium
C002774,P1181,Water Supply,Water Leakage,Hosahalli,2026-01-31,Closed,110,4,No,Medium,Yes,2,High
C002775,P2738,Public Sanitation,Unclean Public Area,Mathikere,2026-01-31,Closed,55,1,No,Low,Yes,1,Low
C002776,P0520,Solid Waste Management,Garbage Not Collected,Mathikere,2026-01-31,Resolved,39,1,Yes,High,Yes,2,Medium
C002777,P2954,Electrical,Multiple Street Lights Not Working,Kammanahalli,2026-01-31,Closed,410,93,Yes,Medium,No,12,High
C002778,P0585,Electrical,Damaged Street Light,Ulsoor,2026-01-31,Closed,40,18,No,None,No,4,Medium
C002779,P2293,Drainage,Drain Overflow,Hebbal,2026-01-31,Resolved,130,16,Yes,Medium,No,8,Medium
C002780,P0825,Solid Waste Management,Garbage Not Collected,Mathikere,2026-01-31,In Progress,150,30,No,Low,No,3,Medium
C002781,P0051,Road Maintenance,Road Maintenance Required,Shantinagar,2026-01-31,Resolved,130,16,No,High,Yes,2,Critical
C002782,P0927,Health,Public Health Sanitation Issue,Padmanabhanagar,2026-01-31,Resolved,90,24,No,Low,Yes,4,Medium
C002783,P1480,Solid Waste Management,Garbage Not Collected,Kodigehalli,2026-01-31,Closed,,0,No,Critical,No,4,High
C002784,P0608,Road Maintenance,Pothole,Ulsoor,2026-01-31,Closed,130,7,No,Medium,No,8,Low
C002785,P0203,Road Maintenance,Pothole,Mathikere,2026-01-31,Resolved,120,4,No,Medium,No,12,High
C002786,P1620,Sewerage,Sewage Overflow,Whitefield,2026-01-31,Closed,1100,159,Yes,Critical,No,8,Critical
C002787,P2718,Water Supply,No Water Supply,Marathahalli,2026-01-31,Closed,860,66,Yes,Low,No,2,Medium
C002788,P0372,Electrical,Multiple Street Lights Not Working,Indiranagar,2026-01-31,Resolved,190,20,No,High,Yes,8,High
C002789,P1644,Electrical,Multiple Street Lights Not Working,Kammanahalli,2026-02-01,Closed,220,38,No,Medium,No,8,High
C002790,P0349,Solid Waste Management,Garbage Not Collected,Electronic City,2026-02-01,Resolved,400,50,No,Critical,No,2,Critical
C002791,P2805,Solid Waste Management,Garbage Vehicle Not Arrived,Kadugodi,2026-02-01,Resolved,40,,No,Low,Yes,4,Low
C002792,P0204,Electrical,Multiple Street Lights Not Working,Indiranagar,2026-02-01,Resolved,190,52,,Medium,Yes,8,High
C002793,P1610,Electrical,Damaged Street Light,Mathikere,2026-02-01,Resolved,30,5,No,Critical,Yes,1,Medium
C002794,P2984,Solid Waste Management,Garbage Not Collected,Dasarahalli,2026-02-01,Closed,130,8,Yes,None,Yes,,Low
C002795,P2425,Electrical,Multiple Street Lights Not Working,Mathikere,2026-02-01,Closed,145,10,No,Low,Yes,8,Low
C002796,P1604,Sewerage,Sewage Overflow,Whitefield,2026-02-01,Resolved,1200,399,Yes,Critical,No,6,Critical
C002797,P1054,Health,Public Health Sanitation Issue,Padmanabhanagar,2026-02-01,Closed,77,15,No,Low,No,4,Medium
C002798,P0347,Solid Waste Management,Garbage Not Collected,Electronic City,2026-02-01,Closed,267,,No,Critical,No,2,High
C002799,P1950,Solid Waste Management,Garbage Not Collected,Kodigehalli,2026-02-01,Resolved,75,1,No,Critical,Yes,4,High
C002800,P0870,Public Sanitation,Public Toilet Not Maintained,Dasarahalli,2026-02-01,Resolved,154,2,No,High,Yes,2,Medium
C002801,P0802,Solid Waste Management,Garbage Vehicle Not Arrived,Kadugodi,2026-02-01,Closed,40,8,No,None,Yes,4,Low
C002802,P1141,Water Supply,No Water Supply,Marathahalli,2026-02-01,Resolved,860,104,Yes,Low,No,2,Medium
C002803,P1539,Electrical,Multiple Street Lights Not Working,Indiranagar,2026-02-01,In Progress,197,46,No,High,Yes,8,High
C002804,P2789,Solid Waste Management,Garbage Dumping in Vacant Site,Malleshwaram,2026-02-01,Resolved,323,2,No,Critical,No,8,High
C002805,P0157,Solid Waste Management,Garbage Not Collected,Mathikere,2026-02-01,Closed,25,0,Yes,Medium,Yes,2,Medium
C002806,P0643,Road Infrastructure,Road Cutting Not Restored,Kadugodi,2026-02-01,Resolved,30,8,No,High,Yes,24,Medium
C002807,P0643,Road Infrastructure,Road Cutting Not Restored,Kadugodi,2026-02-01,Resolved,30,8,No,Medium,Yes,24,Medium
C002808,P2765,Water Supply,Pipeline Leakage,Padmanabhanagar,2026-02-01,Closed,950,13,Yes,None,Yes,4,Medium
C002809,P0497,Public Sanitation,Unclean Public Area,Mathikere,2026-02-01,Closed,55,1,No,None,Yes,3,Low
C002810,P2849,Water Supply,No Water Supply,Marathahalli,2026-02-01,Closed,860,97,Yes,Low,No,2,Medium
C002811,P1902,Electrical,Multiple Street Lights Not Working,Kammanahalli,2026-02-02,Closed,430,121,No,Medium,No,8,High
C002812,P1264,Water Supply,Pipeline Leakage,Anjanapura,2026-02-02,Closed,40,9,Yes,Low,No,24,Medium
C002813,P1185,Electrical,Multiple Street Lights Not Working,Kammanahalli,2026-02-02,Closed,410,107,No,Medium,No,8,High
C002814,P0349,Electrical,Multiple Street Lights Not Working,Peenya,2026-02-02,In Progress,310,27,No,Low,No,6,Medium
C002815,P1264,Others,Stray Cattle on Road,Anjanapura,2026-02-02,Resolved,60,,No,High,No,6,Medium
C002816,P1605,Solid Waste Management,Garbage Not Collected,Ulsoor,2026-02-02,Closed,25,2,,High,Yes,1,High
C002817,P2395,Electrical,Street Light Not Working,Mathikere,2026-02-02,Closed,6,0,No,Low,Yes,1,Low
C002818,P2395,Electrical,Street Light Not Working,Mathikere,2026-02-02,Closed,6,0,No,Low,Yes,1,Low
C002819,P2659,Solid Waste Management,Sweeping Not Done,Yeshwanthpur,2026-02-02,Closed,45,2,No,None,No,2,Low
C002820,P0554,Solid Waste Management,Garbage Dump,Ulsoor,2026-02-02,Closed,140,12,No,Medium,No,12,Medium
C002821,P2375,Water Supply,Water Leakage,Electronic City,2026-02-02,Closed,310,10,Yes,Low,Yes,12,Low
C002822,P2395,Electrical,Damaged Street Light,Mathikere,2026-02-02,Closed,20,3,No,High,Yes,1,Medium
C002823,P1915,Solid Waste Management,Garbage Not Collected,Hosahalli,2026-02-02,Closed,240,30,Yes,Low,Yes,1,Low
C002824,P1566,Solid Waste Management,Garbage Vehicle Not Arrived,Padmanabhanagar,2026-02-02,Resolved,133,11,No,None,No,3,Low
C002825,P2945,Solid Waste Management,Sweeping Not Done,Kadugodi,2026-02-02,Assigned,110,4,No,None,Yes,2,Low
C002826,P2602,Solid Waste Management,Garbage Dump,Sarakki,2026-02-02,Closed,150,0,No,Low,Yes,8,Medium
C002827,P2772,Street Infrastructure,Bus Shelter Damaged,Vijayanagar,2026-02-02,Closed,200,17,No,Low,No,12,Low
C002828,P1255,Solid Waste Management,Garbage Not Collected,Yelahanka,2026-02-02,Resolved,60,8,No,None,No,1,Low
C002829,P0659,Solid Waste Management,Garbage Dump,Ulsoor,2026-02-02,Resolved,186,18,No,Low,No,8,Medium
C002830,P2301,Public Sanitation,Garbage Burning,Mathikere,2026-02-03,Closed,26,3,No,Medium,Yes,2,Medium
C002831,P0847,Solid Waste Management,Garbage Not Collected,Dasarahalli,2026-02-03,Resolved,25,1,No,Low,Yes,1,Low
C002832,P0276,Drainage,Open Drain,Bellandur,2026-02-03,Closed,80,16,No,Low,No,12,Medium
C002833,P1119,Road Infrastructure,Missing Manhole Cover,Electronic City,2026-02-03,Closed,40,8,No,High,No,0.5,High
C002834,P2524,Electrical,Multiple Street Lights Not Working,Peenya,2026-02-03,Closed,290,,No,Low,No,8,Medium
C002835,P1111,Solid Waste Management,Garbage Not Collected,Dasarahalli,2026-02-03,Closed,140,7,No,None,Yes,1,Low
C002836,P0701,Electrical,Street Light Not Working,Dasarahalli,2026-02-03,Closed,75,9,No,Low,Yes,2,Medium
C002837,P0419,Public Sanitation,Public Toilet Not Maintained,Hoodi,2026-02-03,Resolved,180,27,No,Low,No,4,Low
C002838,P1420,Electrical,Street Light Not Working,Dasarahalli,2026-02-03,Resolved,60,5,No,Low,Yes,2,Medium
C002839,P1054,Solid Waste Management,Garbage Vehicle Not Arrived,Padmanabhanagar,2026-02-03,Closed,160,12,No,None,No,1,Low
C002840,P1899,Sewerage,Sewage Overflow,Ulsoor,2026-02-03,Resolved,870,44,No,High,No,16,High
C002841,P2333,Sewerage,Sewage Overflow,Ulsoor,2026-02-03,Closed,910,48,No,Medium,No,16,High
C002842,P2301,Health,Public Health Sanitation Issue,Mathikere,2026-02-03,Resolved,15,1,No,None,Yes,12,Low
C002843,P0322,Solid Waste Management,Garbage Vehicle Not Arrived ,Electronic City,2026-02-04,Closed,70,19,Yes,Low,Yes,2,Low
C002844,P2789,Solid Waste Management,Sweeping Not Done,Malleshwaram,2026-02-04,Closed,110,14,No,Low,No,2,Medium
C002845,P2892,Electrical,Street Light Not Working,Dasarahalli,2026-02-04,Closed,51,4,,Low,Yes,2,Medium
C002846,P0243,Electrical,Street Light Not Working,Mathikere,2026-02-04,Closed,6,0,No,Low,No,1,Low
C002847,P0389,Solid Waste Management,Garbage Vehicle Not Arrived,Padmanabhanagar,2026-02-04,Closed,160,16,No,None,No,2,Low
C002848,P0321,Solid Waste Management,Garbage Not Collected,Yelahanka,2026-02-04,Closed,70,6,No,None,No,1,Low
C002849,P1145,Solid Waste Management,Sweeping Not Done,Kadugodi,2026-02-04,Assigned,110,6,No,None,No,2,Low
C002850,P1579,Solid Waste Management,Sweeping Not Done,Yeshwanthpur,2026-02-04,Closed,40,2,No,None,No,2,Low
C002851,P0655,Solid Waste Management,Garbage Vehicle Not Arrived,Electronic City,2026-02-04,Closed,85,22,Yes,None,Yes,2,Low
C002852,P1709,Electrical,Street Light Not Working,Dasarahalli,2026-02-04,Resolved,45,11,No,Medium,Yes,2,Medium
C002853,P1688,Road Maintenance,Pothole,Begur,2026-02-04,Resolved,50,5,No,Low,No,8,Medium
C002854,P1709,Electrical,Street Light Not Working,Dasarahalli,2026-02-04,Closed,60,6,No,Low,Yes,2,Medium
C002855,P0825,Public Sanitation,Public Toilet Not Maintained,Mathikere,2026-02-04,Closed,55,14,Yes,Critical,Yes,8,Critical
C002856,P2836,Solid Waste Management,Garbage Not Collected,Ulsoor,2026-02-04,Resolved,25,2,Yes,High,Yes,1,High
C002857,P1903,Road Maintenance,Pothole,Begur,2026-02-04,Closed,50,3,No,Medium,No,8,Medium
C002858,P1768,Electrical,Street Light Not Working,Dasarahalli,2026-02-04,Closed,60,5,No,Low,Yes,2,Medium
C002859,P1470,Public Sanitation,Public Toilet Not Maintained,Mathikere,2026-02-04,In Progress,35,9,Yes,High,Yes,12,Critical
C002860,P0909,Solid Waste Management,Sweeping Not Done,Jalahalli,2026-02-04,Closed,55,3,No,Low,No,4,Low
C002861,P1552,Public Sanitation,Public Toilet Not Maintained,Hoodi,2026-02-04,Resolved,180,24,No,None,No,4,Low
C002862,P1618,Electrical,Damaged Street Light,Sadashivanagar,2026-02-05,Closed,55,1,No,High,Yes,2,Low
C002863,P0593,Solid Waste Management,Sweeping Not Done,Malleshwaram,2026-02-05,Closed,110,18,No,Low,No,1,Medium
C002864,P2504,Solid Waste Management,Garbage Dump,Shantinagar,2026-02-05,Resolved,30,6,No,Medium,No,8,Low
C002865,P1943,Solid Waste Management,Sweeping Not Done,Jalahalli,2026-02-05,Closed,,3,No,Low,No,4,Low
C002866,P2789,Electrical,Multiple Street Lights Not Working,Malleshwaram,2026-02-05,Closed,180,31,No,Medium,Yes,8,High
C002867,P2932,Electrical,Multiple Street Lights Not Working,Malleshwaram,2026-02-05,Resolved,255,26,No,Medium,Yes,6,High
C002868,P2932,Electrical,Multiple Street Lights Not Working,Malleshwaram,2026-02-05,Registered,255,26,No,Medium,Yes,6,High
C002869,P2125,Electrical,Street Light Not Working,Hosahalli,2026-02-05,Resolved,20,1,No,Medium,Yes,4,Low
C002870,P0541,Electrical,Street Light Not Working,Dasarahalli,2026-02-05,Resolved,55,18,No,Low,Yes,2,Medium
C002871,P1166,Electrical,Multiple Street Lights Not Working,Malleshwaram,2026-02-05,Closed,260,26,No,Medium,Yes,8,High
C002872,P1329,Solid Waste Management,Sweeping Not Done,Malleshwaram,2026-02-05,Closed,110,38,No,Low,No,2,Medium
C002873,P2504,Electrical,Street Light Not Working,Shantinagar,2026-02-05,Closed,25,10,No,Medium,Yes,3,Medium
C002874,P1368,Drainage,Open Drain,Bellandur,2026-02-05,Closed,80,11,No,None,No,8,Low
C002875,P2948,Electrical,Multiple Street Lights Not Working,Malleshwaram,2026-02-05,Closed,296,39,No,Medium,Yes,8,High
C002876,P0830,Solid Waste Management,Garbage Vehicle Not Arrived,Hosahalli,2026-02-06,Resolved,73,13,No,Low,No,2,High
C002877,P0682,Solid Waste Management,Garbage Not Collected,Basavanagudi,2026-02-06,Resolved,70,10,Yes,None,No,2,Medium
C002878,P1783,Solid Waste Management,Garbage Vehicle Not Arrived,Electronic City,2026-02-06,Resolved,50,12,Yes,None,Yes,3,Low
C002879,P2607,Electrical,Multiple Street Lights Not Working,Malleshwaram,2026-02-06,In Progress,255,27,No,Medium,Yes,6,High
C002880,P1028,Solid Waste Management,Garbage Not Collected,Basavanagudi,2026-02-06,Closed,210,31,Yes,Low,No,1,Medium
C002881,P0639,Solid Waste Management,Garbage Not Collected,Shantinagar,2026-02-06,Resolved,260,14,No,None,Yes,0.5,Low
C002882,P1859,Solid Waste Management,Garbage Dump,Dasarahalli,2026-02-06,Closed,85,6,No,Low,No,1,Medium
C002883,P0197,Solid Waste Management,Garbage Not Collected,Shantinagar,2026-02-06,In Progress,150,6,No,None,Yes,1,Low
C002884,P0214,Revenue Department,Trade Licence Issue,Mathikere,2026-02-06,Resolved,1,0,No,None,No,1,Low
C002885,P1095,Electrical,Street Light Not Working,Chamrajpet,2026-02-06,Resolved,15,1,No,None,No,1,Low
C002886,P2789,Public Sanitation,Unclean Public Area,Malleshwaram,2026-02-06,Resolved,700,,No,Medium,,8,Medium
C002887,P0107,Solid Waste Management,Garbage Not Collected,Shantinagar,2026-02-06,Closed,240,10,No,None,Yes,0.5,Low
C002888,P0197,Electrical,Street Light Not Working,Shantinagar,2026-02-06,Resolved,,8,No,Medium,Yes,4,Medium
C002889,P1729,Road Maintenance,Pothole,Peenya,2026-02-06,Closed,88,5,No,High,No,8,Medium
C002890,P2655,Solid Waste Management,Garbage Not Collected,Shantinagar,2026-02-06,Closed,190,9,No,None,Yes,1,Low
C002891,P0573,Solid Waste Management,Garbage Dump,Dasarahalli,2026-02-06,Closed,75,5,No,Low,No,3,Low
C002892,P0497,Road Infrastructure,Road Cutting Not Restored,Mathikere,2026-02-06,In Progress,110,1,No,Low,No,8,Low
C002893,P0573,Electrical,Street Light Not Working,Dasarahalli,2026-02-06,Closed,38,11,No,Low,Yes,1,Medium
C002894,P0546,Public Sanitation,Garbage Burning,Hebbal,2026-02-06,Resolved,75,32,No,Critical,,2,Medium
C002895,P1927,Solid Waste Management,Garbage Dump,Shantinagar,2026-02-07,Resolved,30,9,No,Medium,No,8,Low
C002896,P2474,Electrical,Street Light Not Working,Chamrajpet,2026-02-07,Closed,18,1,No,None,No,1,Low
C002897,P2458,Solid Waste Management,Garbage Not Collected,Shantinagar,2026-02-07,Closed,190,9,No,None,Yes,1,Low
C002898,P1498,Solid Waste Management,Garbage Not Collected,Basavanagudi,2026-02-07,Resolved,110,20,Yes,None,No,3,Medium
C002899,P2314,Public Sanitation,Public Toilet Not Maintained,Sadashivanagar,2026-02-07,Resolved,35,3,No,Low,Yes,4,Low
C002900,P1178,Health,Public Health Sanitation Issue,HSR Layout,2026-02-07,Closed,90,10,Yes,Low,No,3,Low
C002901,P0349,Drainage,Damaged Drain,Peenya,2026-02-07,Resolved,24,0,No,Low,No,24,Low
C002902,P0828,Road Infrastructure,Missing Manhole Cover,Shantinagar,2026-02-07,Closed,15,3,No,Medium,No,1,Medium
C002903,P0828,Road Infrastructure,Missing Manhole Cover,Shantinagar,2026-02-07,Closed,15,3,No,Low,No,1,Medium
C002904,P1470,Solid Waste Management,Garbage Dump,Mathikere,2026-02-07,Resolved,15,3,No,None,Yes,2,Low
C002905,P0828,Solid Waste Management,Garbage Not Collected,Shantinagar,2026-02-07,Closed,190,6,No,None,Yes,1,Low
C002906,P2387,Electrical,Street Light Not Working,Shivajinagar,2026-02-07,Resolved,6,1,No,Medium,Yes,0.5,Low
C002907,P0369,Solid Waste Management,Garbage Not Collected,Shantinagar,2026-02-07,Closed,230,7,No,None,Yes,1,Low
C002908,P1719,Electrical,Damaged Street Light,Vijayanagar,2026-02-07,Resolved,10,1,No,High,No,2,Medium
C002909,P0383,Solid Waste Management,Garbage Vehicle Not Arrived,Hosahalli,2026-02-07,Closed,120,19,No,Low,No,2,Medium
C002910,P2061,Health,Public Health Sanitation Issue,Koramangala,2026-02-07,Resolved,280,99,Yes,None,Yes,4,Medium
C002911,P1054,Sewerage,Sewer Line Blockage,KR Puram,2026-02-07,Resolved,112,10,Yes,Critical,Yes,6,Critical
C002912,P0606,Solid Waste Management,Garbage Dump,Dasarahalli,2026-02-07,Resolved,100,6,No,Low,No,2,Low
C002913,P1780,Solid Waste Management,Garbage Not Collected,Shantinagar,2026-02-07,Resolved,190,13,No,None,Yes,1,Low
C002914,P1780,Solid Waste Management,Garbage Not Collected,Shantinagar,2026-02-07,Resolved,190,13,No,None,Yes,1,Low
C002915,P1104,Health,Public Health Sanitation Issue,HSR Layout,2026-02-07,Resolved,99,11,Yes,Low,No,3,Low
C002916,P1783,Solid Waste Management,Garbage Vehicle Not Arrived,Electronic City,2026-02-07,Resolved,50,12,Yes,None,Yes,3,Low
C002917,P2829,Street Infrastructure,Fallen Tree Branch,Bellandur,2026-02-08,Resolved,210,,No,Medium,Yes,2,Medium
C002918,P1937,Solid Waste Management,Garbage Not Collected,Shantinagar,2026-02-08,Resolved,200,7,No,None,Yes,1,Low
C002919,P2246,Electrical,Electric Pole Damaged,Kadugodi,2026-02-08,Resolved,20,1,No,Critical,Yes,6,High
C002920,P2148,Street Infrastructure,Street Light Not Working,Shivajinagar,2026-02-08,Resolved,6,1,No,Medium,Yes,0.5,Low
C002921,P0183,Solid Waste Management,Garbage Vehicle Not Arrived,Hosahalli,2026-02-08,Resolved,73,14,No,Low,No,,High
C002922,P2291,Road Maintenance,Footpath Damage,BTM Layout,2026-02-08,In Progress,95,27,No,Medium,Yes,,Medium
C002923,P0651,Sewerage,Sewer Line Blockage,Whitefield,2026-02-08,Closed,29,1,Yes,,Yes,4,Medium
C002924,P1095,Road Maintenance,Pothole,HSR Layout,2026-02-08,In Progress,160,23,No,Low,No,4,Low
C002925,P2378,Sewerage,Sewer Line Blockage,KR Puram,2026-02-08,Closed,112,10,Yes,Critical,Yes,8,Critical
C002926,P1729,Road Maintenance,Pothole,Peenya,2026-02-08,Closed,88,5,No,High,No,8,Medium
C002927,P1232,Solid Waste Management,Garbage Not Collected,Kadugodi,2026-02-08,Closed,38,1,No,None,Yes,,Low
C002928,P1036,Solid Waste Management,Garbage Not Collected,Shantinagar,2026-02-08,Closed,190,6,No,None,Yes,1,Low
C002929,P0828,Solid Waste Management,Garbage Not Collected,Shantinagar,2026-02-08,Closed,190,6,No,None,Yes,1,Low
C002930,P2578,Solid Waste Management,Garbage Dump,Yelahanka,2026-02-08,Resolved,71,1,Yes,Low,No,8,Low
C002931,P0212,Road Maintenance,Pothole,HSR Layout,2026-02-08,Closed,97,14,No,Medium,No,4,Low
C002932,P1727,Solid Waste Management,Garbage Not Collected,Shantinagar,2026-02-08,Resolved,190,7,No,None,Yes,1,Low
C002933,P0424,Electrical,Multiple Street Lights Not Working,Bellandur,2026-02-09,Closed,65,13,No,High,No,12,Medium
C002934,P1573,Water Supply,No Water Supply,Basavanagudi,2026-02-09,Resolved,1300,258,Yes,None,No,8,Medium
C002935,P2392,Electrical,Street Light Not Working,Mathikere,2026-02-09,Closed,20,1,No,Medium,Yes,8,High
C002936,P1024,Road Maintenance,Road Maintenance Required,Padmanabhanagar,2026-02-09,Closed,15,1,No,Low,No,16,Low
C002937,P2339,Street Infrastructure,Damaged Footpath Railing,Padmanabhanagar,2026-02-09,Closed,230,3,No,High,No,24,High
C002938,P1195,Electrical,Street Light Not Working,Chamrajpet,2026-02-09,Closed,6,0,No,Medium,Yes,1,Medium
C002939,P1265,Water Supply,No Water Supply,Basavanagudi,2026-02-09,Closed,1088,234,Yes,None,No,6,Medium
C002940,P1807,Road Infrastructure,Speed Breaker Required,Byatarayanapura,2026-02-09,Closed,88,25,Yes,None,No,8,Low
C002941,P1175,Sewerage,Sewer Line Blockage,Whitefield,2026-02-09,Closed,40,2,No,High,Yes,3,High
C002942,P1556,Others,Miscellaneous Complaint,Rajajinagar,2026-02-09,Closed,4,0,,None,No,4,Low
C002943,P2410,Electrical,Street Light Not Working,BTM Layout,2026-02-09,Closed,20,0,No,Medium,Yes,1,Low
C002944,P2324,Water Supply,Low Water Pressure,Ulsoor,2026-02-09,Closed,560,27,Yes,None,No,2,Low
C002945,P0220,Solid Waste Management,Garbage Dump,Jayanagar,2026-02-09,Resolved,75,3,No,Medium,Yes,12,Medium
C002946,P2965,Health,Public Health Sanitation Issue,Koramangala,2026-02-09,Closed,280,129,Yes,None,Yes,4,Medium
C002947,P1193,Public Sanitation,Unclean Public Area,Sarakki,2026-02-09,Closed,220,30,No,Medium,Yes,2,Low
C002948,P0393,Solid Waste Management,Garbage Not Collected,Kadugodi,2026-02-09,Closed,94,1,No,None,No,2,Low
C002949,P1477,Water Supply,No Water Supply,Yelahanka,2026-02-09,Closed,310,16,No,Low,Yes,8,High
C002950,P2068,Water Supply,Water Leakage,Sadashivanagar,2026-02-10,Resolved,770,159,Yes,Low,Yes,4,High
C002951,P1031,Road Infrastructure,Road Cutting Not Restored,Sarakki,2026-02-10,Resolved,90,22,No,None,Yes,24,Medium
C002952,P1101,Solid Waste Management,Garbage Not Collected,Hennur,2026-02-10,In Progress,206,6,No,Low,No,,Medium
C002953,P0482,Others,Miscellaneous Complaint,Rajajinagar,2026-02-10,Closed,4,0,No,None,Yes,4,Low
C002954,P0325,Solid Waste Management,Garbage Dumping in Vacant Site,Mahadevapura,2026-02-10,Closed,25,2,No,None,No,8,Low
C002955,P1264,Solid Waste Management,Garbage Vehicle Not Arrived,Anjanapura,2026-02-10,Closed,500,35,Yes,Low,Yes,4,Low
C002956,P0981,Public Sanitation,Unclean Public Area,Sarakki,2026-02-10,Closed,220,34,No,High,Yes,2,Low
C002957,P0981,Road Infrastructure,Road Cutting Not Restored,Sarakki,2026-02-10,Resolved,90,26,No,Low,Yes,36,Medium
C002958,P1065,Electrical,Street Light Not Working,Chamrajpet,2026-02-10,Closed,6,0,No,,Yes,1,Medium
C002959,P1095,Electrical,Street Light Not Working,Chamrajpet,2026-02-10,Resolved,6,0,No,Medium,Yes,1,Medium
C002960,P1917,Water Supply,Water Leakage,Sadashivanagar,2026-02-10,Closed,740,150,Yes,Low,No,4,High
C002961,P2656,Electrical,Street Light Not Working,Padmanabhanagar,2026-02-10,Closed,15,0,No,None,Yes,6,Low
C002962,P0044,Revenue Department,Khata Related Issue,Varthur,2026-02-10,Closed,2,0,No,None,No,0.5,Low
C002963,P0232,Electrical,Damaged Street Light,Whitefield,2026-02-10,Closed,7,1,No,Medium,Yes,8,Low
C002964,P2805,Solid Waste Management,Garbage Not Collected,Kadugodi,2026-02-10,Closed,130,2,No,None,No,,Low
C002965,P0367,Sewerage,Sewer Line Blockage,Whitefield,2026-02-10,Resolved,32,1,Yes,Medium,,4,Critical
C002966,P2899,Solid Waste Management,Garbage Dumping in Vacant Site,Mahadevapura,2026-02-10,Closed,40,6,No,None,No,8,Low
C002967,P1901,Health,Public Health Sanitation Issue,Banaswadi,2026-02-10,Resolved,150,,Yes,Medium,Yes,4,Medium
C002968,P0232,Sewerage,Sewer Line Blockage,Whitefield,2026-02-10,Resolved,50,2,Yes,High,Yes,4,High
C002969,P2728,Water Supply,Water Leakage,Mathikere,2026-02-11,Resolved,55,7,Yes,None,Yes,8,Low
C002970,P0285,Street Infrastructure,Damaged Footpath Railing,Padmanabhanagar,2026-02-11,Closed,140,2,No,High,No,16,High
C002971,P2376,Road Maintenance,Footpath Damage,Peenya,2026-02-11,Closed,260,62,No,High,No,12,Low
C002972,P1213,Drainage,Drain Blockage,Mahadevapura,2026-02-11,Closed,95,12,Yes,Low,No,4,Medium
C002973,P0187,Solid Waste Management,Garbage Not Collected,Hennur,2026-02-11,In Progress,170,2,No,Low,No,1,Medium
C002974,P2165,Solid Waste Management,Garbage Not Collected,Hennur,2026-02-11,In Progress,290,6,No,Low,No,1,Medium
C002975,P2594,Revenue Department,Khata Related Issue,Hoodi,2026-02-11,In Progress,,0,No,None,Yes,1,Low
C002976,P0142,Water Supply,No Water Supply,Yelahanka,2026-02-11,Closed,310,10,Yes,Low,Yes,,High
C002977,P2440,Health,Public Health Sanitation Issue,Varthur,2026-02-11,Resolved,40,3,No,Low,No,8,Medium
C002978,P1905,Health,Public Health Sanitation Issue,Varthur,2026-02-11,Closed,70,4,No,Low,No,8,Medium
C002979,P2437,Electrical,Street Light Not Working,Mathikere,2026-02-11,Closed,15,1,No,High,Yes,8,High
C002980,P0702,Water Supply,Pipeline Leakage,Kadugodi,2026-02-11,In Progress,270,30,Yes,Critical,No,8,Critical
C002981,P2638,Solid Waste Management,Garbage Not Collected,Hennur,2026-02-11,In Progress,170,3,No,Low,No,1,Medium
C002982,P1323,Health,Public Health Sanitation Issue,Varthur,2026-02-11,Closed,40,2,No,Low,No,8,Medium
C002983,P0883,Solid Waste Management,Sweeping Not Done,Mahadevapura,2026-02-11,Closed,25,3,No,Low,No,1,Medium
C002984,P1458,Public Sanitation,Public Health Sanitation Issue,Chickpet,2026-02-12,Closed,90,12,No,Medium,No,4,Medium
C002985,P1998,Road Maintenance,Footpath Damage,Electronic City,2026-02-12,Resolved,15,2,No,Low,No,16,Medium
C002986,P2056,Revenue Department,Khata Related Issue,Hoodi,2026-02-12,In Progress,20,0,No,None,Yes,0.5,Low
C002987,P2555,Water Supply,Water Leakage,Sadashivanagar,2026-02-12,Closed,600,131,Yes,Low,No,4,High
C002988,P0115,Others,Stray Cattle on Road,Ulsoor,2026-02-12,Closed,30,2,No,Medium,No,8,Low
C002989,P1939,Road Infrastructure,Missing Manhole Cover,Shantinagar,2026-02-12,Closed,45,3,No,High,,0.5,Medium
C002990,P1201,Electrical,Street Light Not Working,BTM Layout,2026-02-12,Resolved,20,0,No,Medium,Yes,0.5,Low
C002991,P0984,Solid Waste Management,Garbage Dumping in Vacant Site,Shivajinagar,2026-02-12,Closed,30,5,No,Low,No,8,Medium
C002992,P0457,Public Sanitation,Public Toilet Not Maintained,Koramangala,2026-02-12,Closed,430,69,No,Critical,Yes,8,Critical
C002993,P2458,Water Supply,Low Water Pressure,Shantinagar,2026-02-12,Resolved,140,22,Yes,None,No,4,Low
C002994,P1328,Solid Waste Management,Sweeping Not Done,Shivajinagar,2026-02-12,Resolved,330,33,Yes,Medium,Yes,2,High
C002995,P0319,Health,Stray Dog Menace,Bellandur,2026-02-12,Closed,35,8,No,Low,,4,Medium
C002996,P0462,Road Infrastructure,Road Cutting Not Restored,JP Nagar,2026-02-12,Resolved,25,2,No,Medium,No,8,Medium
C002997,P1163,Solid Waste Management,Garbage Dump,Koramangala,2026-02-12,Resolved,100,1,Yes,None,Yes,8,Low
C002998,P0405,Solid Waste Management,Garbage Not Collected,Hoodi,2026-02-12,Closed,250,0,No,Medium,Yes,4,Low
C002999,P1735,Electrical,Street Light Not Working,Sadashivanagar,2026-02-12,Closed,32,1,Yes,Medium,Yes,0.5,Low
C003000,P0755,Solid Waste Management,Sweeping Not Done,Nagarbhavi,2026-02-12,Resolved,100,9,No,Low,No,1,Low
C003001,P1161,Water Supply,Pipeline Leakage,Kadugodi,2026-02-12,In Progress,270,34,Yes,Critical,No,8,Critical
C003002,P2305,Health,Public Health Sanitation Issue,Chickpet,2026-02-12,Resolved,100,12,No,Medium,No,4,Medium
C003003,P2450,Health,Public Health Sanitation Issue,Chickpet,2026-02-12,Resolved,122,16,No,Medium,No,4,Medium
C003004,P2494,Road Maintenance,Footpath Damage,Jalahalli,2026-02-12,Resolved,74,10,No,Medium,No,12,Medium
C003005,P2458,Electrical,Damaged Street Light,Shantinagar,2026-02-12,Resolved,62,13,No,Medium,No,12,Medium
C003006,P0482,Health,Stray Dog Menace,Bellandur,2026-02-12,Resolved,35,8,No,Low,Yes,4,Medium
C003007,P1963,Health,Public Health Sanitation Issue,Banaswadi,2026-02-12,Closed,190,36,Yes,Low,Yes,4,Medium
C003008,P1040,Solid Waste Management,Garbage Dump,Koramangala,2026-02-12,Resolved,100,1,Yes,None,Yes,8,Low
C003009,P1103,Health,Public Health Sanitation Issue,Chickpet,2026-02-12,Resolved,95,13,No,Medium,No,4,Medium
C003010,P0810,Solid Waste Management,Garbage Dump,Banaswadi,2026-02-13,Closed,80,5,No,Medium,No,8,Low
C003011,P2633,Public Sanitation,Public Toilet Not Maintained,Koramangala,2026-02-13,Closed,430,83,No,Critical,Yes,8,Critical
C003012,P0588,Solid Waste Management,Garbage Dumping in Vacant Site,Shivajinagar,2026-02-13,Closed,40,7,No,Low,No,8,Medium
C003013,P0222,Sewerage,Sewage Overflow,Electronic City,2026-02-13,Resolved,35,4,Yes,Medium,Yes,2,High
C003014,P1615,Drainage,Drain Overflow,Bellandur,2026-02-13,Resolved,30,3,Yes,Low,Yes,6,Low
C003015,P1572,Drainage,Open Drain,Hennur,2026-02-13,Closed,70,6,No,None,No,12,Medium
C003016,P0038,Revenue Department,Khata Related Issue,Sarakki,2026-02-13,Closed,2,1,No,None,Yes,1,Low
C003017,P1564,Road Maintenance,Pothole,Begur,2026-02-13,In Progress,40,5,No,Medium,,6,Medium
C003018,P2915,Electrical,Street Light Not Working,Hennur,2026-02-13,Resolved,35,3,No,Medium,Yes,4,Low
C003019,P2923,Solid Waste Management,Sweeping Not Done,Mahadevapura,2026-02-13,Closed,20,2,No,Low,No,2,Low
C003020,P0544,Water Supply,Pipeline Leakage,Kadugodi,2026-02-13,In Progress,270,35,Yes,Critical,No,8,Critical
C003021,P2101,Road Maintenance,Footpath Damage,Dasarahalli,2026-02-13,Closed,60,2,No,Medium,Yes,24,Low
C003022,P0038,Public Sanitation,Unclean Public Area,Sarakki,2026-02-13,Closed,160,11,No,Low,Yes,12,Medium
C003023,P0923,Road Maintenance,Footpath Damage,Dasarahalli,2026-02-13,Closed,60,3,No,Medium,No,24,Low
C003024,P2005,Road Infrastructure,Missing Manhole Cover,Shantinagar,2026-02-13,Closed,55,2,No,High,Yes,1,Medium
C003025,P1028,Road Maintenance,Pothole,Basavanagudi,2026-02-13,Closed,120,,No,Medium,Yes,2,Medium
C003026,P1211,Road Infrastructure,Road Signage Missing,Malleshwaram,2026-02-13,Resolved,450,6,No,High,Yes,12,High
C003027,P0985,Solid Waste Management,Garbage Dump,Koramangala,2026-02-13,Resolved,100,1,Yes,None,Yes,12,Low
C003028,P1572,Electrical,Street Light Not Working,Hennur,2026-02-13,Resolved,35,6,No,Medium,Yes,4,Low
C003029,P1452,Electrical,Street Light Not Working,Bellandur,2026-02-13,Closed,,16,Yes,Low,No,3,Medium
C003030,P0711,Public Sanitation,Public Toilet Not Maintained,Koramangala,2026-02-13,Closed,430,129,No,Critical,Yes,8,Critical
C003031,P2189,Sewerage,Sewer Line Blockage,Yeshwanthpur,2026-02-13,Closed,63,0,Yes,Medium,No,8,Low
C003032,P2926,Solid Waste Management,Garbage Dump,Banaswadi,2026-02-13,Closed,200,23,No,Low,No,8,Low
C003033,P0735,Solid Waste Management,Garbage Dump,Banaswadi,2026-02-13,Closed,120,10,No,Low,No,8,Low
C003034,P0349,Sewerage,Sewage Overflow,Electronic City,2026-02-13,Closed,50,3,Yes,High,Yes,2,High
C003035,P1839,Water Supply,Pipeline Leakage,Kadugodi,2026-02-13,In Progress,250,33,Yes,Critical,No,8,Critical
C003036,P1689,Water Supply,Pipeline Leakage,Kadugodi,2026-02-13,In Progress,150,21,Yes,High,No,8,Critical
C003037,P0679,Road Maintenance,Road Maintenance Required,Kodigehalli,2026-02-14,Closed,30,1,No,Low,Yes,3,Low
C003038,P0679,Road Maintenance,Road Maintenance Required,Kodigehalli,2026-02-14,Closed,25,1,No,None,Yes,3,Low
C003039,P0871,Road Infrastructure,Speed Breaker Required,Ulsoor,2026-02-14,Closed,52,11,No,Medium,Yes,4,High
C003040,P0349,Road Maintenance,Pothole,Peenya,2026-02-14,Resolved,55,1,No,None,Yes,24,Medium
C003041,P1232,Solid Waste Management,Garbage Dumping in Vacant Site,Kadugodi,2026-02-14,Assigned,60,5,No,High,Yes,,High
C003042,P2223,Electrical,Street Light Not Working,Hosahalli,2026-02-14,Closed,38,6,Yes,Medium,Yes,1,High
C003043,P1889,Road Maintenance,Pothole,Peenya,2026-02-14,Closed,39,1,No,Low,Yes,24,Medium
C003044,P1729,Road Maintenance,Pothole,Peenya,2026-02-14,Closed,55,1,No,Low,Yes,24,Medium
C003045,P1527,Drainage,Open Drain,Hennur,2026-02-14,Closed,70,7,No,Low,No,16,Medium
C003046,P0773,Road Maintenance,Pothole,Basavanagudi,2026-02-14,Closed,150,5,No,Medium,No,2,Medium
C003047,P1166,Electrical,Damaged Street Light,Malleshwaram,2026-02-14,Resolved,97,19,,Low,Yes,2,Low
C003048,P1743,Water Supply,Low Water Pressure,Shantinagar,2026-02-14,Closed,170,,Yes,None,No,4,Low
C003049,P1908,Road Maintenance,Pothole,Basavanagudi,2026-02-14,Resolved,150,5,No,Low,Yes,,Medium
C003050,P0934,Solid Waste Management,Garbage Dump,Banaswadi,2026-02-14,Closed,120,10,No,Low,No,8,Low
C003051,P1172,Street Infrastructure,Fallen Tree Branch,KR Puram,2026-02-14,Closed,30,1,No,High,No,3,Medium
C003052,P0474,Road Maintenance,Road Maintenance Required,Kodigehalli,2026-02-14,Resolved,30,1,No,None,Yes,4,Medium
C003053,P2937,Revenue Department,Khata Related Issue,Sadashivanagar,2026-02-15,Resolved,7,1,No,None,No,0.5,Low
C003054,P1071,Road Maintenance,Footpath Damage,Whitefield,2026-02-15,Resolved,20,2,No,Low,Yes,4,Low
C003055,P2245,Road Maintenance,Pothole,Peenya,2026-02-15,Closed,55,2,No,Low,Yes,36,Medium
C003056,P2189,Electrical,Street Light Not Working,Yeshwanthpur,2026-02-15,Closed,8,1,No,Medium,Yes,2,Low
C003057,P2326,Solid Waste Management,Garbage Dump,Mathikere,2026-02-15,Closed,80,1,No,Medium,,2,Medium
C003058,P0415,Health,Stray Dog Menace,Chamrajpet,2026-02-15,Resolved,40,3,No,Medium,No,4,Medium
C003059,P2917,Road Infrastructure,Road Encroachment,Yeshwanthpur,2026-02-15,Closed,20,2,No,Medium,No,3,Medium
C003060,P2059,Road Infrastructure,Road Encroachment,Yeshwanthpur,2026-02-15,Resolved,20,2,No,Medium,No,6,Medium
C003061,P0469,Road Infrastructure,Speed Breaker Required,Ulsoor,2026-02-15,Closed,60,9,,Medium,Yes,4,High
C003062,P0975,Others,Illegal Construction,Indiranagar,2026-02-15,Resolved,20,0,No,Low,No,24,Low
C003063,P1961,Health,Stray Dog Menace,Koramangala,2026-02-15,Resolved,37,8,No,Low,No,6,Low
C003064,P1530,Solid Waste Management,Sweeping Not Done,Dasarahalli,2026-02-15,Closed,144,32,No,None,No,4,Low
C003065,P1065,Health,Stray Dog Menace,Chamrajpet,2026-02-15,Closed,39,5,No,Medium,No,6,Medium
C003066,P1313,Drainage,Drain Overflow,Bellandur,2026-02-15,Resolved,65,7,No,Low,Yes,12,Low
C003067,P0337,Sewerage,Sewer Line Blockage,Yeshwanthpur,2026-02-15,Closed,63,0,Yes,None,Yes,8,Low
C003068,P2070,Road Maintenance,Pothole,Peenya,2026-02-15,Resolved,40,,No,Low,Yes,24,Medium
C003069,P2928,Solid Waste Management,Garbage Vehicle Not Arrived,Basavanagudi,2026-02-16,Closed,115,3,Yes,Low,Yes,1,Medium
C003070,P2398,Solid Waste Management,Garbage Dump,Mathikere,2026-02-16,Resolved,65,1,No,Medium,Yes,1,Low
C003071,P2398,Solid Waste Management,Garbage Dump,Mathikere,2026-02-16,Resolved,50,1,No,Medium,Yes,1,Low
C003072,P1364,Road Infrastructure,Road Encroachment,Kadugodi,2026-02-16,Resolved,90,15,No,Medium,No,8,Medium
C003073,P1836,Solid Waste Management,Garbage Vehicle Not Arrived,Basavanagudi,2026-02-16,Closed,390,50,No,Low,Yes,2,Medium
C003074,P2559,Water Supply,Water Leakage,Mathikere,2026-02-16,Resolved,60,7,No,Low,Yes,2,Medium
C003075,P1687,Road Maintenance,Road Maintenance Required,Hosahalli,2026-02-16,Closed,3,0,No,Low,Yes,2,Low
C003076,P2579,Solid Waste Management,Garbage Vehicle Not Arrived,Basavanagudi,2026-02-16,Closed,132,18,No,Low,Yes,1,Medium
C003077,P1409,Electrical,Street Light Not Working,Chamrajpet,2026-02-16,Closed,25,4,No,Low,Yes,2,Low
C003078,P2291,Electrical,Street Light Not Working,JP Nagar,2026-02-16,Resolved,30,6,No,Medium,Yes,2,Medium
C003079,P2737,Solid Waste Management,Garbage Dump,Mathikere,2026-02-16,Resolved,80,2,No,Medium,Yes,2,Low
C003080,P2176,Solid Waste Management,Garbage Dumping in Vacant Site,Electronic City,2026-02-16,Resolved,25,2,No,,Yes,12,High
C003081,P2118,Public Sanitation,Garbage Burning,Shivajinagar,2026-02-16,Closed,40,3,No,None,No,2,Low
C003082,P0708,Solid Waste Management,Garbage Dumping in Vacant Site,Electronic City,2026-02-16,Closed,25,2,No,Critical,,12,High
C003083,P0798,Road Maintenance,Road Surface Damage,Sarakki,2026-02-17,Resolved,1500,82,No,High,No,24,High
C003084,P1548,Revenue Department,Trade Licence Issue,Marathahalli,2026-02-17,Resolved,2,0,No,None,No,0.5,Low
C003085,P1454,Road Maintenance,Road Surface Damage,Sarakki,2026-02-17,Closed,1500,43,No,High,No,36,High
C003086,P1129,Sewerage,Sewer Line Blockage,Marathahalli,2026-02-17,Closed,210,14,No,Low,Yes,4,Medium
C003087,P2429,Road Maintenance,Footpath Damage,Hosahalli,2026-02-17,Resolved,35,1,No,High,Yes,8,Medium
C003088,P0047,Drainage,Open Drain,Jalahalli,2026-02-17,In Progress,194,22,No,Medium,No,16,Medium
C003089,P1790,Road Maintenance,Pothole,Nagarbhavi,2026-02-17,In Progress,130,4,No,Low,Yes,2,Low
C003090,P2674,Solid Waste Management,Garbage Not Collected,Nagarbhavi,2026-02-17,In Progress,300,29,No,Low,No,3,Low
C003091,P1165,Electrical,Street Light Not Working,Malleshwaram,2026-02-17,In Progress,85,16,No,Medium,Yes,2,Medium
C003092,P2449,Road Maintenance,Footpath Damage,Hosahalli,2026-02-17,Resolved,35,1,No,Medium,Yes,8,Medium
C003093,P0884,Electrical,Street Light Not Working,Malleshwaram,2026-02-18,In Progress,85,23,Yes,Medium,Yes,2,Medium
C003094,P1412,Street Infrastructure,Fallen Tree Branch,Dasarahalli,2026-02-18,Resolved,100,12,No,Low,No,3,Low
C003095,P0369,Solid Waste Management,Garbage Vehicle Not Arrived,Shantinagar,2026-02-18,Closed,70,8,Yes,Low,No,1,Medium
C003096,P2892,Solid Waste Management,Garbage Not Collected,Dasarahalli,2026-02-18,Closed,55,1,Yes,None,No,2,Low
C003097,P1439,Solid Waste Management,Garbage Dump,Hennur,2026-02-18,Closed,80,3,No,High,Yes,12,High
C003098,P1276,Road Maintenance,Footpath Damage,Anjanapura,2026-02-18,Resolved,220,90,No,Low,No,24,Medium
C003099,P2709,Road Infrastructure,Road Encroachment,KR Puram,2026-02-18,Resolved,120,6,No,Medium,No,4,Low
C003100,P1998,Solid Waste Management,Garbage Dump,Electronic City,2026-02-18,Closed,150,12,Yes,Low,Yes,8,Medium
C003101,P1998,Solid Waste Management,Garbage Dump,Electronic City,2026-02-18,Closed,208,12,Yes,Low,Yes,8,Medium
C003102,P1455,Road Infrastructure,Speed Breaker Required,Anjanapura,2026-02-18,Resolved,150,17,No,None,No,16,Low
C003103,P0093,Electrical,Street Light Not Working,Rajajinagar,2026-02-18,Closed,,5,No,Medium,No,12,Medium
C003104,P0123,Road Maintenance,Footpath Damage,Kadugodi,2026-02-18,Closed,2500,334,No,Low,No,24,Medium
C003105,P0853,Road Infrastructure,Road Encroachment,KR Puram,2026-02-18,Resolved,120,6,No,Medium,Yes,6,Low
C003106,P2109,Solid Waste Management,Garbage Dump,Hennur,2026-02-18,Closed,80,3,No,Critical,Yes,8,High
C003107,P2268,Water Supply,Water Leakage,Bellandur,2026-02-18,Resolved,25,4,Yes,Low,Yes,3,Low
C003108,P1709,Solid Waste Management,Garbage Not Collected,Dasarahalli,2026-02-18,Closed,160,25,Yes,None,,0.5,Low
C003109,P1674,Solid Waste Management,Garbage Not Collected,Nagarbhavi,2026-02-18,Resolved,330,21,No,None,Yes,3,Low
C003110,P0539,Water Supply,Water Leakage,Malleshwaram,2026-02-18,Closed,65,4,No,Medium,Yes,4,Medium
C003111,P2789,Electrical,Street Light Not Working,Malleshwaram,2026-02-18,In Progress,65,22,No,Medium,Yes,2,Medium
C003112,P0496,Solid Waste Management,Sweeping Not Done,BTM Layout,2026-02-19,Closed,9,1,No,None,No,2,Low
C003113,P2810,Solid Waste Management,Garbage Dumping in Vacant Site,Yeshwanthpur,2026-02-19,Resolved,15,2,No,Medium,No,12,Low
C003114,P0422,Solid Waste Management,Sweeping Not Done,BTM Layout,2026-02-19,Closed,6,0,No,None,No,3,Low
C003115,P1294,Road Infrastructure,Road Encroachment,Peenya,2026-02-19,Closed,65,4,No,Low,Yes,4,Medium
C003116,P2328,Road Maintenance,Road Maintenance Required,Hosahalli,2026-02-19,Closed,3,0,No,Low,Yes,2,Low
C003117,P2328,Road Maintenance,Road Maintenance Required,Hosahalli,2026-02-19,Closed,3,0,No,Low,Yes,2,Low
C003118,P2119,Road Infrastructure,Road Encroachment,KR Puram,2026-02-19,Closed,120,7,No,Medium,No,4,Low
C003119,P2675,Road Infrastructure,Road Encroachment,Peenya,2026-02-19,Resolved,80,4,No,Low,Yes,4,Medium
C003120,P0439,Solid Waste Management,Garbage Not Collected,Electronic City,2026-02-19,Closed,25,5,Yes,None,Yes,2,Low
C003121,P1393,Solid Waste Management,Garbage Dumping in Vacant Site,HSR Layout,2026-02-19,Closed,160,7,No,Medium,No,4,High
C003122,P1106,Public Sanitation,Unclean Public Area,Mathikere,2026-02-19,In Progress,79,2,No,Medium,Yes,3,Low
C003123,P1673,Solid Waste Management,Garbage Dump,Hennur,2026-02-19,Closed,110,5,No,High,Yes,12,High
C003124,P0099,Solid Waste Management,Garbage Dump,Hennur,2026-02-19,Closed,95,5,No,High,Yes,12,High
C003125,P2353,Electrical,Street Light Not Working,Dasarahalli,2026-02-19,Resolved,15,2,No,None,Yes,0.5,Low
C003126,P0766,Electrical,Street Light Not Working,Dasarahalli,2026-02-19,Resolved,15,1,No,Low,No,1,Low
C003127,P0766,Road Infrastructure,Road Encroachment,Dasarahalli,2026-02-19,Resolved,400,14,No,None,Yes,12,Medium
C003128,P1141,Sewerage,Sewer Line Blockage,Marathahalli,2026-02-19,Closed,170,15,Yes,Low,Yes,4,Medium
C003129,P0023,Solid Waste Management,Garbage Dump,Byatarayanapura,2026-02-19,Resolved,85,12,No,None,Yes,4,Low
C003130,P1215,Solid Waste Management,Garbage Dumping in Vacant Site,Sarakki,2026-02-19,Closed,15,1,No,Low,No,12,Low
C003131,P1631,Street Infrastructure,Damaged Footpath Railing,Koramangala,2026-02-19,Resolved,60,17,Yes,Low,No,4,Medium
C003132,P0456,Solid Waste Management,Garbage Dump,Hennur,2026-02-19,Resolved,80,3,No,High,Yes,12,High
C003133,P2841,Solid Waste Management,Garbage Dumping in Vacant Site,Yeshwanthpur,2026-02-19,Resolved,25,5,No,Medium,No,12,Low
C003134,P1300,Drainage,Open Drain,Jalahalli,2026-02-19,In Progress,170,11,No,Medium,No,8,Medium
C003135,P0109,Solid Waste Management,Garbage Dumping in Vacant Site,Yeshwanthpur,2026-02-19,Resolved,25,2,No,Medium,No,8,Low
C003136,P1155,Solid Waste Management,Garbage Not Collected,Sadashivanagar,2026-02-20,Resolved,270,1,No,None,No,8,Low
C003137,P0320,Solid Waste Management,Garbage Dump,Gandhinagar,2026-02-20,Closed,40,4,No,Medium,Yes,3,Medium
C003138,P2523,Solid Waste Management,Sweeping Not Done,BTM Layout,2026-02-20,Resolved,7,1,No,None,No,2,Low
C003139,P2523,Solid Waste Management,Sweeping Not Done,BTM Layout,2026-02-20,Resolved,7,1,No,None,No,2,Low
C003140,P0698,Street Infrastructure,Bus Shelter Damaged,Chickpet,2026-02-20,Closed,141,10,No,Medium,No,8,Medium
C003141,P1714,Electrical,Multiple Street Lights Not Working,Shantinagar,2026-02-20,Resolved,360,20,No,Medium,No,,Low
C003142,P1709,Electrical,Street Light Not Working,Dasarahalli,2026-02-20,Resolved,35,3,No,None,Yes,4,Low
C003143,P1859,Road Maintenance,Pothole,Dasarahalli,2026-02-20,Resolved,338,5,No,,Yes,8,High
C003144,P2810,Solid Waste Management,Garbage Dumping in Vacant Site,Yeshwanthpur,2026-02-20,Resolved,15,2,No,Medium,No,12,Low
C003145,P0994,Water Supply,No Water Supply,Mahadevapura,2026-02-20,In Progress,510,95,Yes,Medium,No,4,High
C003146,P1709,Electrical,Street Light Not Working,Dasarahalli,2026-02-20,Closed,15,1,No,Medium,Yes,4,Low
C003147,P1100,Sewerage,Manhole Overflow,Ulsoor,2026-02-20,Closed,,6,Yes,High,Yes,12,High
C003148,P0347,Solid Waste Management,Garbage Dump,Electronic City,2026-02-20,Closed,150,5,Yes,Low,Yes,8,Medium
C003149,P1618,Electrical,Multiple Street Lights Not Working,Shantinagar,2026-02-20,Closed,360,19,No,Medium,No,3,Low
C003150,P2019,Road Maintenance,Pothole,Dasarahalli,2026-02-20,Resolved,338,4,No,High,Yes,8,High
C003151,P1232,Street Infrastructure,Footpath Damage,Kadugodi,2026-02-20,Closed,2500,511,No,Low,No,12,Medium
C003152,P0119,Water Supply,Low Water Pressure,Ulsoor,2026-02-21,Closed,262,13,No,Low,Yes,12,Low
C003153,P1589,Electrical,Street Light Not Working,Ulsoor,2026-02-21,Closed,35,5,No,Medium,Yes,1,High
C003154,P2573,Road Infrastructure,Road Encroachment,Mathikere,2026-02-21,Resolved,80,15,No,None,Yes,8,Medium
C003155,P1482,Solid Waste Management,Garbage Not Collected,Sadashivanagar,2026-02-21,Closed,280,1,No,None,Yes,8,Low
C003156,P2509,Revenue Department,Khata Related Issue,Hebbal,2026-02-21,Closed,3,1,No,None,No,,Low
C003157,P1157,Solid Waste Management,Garbage Not Collected,Sadashivanagar,2026-02-21,Closed,270,,No,None,Yes,8,Low
C003158,P2904,Electrical,Multiple Street Lights Not Working,JP Nagar,2026-02-21,Resolved,85,5,No,High,No,4,High
C003159,P0541,Road Maintenance,Pothole,Dasarahalli,2026-02-21,Closed,490,4,No,High,,8,High
C003160,P0702,Water Supply,No Water Supply,Kadugodi,2026-02-21,Closed,450,68,Yes,Medium,No,3,High
C003161,P1455,Solid Waste Management,Garbage Not Collected,Electronic City,2026-02-21,In Progress,25,10,Yes,None,Yes,2,Low
C003162,P1231,Revenue Department,Property Tax Query,Kadugodi,2026-02-21,Closed,1,0,No,None,No,2,Low
C003163,P1104,Solid Waste Management,Garbage Dumping in Vacant Site,HSR Layout,2026-02-21,Closed,110,6,No,Medium,No,3,Medium
C003164,P0422,Others,Miscellaneous Complaint,BTM Layout,2026-02-21,Resolved,5,0,No,Low,No,3,Low
C003165,P2202,Solid Waste Management,Garbage Not Collected,Sadashivanagar,2026-02-21,Closed,270,1,Yes,None,Yes,8,Medium
C003166,P0689,Electrical,Multiple Street Lights Not Working,JP Nagar,2026-02-21,Closed,95,8,No,Medium,Yes,4,High
C003167,P2341,Electrical,Multiple Street Lights Not Working,JP Nagar,2026-02-21,Closed,95,5,No,High,Yes,4,High
C003168,P1457,Others,Illegal Construction,Hennur,2026-02-21,Resolved,8,1,No,High,No,16,Medium
C003169,P1797,Water Supply,No Water Supply,Kadugodi,2026-02-21,Resolved,450,54,Yes,Medium,No,4,High
C003170,P2640,Electrical,Street Light Not Working,Ulsoor,2026-02-21,Closed,20,5,No,Medium,No,,High
C003171,P1872,Solid Waste Management,Garbage Dumping in Vacant Site,HSR Layout,2026-02-21,Resolved,160,4,No,Medium,No,6,Medium
C003172,P0541,Solid Waste Management,Garbage Not Collected,Dasarahalli,2026-02-21,Closed,50,9,No,Low,No,0.5,Low
C003173,P1902,Electrical,Street Light Not Working,Hosahalli,2026-02-21,Closed,65,20,No,High,Yes,0.5,High
C003174,P1519,Electrical,Multiple Street Lights Not Working,JP Nagar,2026-02-21,Closed,95,4,No,High,No,4,High
C003175,P0200,Electrical,Multiple Street Lights Not Working,JP Nagar,2026-02-21,Resolved,95,5,No,High,No,4,High
C003176,P1784,Electrical,Street Light Not Working,Indiranagar,2026-02-21,Resolved,90,9,Yes,High,No,2,Critical
C003177,P1019,Electrical,Street Light Not Working,Hosahalli,2026-02-21,Resolved,55,15,No,High,Yes,0.5,High
C003178,P1479,Solid Waste Management,Garbage Dumping in Vacant Site,Sarakki,2026-02-21,Resolved,15,0,No,Low,No,12,Low
C003179,P1899,Electrical,Street Light Not Working,ULSOOR,2026-02-21,Resolved,30,6,No,Medium,Yes,0.5,High
C003180,P1544,Solid Waste Management,Garbage Dump,Byatarayanapura,2026-02-21,Closed,85,10,No,Medium,Yes,4,Low
C003181,P1426,Electrical,Multiple Street Lights Not Working,JP Nagar,2026-02-21,Resolved,75,3,No,High,No,6,High
C003182,P1915,Electrical,Street Light Not Working,Hosahalli,2026-02-21,Resolved,10,1,No,None,Yes,4,Low
C003183,P2927,Water Supply,Low Water Pressure,Ulsoor,2026-02-21,Closed,220,14,No,Low,Yes,8,Low
C003184,P0364,Electrical,Multiple Street Lights Not Working,JP Nagar,2026-02-21,Closed,45,3,No,High,No,4,High
C003185,P0823,Water Supply,Low Water Pressure,Ulsoor,2026-02-21,Resolved,262,14,No,Low,Yes,8,Low
C003186,P1702,Electrical,Exposed Electrical Wires,Vijayanagar,2026-02-21,In Progress,60,10,No,Critical,Yes,1,Critical
C003187,P0577,Electrical,Street Light Not Working,Sarakki,2026-02-21,Resolved,20,0,No,Low,Yes,1,Low
C003188,P0928,Water Supply,No Water Supply,Kadugodi,2026-02-22,Closed,450,92,Yes,Low,No,3,High
C003189,P1899,Road Maintenance,Footpath Damage,Ulsoor,2026-02-22,Resolved,45,3,No,Medium,No,8,Medium
C003190,P0023,Solid Waste Management,Garbage Dumping in Vacant Site,Byatarayanapura,2026-02-22,Closed,30,4,Yes,None,,3,Low
C003191,P2344,Water Supply,No Water Supply,Mahadevapura,2026-02-22,In Progress,510,69,Yes,Medium,No,4,High
C003192,P0123,Water Supply,No Water Supply,Kadugodi,2026-02-22,Closed,442,82,Yes,Medium,No,4,High
C003193,P2072,Road Maintenance,Footpath Damage,Ulsoor,2026-02-22,Resolved,71,6,No,Medium,No,12,Medium
C003194,P2488,Electrical,Multiple Street Lights Not Working,JP Nagar,2026-02-22,Closed,95,6,No,High,Yes,6,Critical
C003195,P1183,Electrical,Street Light Not Working,Ulsoor,2026-02-22,Closed,24,4,No,Medium,Yes,1,High
C003196,P1126,Electrical,Street Light Not Working,Hosahalli,2026-02-22,Closed,40,19,No,Medium,Yes,0.5,High
C003197,P1224,Solid Waste Management,Garbage Vehicle Not Arrived,Ulsoor,2026-02-22,Resolved,288,7,Yes,Low,No,2,Medium
C003198,P2333,Electrical,Multiple Street Lights Not Working,JP Nagar,2026-02-22,Resolved,65,4,No,High,No,4,High
C003199,P1923,Electrical,Multiple Street Lights Not Working,JP Nagar,2026-02-22,Closed,95,5,No,High,No,3,High
C003200,P2084,Electrical,Multiple Street Lights Not Working,JP Nagar,2026-02-22,Closed,95,5,No,High,No,3,High
C003201,P2943,Solid Waste Management,Garbage Not Collected,Dasarahalli,2026-02-22,Resolved,50,8,No,Low,No,1,Low
C003202,P2449,Electrical,Street Light Not Working,Hosahalli,2026-02-22,Closed,40,16,No,High,Yes,0.5,High
C003203,P2990,Electrical,Multiple Street Lights Not Working,JP Nagar,2026-02-22,Closed,64,4,No,High,No,4,High
C003204,P0879,Health,Increase in Mosquito Density,Malleshwaram,2026-02-22,Closed,320,119,No,Medium,No,16,High
C003205,P1151,Electrical,Multiple Street Lights Not Working,JP Nagar,2026-02-22,Closed,95,5,No,High,No,4,High
C003206,P2291,Electrical,Multiple Street Lights Not Working,JP Nagar,2026-02-22,Resolved,,6,No,Critical,Yes,4,High
C003207,P0772,Electrical,Multiple Street Lights Not Working,JP Nagar,2026-02-22,Resolved,100,5,No,High,No,6,High
C003208,P1785,Street Infrastructure,Damaged Footpath Railing,Chamrajpet,2026-02-23,Resolved,15,4,No,High,No,8,Medium
C003209,P0252,Solid Waste Management,Garbage Not Collected,Electronic City,2026-02-23,Closed,30,1,No,High,Yes,2,Medium
C003210,P0606,Health,Stray Dog Menace,Dasarahalli,2026-02-23,Closed,160,47,No,Low,Yes,6,Low
C003211,P2462,Public Sanitation,Public Toilet Not Maintained,Malleshwaram,2026-02-23,Closed,300,20,No,Medium,Yes,3,Low
C003212,P2860,Electrical,Multiple Street Lights Not Working,JP Nagar,2026-02-23,Closed,95,6,No,High,No,4,High
C003213,P0860,Electrical,Street Light Not Working,Indiranagar,2026-02-23,Closed,90,6,Yes,High,No,3,Critical
C003214,P0497,Health,Increase in Mosquito Density,Mathikere,2026-02-23,Resolved,108,9,No,Low,Yes,16,Low
C003215,P1157,Drainage,Damaged Drain,Sadashivanagar,2026-02-23,Resolved,50,4,,Medium,No,12,Medium
C003216,P0878,Water Supply,No Water Supply,Kadugodi,2026-02-23,Closed,450,93,Yes,Medium,No,6,High
C003217,P2128,Public Sanitation,Garbage Dump,Electronic City,2026-02-23,Resolved,80,23,No,Medium,No,4,High
C003218,P0692,Electrical,Street Light Not Working,Hosahalli,2026-02-23,Resolved,30,11,No,Medium,Yes,0.5,High
C003219,P0688,Electrical,Multiple Street Lights Not Working,JP Nagar,2026-02-23,Closed,95,4,No,,No,6,High
C003220,P0688,Electrical,Multiple Street Lights Not Working,JP Nagar,2026-02-23,Closed,95,4,No,High,No,6,High
C003221,P1815,Others,Miscellaneous Complaint,Nagarbhavi,2026-02-23,Resolved,6,1,No,Low,No,2,Medium
C003222,P1435,Electrical,Multiple Street Lights Not Working,Kammanahalli,2026-02-23,Resolved,222,14,No,None,Yes,2,Medium
C003223,P0552,Solid Waste Management,Garbage Vehicle Not Arrived,Whitefield,2026-02-23,Resolved,90,13,No,,No,4,Medium
C003224,P1674,Solid Waste Management,Sweeping Not Done,Nagarbhavi,2026-02-23,Resolved,15,1,Yes,None,Yes,4,Medium
C003225,P1626,Street Infrastructure,Damaged Footpath Railing,Chamrajpet,2026-02-23,Closed,15,5,No,High,No,8,Medium
C003226,P2091,Solid Waste Management,Garbage Not Collected,Electronic City,2026-02-23,Closed,21,1,,High,Yes,2,Medium
C003227,P1426,Electrical,Multiple Street Lights Not Working,JP Nagar,2026-02-23,Resolved,75,3,No,High,No,6,High
C003228,P1962,Health,Stray Dog Menace,Dasarahalli,2026-02-23,Closed,160,66,No,Low,Yes,4,Low
C003229,P2855,Solid Waste Management,Garbage Dump,Chamrajpet,2026-02-23,Resolved,110,4,No,Medium,Yes,12,Medium
C003230,P0889,Solid Waste Management,Sweeping Not Done,Nagarbhavi,2026-02-23,Closed,15,1,Yes,Low,No,4,Medium
C003231,P1367,Electrical,Multiple Street Lights Not Working,JP Nagar,2026-02-23,Resolved,95,6,No,Medium,No,4,High
C003232,P1227,Solid Waste Management,Garbage Not Collected,Kadugodi,2026-02-24,Resolved,50,9,No,None,Yes,4,Low
C003233,P2110,Electrical,Street Light Not Working,Sarakki,2026-02-24,Resolved,17,1,No,Medium,Yes,0.5,Medium
C003234,P2878,Solid Waste Management,Garbage Not Collected,Kadugodi,2026-02-24,Resolved,50,7,No,None,Yes,4,Low
C003235,P0878,Solid Waste Management,Garbage Dump,Kadugodi,2026-02-24,Closed,70,3,No,Low,Yes,4,Medium
C003236,P0575,Solid Waste Management,Garbage Not Collected,Kadugodi,2026-02-24,Resolved,50,9,Yes,None,Yes,3,Low
C003237,P2474,Solid Waste Management,Garbage Not Collected,Chamrajpet,2026-02-24,Resolved,90,1,Yes,None,Yes,2,Low
C003238,P0878,Solid Waste Management,Garbage Not Collected,Kadugodi,2026-02-24,Resolved,50,3,No,None,Yes,4,Low
C003239,P0393,Solid Waste Management,Garbage Not Collected,Kadugodi,2026-02-24,Closed,50,9,No,None,Yes,4,Low
C003240,P0702,Sewerage,Sewer Line Blockage,Kadugodi,2026-02-24,Resolved,3000,12,No,Medium,Yes,4,Medium
C003241,P1874,Solid Waste Management,Garbage Not Collected,Kadugodi,2026-02-24,Closed,65,11,No,None,Yes,4,Low
C003242,P1232,Solid Waste Management,Garbage Not Collected,Kadugodi,2026-02-24,Resolved,30,,No,None,Yes,4,Low
C003243,P1797,Electrical,Multiple Street Lights Not Working,Kadugodi,2026-02-24,Resolved,82,11,No,High,No,4,High
C003244,P0290,Solid Waste Management,Garbage Not Collected,Kadugodi,2026-02-24,Closed,50,4,No,None,Yes,4,Low
C003245,P1162,Solid Waste Management,Sweeping Not Done,Nagarbhavi,2026-02-24,Closed,15,2,Yes,Low,Yes,4,Medium
C003246,P1511,Road Maintenance,Road Maintenance Required,Yeshwanthpur,2026-02-24,Closed,100,3,No,None,No,,Low
C003247,P1744,Solid Waste Management,Garbage Vehicle Not Arrived,Hosahalli,2026-02-24,Resolved,95,1,Yes,None,Yes,4,Low
C003248,P0473,Solid Waste Management,Garbage Not Collected,Kadugodi,2026-02-24,Closed,,6,No,None,Yes,4,Low
C003249,P2291,Drainage,Water Leakage,BTM Layout,2026-02-24,Closed,152,24,No,Low,No,4,Low
C003250,P1547,Solid Waste Management,Garbage Not Collected,Kadugodi,2026-02-24,Closed,50,8,No,None,Yes,4,Low
C003251,P2796,Electrical,Multiple Street Lights Not Working,Kadugodi,2026-02-24,Resolved,80,12,No,High,No,4,High
C003252,P2409,Health,Stray Dog Menace,Dasarahalli,2026-02-24,Resolved,160,55,No,Low,Yes,4,Low
C003253,P0573,Drainage,Open Drain,Hosahalli,2026-02-24,Closed,20,1,Yes,Critical,Yes,36,High
C003254,P1729,Solid Waste Management,Garbage Dumping in Vacant Site,Peenya,2026-02-24,Closed,35,5,No,Medium,Yes,3,Medium
C003255,P0518,Health,Increase in Mosquito Density,Malleshwaram,2026-02-24,Closed,320,100,No,Medium,No,16,High
C003256,P0341,Public Sanitation,Garbage Burning,Whitefield,2026-02-24,Closed,118,13,No,Medium,No,1,Medium
C003257,P0613,Solid Waste Management,Garbage Vehicle Not Arrived,Hosahalli,2026-02-25,Resolved,95,1,Yes,None,Yes,3,Low
C003258,P2095,Electrical,Damaged Street Light,Yelahanka,2026-02-25,Resolved,20,2,No,Critical,No,6,Critical
C003259,P0370,Electrical,Damaged Street Light,Ulsoor,2026-02-25,Resolved,9,0,No,Medium,Yes,2,High
C003260,P1624,Water Supply,No Water Supply,Domlur,2026-02-25,Closed,230,43,Yes,,No,3,Medium
C003261,P0123,Public Sanitation,Unclean Public Area,Kadugodi,2026-02-25,Closed,790,68,No,Low,No,2,Low
C003262,P1995,Street Infrastructure,Damaged Signboard,Jalahalli,2026-02-25,Closed,45,0,No,High,Yes,12,Medium
C003263,P1338,Solid Waste Management,Garbage Not Collected,Kadugodi,2026-02-25,Closed,50,7,No,,Yes,3,Low
C003264,P1145,Solid Waste Management,Garbage Not Collected,Kadugodi,2026-02-25,Closed,50,8,No,None,Yes,4,Low
C003265,P2572,Public Sanitation,Public Toilet Not Maintained,Malleshwaram,2026-02-25,Resolved,250,20,No,Low,Yes,3,Low
C003266,P1903,Electrical,Damaged Street Light,Gandhinagar,2026-02-25,Resolved,45,2,Yes,High,No,3,Critical
C003267,P1874,Solid Waste Management,Garbage Not Collected,Kadugodi,2026-02-25,Closed,65,11,No,None,Yes,4,Low
C003268,P2422,Solid Waste Management,Garbage Not Collected,Kadugodi ,2026-02-25,Closed,35,7,No,None,Yes,6,Low
C003269,P0442,Health,Stray Dog Menace,Anjanapura,2026-02-25,Closed,28,5,Yes,High,No,2,Medium
C003270,P0442,Health,Stray Dog Menace,Anjanapura,2026-02-25,Registered,28,5,Yes,High,No,2,Medium
C003271,P0559,Electrical,Street Light Not Working,Indiranagar,2026-02-25,Resolved,90,10,Yes,High,No,2,Critical
C003272,P1843,Solid Waste Management,Sweeping Not Done,Nagarbhavi,2026-02-25,Closed,10,1,Yes,Low,Yes,4,Medium
C003273,P1797,Solid Waste Management,Garbage Not Collected,Kadugodi,2026-02-25,Closed,50,8,No,None,Yes,4,Low
C003274,P1907,Solid Waste Management,Sweeping Not Done,Nagarbhavi,2026-02-25,Closed,15,2,Yes,Low,Yes,4,Medium
C003275,P1107,Solid Waste Management,Garbage Dumping in Vacant Site,Peenya,2026-02-25,Resolved,45,6,No,Medium,No,3,Medium
C003276,P0883,Others,Miscellaneous Complaint,Mahadevapura,2026-02-25,Resolved,10,0,No,None,No,8,Low
C003277,P0883,Others,Miscellaneous Complaint,Mahadevapura,2026-02-25,Resolved,10,0,No,None,No,8,Low
C003278,P1608,Solid Waste Management,Garbage Not Collected,Kadugodi,2026-02-25,Resolved,49,3,No,Low,Yes,3,Low
C003279,P1968,Solid Waste Management,Garbage Not Collected,Mathikere,2026-02-25,Closed,65,4,No,Low,Yes,8,Low
C003280,P2554,Solid Waste Management,Garbage Not Collected,Kadugodi,2026-02-26,Closed,,9,No,None,No,3,Low
C003281,P1980,Electrical,Damaged Street Light,Gandhinagar,2026-02-26,Resolved,28,1,Yes,High,No,4,High
C003282,P0933,Water Supply,No Water Supply,Domlur,2026-02-26,Closed,240,43,Yes,None,No,2,Medium
C003283,P2855,Solid Waste Management,Garbage Not Collected,Chamrajpet,2026-02-26,Resolved,118,,Yes,None,Yes,2,Low
C003284,P2675,Public Sanitation,Unclean Public Area,Varthur,2026-02-26,Closed,164,1,No,Low,No,2,Low
C003285,P2998,Health,Public Health Sanitation Issue,Shantinagar,2026-02-26,Closed,100,5,Yes,Low,Yes,2,High
C003286,P0264,Solid Waste Management,Garbage Not Collected,Vasanthnagar,2026-02-26,Closed,70,1,Yes,Low,No,8,Low
C003287,P0708,Solid Waste Management,Garbage Dump,Electronic City,2026-02-26,Resolved,95,26,No,Medium,Yes,4,High
C003288,P0383,Drainage,Open Drain,Hosahalli,2026-02-26,In Progress,20,4,Yes,High,Yes,48,High
C003289,P2121,Public Sanitation,Unclean Public Area,Kadugodi,2026-02-26,Resolved,790,100,No,Low,No,2,Low
C003290,P2908,Public Sanitation,Garbage Burning,Gandhinagar,2026-02-26,Resolved,420,23,No,Low,No,1,Low
C003291,P1055,Solid Waste Management,Garbage Not Collected,Kadugodi,2026-02-26,Resolved,55,6,No,None,Yes,4,Medium
C003292,P2701,Road Infrastructure,Speed Breaker Required,Nagarbhavi,2026-02-26,Closed,35,8,No,Low,Yes,16,Low
C003293,P0120,Health,Public Health Sanitation Issue,Dasarahalli,2026-02-26,Resolved,190,21,No,High,No,1,Critical
C003294,P0055,Public Sanitation,Garbage Burning,Gandhinagar,2026-02-26,Resolved,370,21,No,Low,No,2,Low
C003295,P0498,Solid Waste Management,Garbage Dump,Electronic City,2026-02-26,Resolved,95,,No,Medium,Yes,6,High
C003296,P2050,Solid Waste Management,Garbage Not Collected,Mathikere,2026-02-26,Closed,55,4,No,Low,,8,Low
C003297,P1857,Solid Waste Management,Sweeping Not Done,Yelahanka,2026-02-26,Closed,60,2,No,None,No,2,Low
C003298,P1096,Solid Waste Management,Garbage Not Collected,Kadugodi,2026-02-26,Closed,50,5,No,None,Yes,4,Low
C003299,P2121,Solid Waste Management,Garbage Not Collected,Kadugodi,2026-02-26,Closed,50,7,No,,Yes,6,Low
C003300,P1342,Water Supply,Pipeline Leakage,Mathikere,2026-02-27,Resolved,40,1,Yes,Critical,No,8,Critical
C003301,P2458,Water Supply,Low Water Pressure,Shantinagar,2026-02-27,Closed,250,2,No,Low,Yes,3,Medium
C003302,P2676,Street Infrastructure,Bus Shelter Damaged,Dasarahalli,2026-02-27,Resolved,110,7,No,,No,,Low
C003303,P0201,Solid Waste Management,Garbage Dump,Electronic City,2026-02-27,Resolved,40,1,No,Low,No,4,Low
C003304,P0297,Solid Waste Management,Sweeping Not Done,Ulsoor,2026-02-27,Closed,15,2,Yes,High,No,4,Medium
C003305,P1926,Electrical,Damaged Street Light,Gandhinagar,2026-02-27,Resolved,43,2,Yes,High,No,4,High
C003306,P2831,Electrical,Street Light Not Working,Bellandur,2026-02-27,Resolved,140,13,No,Medium,Yes,2,Medium
C003307,P0708,Solid Waste Management,Garbage Dump,Electronic City,2026-02-27,Resolved,95,26,No,Medium,Yes,4,High
C003308,P1291,Solid Waste Management,Garbage Dumping in Vacant Site,Whitefield,2026-02-27,Resolved,15,0,No,None,No,2,Low
C003309,P2537,Street Infrastructure,Bus Shelter Damaged,Hosahalli,2026-02-27,Closed,10,2,No,Low,Yes,4,Medium
C003310,P0665,Water Supply,Pipeline Leakage,Mathikere,2026-02-27,Resolved,25,1,Yes,Critical,No,12,Critical
C003311,P0439,Solid Waste Management,Garbage Dump,Electronic City,2026-02-27,Closed,50,2,No,None,No,4,Low
C003312,P0721,Others,Stray Cattle on Road,Sarakki,2026-02-27,Closed,20,6,No,Medium,Yes,6,Low
C003313,P2593,Electrical,Multiple Street Lights Not Working,Shantinagar,2026-02-27,Closed,200,11,No,High,Yes,8,High
C003314,P1382,Solid Waste Management,Garbage Not Collected,Bellandur,2026-02-27,Closed,139,66,No,Low,Yes,2,High
C003315,P2927,Solid Waste Management,Sweeping Not Done,Ulsoor,2026-02-27,Resolved,15,1,No,High,No,4,Medium
C003316,P0540,Road Maintenance,Footpath Damage,Mathikere,2026-02-27,Resolved,310,98,No,Critical,Yes,8,High
C003317,P2217,Street Infrastructure,Bus Shelter Damaged,Hosahalli,2026-02-27,Closed,8,2,No,Low,Yes,4,Medium
C003318,P1291,Water Supply,No Water Supply,Hoodi,2026-02-27,Closed,300,28,Yes,Low,No,8,High
C003319,P0058,Sewerage,Sewer Line Blockage,Sarakki,2026-02-27,Resolved,130,13,Yes,Medium,No,,High
C003320,P1935,Electrical,Street Light Not Working,Bellandur,2026-02-27,Resolved,140,11,No,Medium,Yes,2,Medium
C003321,P0269,Sewerage,Sewer Line Blockage,Sarakki,2026-02-28,Resolved,110,4,No,Medium,No,8,High
C003322,P2133,Public Sanitation,Unclean Public Area,Varthur,2026-02-28,Closed,160,1,No,Low,No,2,Low
C003323,P2291,Health,Public Health Sanitation Issue,BTM Layout,2026-02-28,Resolved,250,43,No,None,No,6,Low
C003324,P2041,Sewerage,Sewer Line Blockage,Sarakki,2026-02-28,Closed,130,17,No,Low,No,6,High
C003325,P1562,Solid Waste Management,Garbage Not Collected,Sarakki,2026-02-28,Closed,80,10,No,Low,Yes,2,Low
C003326,P2411,Solid Waste Management,Garbage Dump,Electronic City,2026-02-28,Closed,25,1,No,Low,No,3,Low
C003327,P0730,Solid Waste Management,Garbage Not Collected,Sarakki,2026-02-28,Resolved,36,8,No,Low,Yes,2,Low
C003328,P2204,Water Supply,Pipeline Leakage,Mathikere,2026-02-28,Closed,22,1,Yes,Critical,No,8,Critical
C003329,P1829,Water Supply,Pipeline Leakage,Mathikere,2026-02-28,Closed,25,1,Yes,Critical,No,8,Critical
C003330,P0655,Solid Waste Management,Garbage Dump,Electronic City,2026-02-28,Resolved,50,1,No,None,Yes,4,Low
C003331,P2058,Water Supply,Pipeline Leakage,Mathikere,2026-02-28,Closed,43,1,Yes,Critical,No,8,Critical
C003332,P2058,Water Supply,Pipeline Leakage,Mathikere,2026-02-28,Closed,43,1,Yes,Critical,No,8,Critical
C003333,P0076,Water Supply,No Water Supply,Domlur,2026-02-28,Closed,240,55,,None,No,2,Medium
C003334,P0825,Solid Waste Management,Garbage Not Collected,Mathikere,2026-03-01,Closed,108,9,No,None,No,1,Low
C003335,P1231,Solid Waste Management,Garbage Not Collected,Mathikere,2026-03-01,Closed,108,6,No,,No,2,Low
C003336,P2991,Solid Waste Management,Garbage Not Collected,Sarakki,2026-03-01,Resolved,55,7,No,Low,Yes,1,Low
C003337,P2536,Solid Waste Management,Garbage Not Collected,Mathikere,2026-03-01,Resolved,108,15,No,None,No,3,Low
C003338,P2833,Electrical,Multiple Street Lights Not Working,Shantinagar,2026-03-01,Closed,190,6,No,High,Yes,8,High
C003339,P2082,Electrical,Damaged Street Light,Hoodi,2026-03-01,Resolved,40,5,No,Low,No,2,High
C003340,P2696,Solid Waste Management,Garbage Not Collected,Bellandur,2026-03-01,Closed,120,,No,Low,Yes,2,Medium
C003341,P2602,Solid Waste Management,Garbage Not Collected,Sarakki,2026-03-01,In Progress,55,4,No,Low,,2,Low
C003342,P0844,Solid Waste Management,Garbage Dumping in Vacant Site,Kodigehalli,2026-03-02,Closed,27,,No,Medium,No,3,Medium
C003343,P0252,Revenue Department,Khata Related Issue,Electronic City,2026-03-02,Resolved,1,0,Yes,None,No,1,Low
C003344,P0606,Health,Public Health Sanitation Issue,BTM Layout,2026-03-02,Resolved,190,43,No,None,Yes,6,Low
C003345,P0892,Public Sanitation,Garbage Burning,Bellandur,2026-03-02,Assigned,40,7,No,Critical,Yes,1,Critical
C003346,P1950,Solid Waste Management,Garbage Dumping in Vacant Site,Kodigehalli,2026-03-02,Resolved,20,3,No,Medium,No,2,Medium
C003347,P1562,Solid Waste Management,Garbage Not Collected,Sarakki,2026-03-02,Closed,80,10,No,Low,Yes,2,Low
C003348,P0243,Health,Increase in Mosquito Density,Mathikere,2026-03-02,In Progress,320,83,No,None,,6,High
C003349,P1658,Health,Stray Dog Menace,Sarakki,2026-03-02,Closed,40,11,No,Low,No,4,Medium
C003350,P2345,Public Sanitation,Garbage Burning,Dasarahalli,2026-03-02,Resolved,250,36,No,High,No,2,Medium
C003351,P1137,Street Infrastructure,Bus Shelter Damaged,Mathikere,2026-03-02,Closed,55,8,No,Low,No,4,Low
C003352,P1137,Street Infrastructure,Bus Shelter Damaged,Mathikere,2026-03-02,Closed,55,8,No,Low,No,4,Low
C003353,P1875,Others,Miscellaneous Complaint,Jayanagar,2026-03-02,Resolved,98,5,Yes,High,No,2,Medium
C003354,P2411,Solid Waste Management,Garbage Dump,Electronic City,2026-03-02,Closed,25,1,No,Low,No,,Low
C003355,P1172,Solid Waste Management,Garbage Not Collected,Mathikere,2026-03-02,Closed,108,11,Yes,None,No,2,Low
C003356,P0240,Solid Waste Management,Sweeping Not Done,Kengeri,2026-03-02,Closed,210,4,Yes,Low,Yes,0.5,Medium
C003357,P0422,Health,Public Health Sanitation Issue,BTM Layout,2026-03-02,Closed,190,37,No,None,,4,Low
C003358,P0422,Health,Public Health Sanitation Issue,BTM Layout,2026-03-02,Closed,230,37,No,None,No,4,Low
C003359,P0207,Electrical,Exposed Electrical Wires,Nagarbhavi,2026-03-02,Closed,45,2,No,Critical,Yes,6,High
C003360,P0362,Water Supply,No Water Supply,Dasarahalli,2026-03-03,Assigned,680,110,Yes,Low,Yes,3,Critical
C003361,P0775,Solid Waste Management,Garbage Dumping in Vacant Site,Basavanagudi,2026-03-03,Closed,15,0,No,Low,No,2,Medium
C003362,P0782,Drainage,Open Drain,Sadashivanagar,2026-03-03,In Progress,80,9,No,High,No,6,High
C003363,P0716,Sewerage,Sewer Line Blockage,Kadugodi,2026-03-03,Closed,39,4,Yes,Medium,Yes,12,Medium
C003364,P2614,Electrical,Multiple Street Lights Not Working,Hebbal,2026-03-03,Resolved,330,81,No,None,No,4,Medium
C003365,P2596,Others,Illegal Construction,Malleshwaram,2026-03-03,Closed,112,36,No,Low,No,16,Low
C003366,P0606,Solid Waste Management,Sweeping Not Done,Dasarahalli,2026-03-03,Resolved,93,12,No,Low,No,2,Low
C003367,P2041,Health,Stray Dog Menace,Sarakki,2026-03-03,Closed,40,8,No,Low,No,4,Medium
C003368,P0237,Health,Stray Dog Menace,Sarakki,2026-03-03,Closed,45,9,No,Low,No,4,Medium
C003369,P0237,Health,Stray Dog Menace,Sarakki,2026-03-03,Closed,45,9,No,Low,No,4,Medium
C003370,P0316,Solid Waste Management,Sweeping Not Done,Kengeri,2026-03-03,Closed,210,5,Yes,Low,Yes,1,Medium
C003371,P0293,Solid Waste Management,Garbage Not Collected,Dasarahalli,2026-03-03,Closed,,32,No,High,Yes,2,Medium
C003372,P0704,Electrical,Multiple Street Lights Not Working,Hebbal,2026-03-03,Closed,330,69,No,None,No,6,Medium
C003373,P0705,Solid Waste Management,Garbage Not Collected,Chamrajpet,2026-03-03,Closed,55,2,No,None,,4,Low
C003374,P1095,Solid Waste Management,Garbage Not Collected,Chamrajpet,2026-03-03,Closed,45,3,No,None,Yes,4,Low
C003375,P2044,Solid Waste Management,Garbage Not Collected,Jayanagar,2026-03-03,Closed,196,1,No,None,Yes,1,Low
C003376,P2099,Others,Illegal Construction,Yelahanka,2026-03-03,Resolved,35,4,Yes,High,No,24,Medium
C003377,P2293,Electrical,Multiple Street Lights Not Working,Hebbal,2026-03-03,Resolved,330,105,No,Low,No,3,Medium
C003378,P0572,Electrical,Multiple Street Lights Not Working,Hebbal,2026-03-03,Resolved,151,33,No,Low,No,4,Medium
C003379,P1383,Electrical,Electric Pole Damaged,BTM Layout,2026-03-03,Closed,,4,No,Critical,Yes,12,Critical
C003380,P2250,Revenue Department,Property Tax Query,Whitefield,2026-03-03,Resolved,10,2,No,Low,,0.5,Low
C003381,P1860,Solid Waste Management,Garbage Not Collected,Jayanagar,2026-03-03,Closed,215,1,No,None,Yes,1,Low
C003382,P0470,Health,Increase in Mosquito Density,Mathikere,2026-03-03,In Progress,320,75,No,None,Yes,8,Medium
C003383,P0556,Solid Waste Management,Garbage Not Collected,Jayanagar,2026-03-03,Resolved,870,31,No,Low,Yes,4,Medium
C003384,P0780,Drainage,Open Drain,Jayanagar,2026-03-03,Closed,180,22,No,Low,Yes,8,Low
C003385,P2019,Solid Waste Management,Garbage Not Collected,Dasarahalli,2026-03-03,Closed,210,25,No,Critical,Yes,1,Medium
C003386,P2949,Health,Increase in Mosquito Density,Mathikere,2026-03-03,In Progress,570,271,No,None,Yes,12,Medium
C003387,P0069,Electrical,Street Light Not Working,Mathikere,2026-03-04,Closed,40,,No,Critical,Yes,1,High
C003388,P2874,Solid Waste Management,Garbage Not Collected,Jayanagar,2026-03-04,Closed,338,3,No,None,Yes,0.5,Low
C003389,P2839,Water Supply,No Water Supply,Dasarahalli,2026-03-04,Assigned,800,180,Yes,,Yes,2,Critical
C003390,P1436,Electrical,Multiple Street Lights Not Working,Hebbal,2026-03-04,Resolved,327,72,Yes,Low,No,4,Medium
C003391,P1074,Drainage,Open Drain,Sadashivanagar,2026-03-04,In Progress,130,29,No,High,No,8,High
C003392,P2075,Solid Waste Management,Garbage Not Collected,Hoodi,2026-03-04,Resolved,190,5,No,Medium,Yes,4,High
C003393,P2595,Electrical,Multiple Street Lights Not Working,Hebbal,2026-03-04,Closed,330,76,No,Low,No,4,Low
C003394,P2678,Road Maintenance,Pothole,Bommanahalli,2026-03-04,Resolved,36,1,Yes,High,No,8,High
C003395,P0402,Public Sanitation,Garbage Burning,Dasarahalli,2026-03-04,Closed,100,10,No,High,No,2,Medium
C003396,P1199,Road Infrastructure,Missing Manhole Cover,Shantinagar,2026-03-04,Closed,85,9,No,High,Yes,1,Medium
C003397,P2174,Drainage,Open Drain,Sadashivanagar,2026-03-04,In Progress,90,16,No,High,No,8,High
C003398,P0651,Electrical,Street Light Not Working,Whitefield,2026-03-04,Closed,25,1,No,Critical,No,2,High
C003399,P2460,Solid Waste Management,Garbage Not Collected,Bommanahalli,2026-03-04,Resolved,35,9,No,None,No,8,Low
C003400,P0488,Water Supply,No Water Supply,Dasarahalli,2026-03-04,Assigned,800,,Yes,Low,Yes,2,Critical
C003401,P0587,Solid Waste Management,Garbage Dumping in Vacant Site,Kodigehalli,2026-03-04,In Progress,20,2,No,Medium,No,2,Medium
C003402,P0587,Solid Waste Management,Garbage Dumping in Vacant Site,Kodigehalli,2026-03-04,In Progress,25,2,No,Medium,No,2,Medium
C003403,P2981,Electrical,Multiple Street Lights Not Working,Hebbal,2026-03-04,Resolved,330,73,No,Low,No,4,Medium
C003404,P2834,Health,Increase in Mosquito Density,Mathikere,2026-03-04,In Progress,280,69,No,None,Yes,6,Medium
C003405,P2937,Drainage,Open Drain,Sadashivanagar,2026-03-04,In Progress,130,17,No,High,No,12,High
C003406,P0334,Electrical,Multiple Street Lights Not Working,Hebbal,2026-03-04,Resolved,330,62,No,Low,No,6,Medium
C003407,P0060,Solid Waste Management,Garbage Dumping in Vacant Site,Basavanagudi,2026-03-04,Closed,15,0,No,Low,No,2,Medium
C003408,P1648,Solid Waste Management,Garbage Not Collected,Dasarahalli,2026-03-04,Closed,210,27,No,High,Yes,2,Medium
C003409,P2089,Solid Waste Management,Garbage Dumping in Vacant Site,Kodigehalli,2026-03-04,Closed,20,1,No,Medium,No,2,Medium
C003410,P2362,Solid Waste Management,Garbage Not Collected,Kengeri,2026-03-04,Closed,130,12,Yes,Low,Yes,4,Medium
C003411,P1263,Revenue Department,Property Tax Query,Vasanthnagar,2026-03-05,Closed,3,0,No,None,No,1,Low
C003412,P2835,Solid Waste Management,Garbage Not Collected,Mathikere,2026-03-05,Resolved,30,2,Yes,Low,No,4,Medium
C003413,P2835,Solid Waste Management,Garbage Not Collected,Mathikere,2026-03-05,Resolved,30,2,Yes,Low,No,4,Medium
C003414,P2338,Water Supply,No Water Supply,Sadashivanagar,2026-03-05,Closed,440,2,Yes,None,Yes,8,Medium
C003415,P1834,Revenue Department,Property Tax Query,Basavanagudi,2026-03-05,Resolved,4,0,No,None,,1,Low
C003416,P1507,Solid Waste Management,Garbage Not Collected,Yeshwanthpur,2026-03-05,Resolved,210,69,Yes,Low,No,8,Medium
C003417,P0124,Road Infrastructure,Speed Breaker Required,Sarakki,2026-03-05,Closed,45,1,No,Low,No,8,Medium
C003418,P0606,Water Supply,No Water Supply,Dasarahalli,2026-03-05,Assigned,830,198,Yes,Low,Yes,2,Critical
C003419,P2636,Road Maintenance,Road Maintenance Required,Dasarahalli,2026-03-05,Resolved,170,5,No,Medium,Yes,4,Medium
C003420,P0956,Road Infrastructure,Missing Manhole Cover,BTM Layout,2026-03-05,Closed,45,4,No,High,No,0.5,High
C003421,P1517,Drainage,Open Drain,Sadashivanagar,2026-03-05,In Progress,130,21,No,High,No,8,High
C003422,P1639,Electrical,Multiple Street Lights Not Working,Hebbal,2026-03-05,Closed,290,90,No,Low,No,6,Medium
C003423,P2967,Health,Stray Dog Menace,Sarakki,2026-03-05,Closed,45,12,Yes,Medium,No,4,Medium
C003424,P2285,Drainage,Open Drain,Sadashivanagar,2026-03-05,In Progress,130,16,No,High,No,12,High
C003425,P2045,Solid Waste Management,Garbage Not Collected,Begur,2026-03-05,Closed,32,1,Yes,Low,Yes,2,Medium
C003426,P0243,Solid Waste Management,Garbage Not Collected,Mathikere,2026-03-05,Resolved,15,1,Yes,Low,Yes,6,Medium
C003427,P2892,Water Supply,No Water Supply,Dasarahalli,2026-03-05,Assigned,940,305,Yes,Low,Yes,2,Critical
C003428,P2202,Water Supply,No Water Supply,Sadashivanagar,2026-03-05,In Progress,440,5,Yes,None,Yes,8,Medium
C003429,P0044,Solid Waste Management,Garbage Not Collected,Jayanagar,2026-03-05,Resolved,196,1,No,Low,Yes,1,Low
C003430,P0044,Solid Waste Management,Garbage Not Collected,Jayanagar,2026-03-05,Resolved,160,1,No,Low,Yes,1,Low
C003431,P2625,Street Infrastructure,Damaged Signboard,Yeshwanthpur,2026-03-05,Closed,65,16,No,,No,4,Medium
C003432,P1010,Water Supply,Water Leakage,Koramangala,2026-03-05,Closed,155,3,No,Medium,Yes,4,Medium
C003433,P2945,Sewerage,Sewer Line Blockage,Kadugodi,2026-03-05,Closed,26,4,Yes,Medium,Yes,12,Medium
C003434,P1561,Electrical,Multiple Street Lights Not Working,Hebbal,2026-03-05,Resolved,140,51,Yes,Low,No,4,Medium
C003435,P2122,Electrical,Street Light Not Working,Mathikere,2026-03-05,Closed,40,3,No,,Yes,0.5,High
C003436,P0987,Electrical,Street Light Not Working,Whitefield,2026-03-05,Resolved,25,1,No,Critical,No,1,High
C003437,P0533,Solid Waste Management,Garbage Not Collected,Mathikere,2026-03-05,Closed,30,2,Yes,Low,Yes,,Medium
C003438,P2257,Water Supply,No Water Supply,Sadashivanagar,2026-03-06,Resolved,450,5,Yes,None,Yes,12,Medium
C003439,P1600,Water Supply,Water Leakage,Koramangala,2026-03-06,Resolved,229,4,No,Medium,Yes,4,Medium
C003440,P2524,Sewerage,Sewer Line Blockage,Peenya,2026-03-06,Closed,55,11,No,High,No,3,Critical
C003441,P1314,Electrical,Street Light Not Working,Bommanahalli,2026-03-06,Resolved,,4,No,High,No,2,High
C003442,P1157,Water Supply,No Water Supply,Sadashivanagar,2026-03-06,Resolved,440,8,No,None,Yes,6,Medium
C003443,P1391,Water Supply,Water Leakage,Koramangala,2026-03-06,Resolved,150,,No,Medium,Yes,4,Medium
C003444,P2588,Electrical,Street Light Not Working,Bommanahalli,2026-03-06,Closed,42,3,No,High,No,2,Medium
C003445,P0711,Water Supply,Water Leakage,Koramangala,2026-03-06,Closed,150,4,No,Low,Yes,4,High
C003446,P1290,Solid Waste Management,Garbage Dump,Gandhinagar,2026-03-06,Closed,880,190,No,Medium,Yes,12,Medium
C003447,P0828,Solid Waste Management,Garbage Vehicle Not Arrived,Shantinagar,2026-03-06,Resolved,85,14,No,Low,Yes,2,Low
C003448,P1556,Health,Stray Dog Menace,Rajajinagar,2026-03-06,Resolved,55,9,No,Low,No,6,Medium
C003449,P2301,Solid Waste Management,Garbage Vehicle Not Arrived,Mathikere,2026-03-06,Resolved,36,6,No,Low,Yes,2,Low
C003450,P0806,Solid Waste Management,Garbage Not Collected,Begur,2026-03-06,Resolved,50,3,Yes,Low,No,2,Medium
C003451,P0312,Sewerage,Manhole Overflow,Anjanapura,2026-03-06,Closed,458,93,No,High,Yes,4,High
C003452,P2593,Solid Waste Management,Garbage Vehicle Not Arrived,Shantinagar,2026-03-06,Resolved,90,17,No,None,Yes,2,Low
C003453,P2698,Sewerage,Sewer Line Blockage,Peenya,2026-03-06,Resolved,55,6,No,High,No,4,Critical
C003454,P1558,Water Supply,Water Leakage,Koramangala,2026-03-06,Resolved,150,4,No,Medium,Yes,4,Medium
C003455,P1777,Revenue Department,Trade Licence Issue,Yelahanka,2026-03-06,In Progress,3,0,No,None,No,0.5,Low
C003456,P0060,Sewerage,Sewer Line Blockage,Peenya,2026-03-06,Resolved,55,6,No,High,No,3,Critical
C003457,P0012,Public Sanitation,Public Toilet Not Maintained,Mahadevapura,2026-03-06,Resolved,75,12,Yes,Medium,No,8,High
C003458,P0044,Road Infrastructure,Road Cutting Not Restored,Jayanagar,2026-03-06,Closed,215,21,No,None,Yes,4,Low
C003459,P0349,Sewerage,Sewer Line Blockage,Peenya,2026-03-06,Closed,55,6,No,,No,4,Critical
C003460,P1716,Solid Waste Management,Garbage Not Collected,Mathikere,2026-03-06,Closed,20,1,Yes,None,Yes,4,Medium
C003461,P1716,Solid Waste Management,Garbage Not Collected,Mathikere,2026-03-06,Closed,20,1,Yes,None,Yes,4,Medium
C003462,P2303,Solid Waste Management,Garbage Not Collected,Yeshwanthpur,2026-03-06,Closed,210,43,Yes,Low,Yes,8,Medium
C003463,P2350,Electrical,Street Light Not Working,Whitefield,2026-03-06,Closed,20,1,No,Critical,Yes,2,High
C003464,P1979,Solid Waste Management,Garbage Dumping in Vacant Site,Kodigehalli,2026-03-07,Closed,210,19,No,Medium,Yes,1,Medium
C003465,P2084,Electrical,Damaged Street Light,Hosahalli,2026-03-07,Closed,60,1,Yes,Medium,Yes,1,Medium
C003466,P2477,Sewerage,Manhole Overflow,Anjanapura,2026-03-07,Closed,280,38,No,High,No,,High
C003467,P2672,Public Sanitation,Public Toilet Not Maintained,Mahadevapura,2026-03-07,Resolved,75,11,Yes,High,No,12,High
C003468,P2962,Water Supply,Water Leakage,Banaswadi,2026-03-07,In Progress,419,14,Yes,Low,No,2,High
C003469,P1377,Water Supply,Water Leakage,Koramangala,2026-03-07,Closed,150,3,No,Medium,No,4,Medium
C003470,P1979,Sewerage,Sewer Line Blockage,Kodigehalli,2026-03-07,Closed,260,50,No,Medium,Yes,12,High
C003471,P1928,Others,Illegal Construction,Mathikere,2026-03-07,In Progress,50,1,No,None,No,16,Low
C003472,P0820,Water Supply,No Water Supply,Sadashivanagar,2026-03-07,Resolved,440,5,Yes,None,Yes,8,Medium
C003473,P0884,Road Maintenance,Road Maintenance Required,HSR Layout,2026-03-07,Closed,52,4,No,Medium,No,4,Medium
C003474,P2632,Water Supply,No Water Supply,Sadashivanagar ,2026-03-07,Resolved,560,8,Yes,None,Yes,6,Medium
C003475,P2084,Public Sanitation,Unclean Public Area,Hosahalli,2026-03-07,Closed,30,2,Yes,None,Yes,8,High
C003476,P2890,Water Supply,Water Leakage,BTM Layout,2026-03-07,In Progress,190,75,Yes,Low,Yes,12,Critical
C003477,P0349,Public Sanitation,Unclean Public Area,Peenya,2026-03-07,Resolved,170,16,Yes,None,No,8,Medium
C003478,P1283,Electrical,Damaged Street Light,Nagarbhavi,2026-03-07,Closed,56,1,No,High,No,4,Medium
C003479,P2797,Water Supply,Water Leakage,Banaswadi,2026-03-07,In Progress,419,11,Yes,Low,No,,High
C003480,P2236,Water Supply,Water Leakage,Koramangala,2026-03-07,Resolved,170,3,No,Medium,No,4,Medium
C003481,P1729,Sewerage,Sewer Line Blockage,Peenya,2026-03-08,Resolved,44,9,No,High,No,6,Critical
C003482,P0345,Solid Waste Management,Garbage Not Collected,Kodigehalli,2026-03-08,Resolved,200,9,Yes,Low,Yes,8,Medium
C003483,P0577,Revenue Department,Trade Licence Issue,Sarakki,2026-03-08,Closed,1,0,No,None,No,0.5,Low
C003484,P2949,Electrical,Street Light Not Working,Mathikere,2026-03-08,Resolved,7,2,No,Low,Yes,4,Medium
C003485,P2143,Road Maintenance,Road Surface Damage,Kengeri,2026-03-08,Resolved,170,11,No,None,Yes,12,Low
C003486,P2948,Sewerage,Sewer Line Blockage,Malleshwaram,2026-03-08,Resolved,248,32,No,High,Yes,3,Low
C003487,P1970,Road Maintenance,Pothole,Shantinagar,2026-03-08,Closed,35,3,No,High,No,4,High
C003488,P0228,Solid Waste Management,Sweeping Not Done,Yelahanka,2026-03-08,Resolved,19,1,No,None,Yes,3,Medium
C003489,P2675,Electrical,Damaged Street Light,Peenya,2026-03-08,Closed,30,4,No,None,No,1,Low
C003490,P1558,Water Supply,Water Leakage,Koramangala,2026-03-08,Resolved,150,4,No,Medium,Yes,4,Medium
C003491,P0349,Revenue Department,Trade Licence Issue,Peenya,2026-03-08,Resolved,1,0,No,None,No,0.5,Low
C003492,P0858,Public Sanitation,Public Toilet Not Maintained,Varthur,2026-03-08,Resolved,35,1,No,High,No,12,Medium
C003493,P2937,Solid Waste Management,Garbage Not Collected,Sadashivanagar,2026-03-08,Closed,90,0,Yes,Medium,Yes,1,Medium
C003494,P0725,Solid Waste Management,Garbage Not Collected,Sadashivanagar,2026-03-08,Closed,75,,Yes,Medium,Yes,1,Medium
C003495,P2979,Public Sanitation,Public Toilet Not Maintained,Varthur,2026-03-08,Closed,45,1,No,High,No,12,Medium
C003496,P0483,Water Supply,Water Leakage,Banaswadi,2026-03-08,In Progress,,20,Yes,Low,No,2,High
C003497,P2691,Water Supply,Water Leakage,Hosahalli,2026-03-08,Closed,140,20,Yes,None,No,12,Medium
C003498,P0069,Road Maintenance,Road Maintenance Required,Mathikere,2026-03-08,Closed,19,3,No,Low,Yes,4,Low
C003499,P2610,Water Supply,Low Water Pressure,Bommanahalli,2026-03-08,Closed,230,31,Yes,Medium,No,4,Critical
C003500,P0294,Sewerage,Sewer Line Blockage,Kodigehalli,2026-03-08,Closed,320,43,No,Medium,Yes,8,High
C003501,P0734,Road Maintenance,Pothole,JP Nagar,2026-03-08,Resolved,64,0,No,Medium,No,3,Low
C003502,P0655,Electrical,Street Light Not Working,Mathikere,2026-03-08,Closed,9,3,No,Medium,Yes,4,Low
C003503,P2132,Road Maintenance,Pothole,Shantinagar,2026-03-08,Closed,35,3,No,High,No,4,High
C003504,P2223,Water Supply,Water Leakage,Hosahalli,2026-03-08,Closed,130,14,Yes,None,No,,Medium
C003505,P0161,Solid Waste Management,Sweeping Not Done,Yelahanka,2026-03-08,Resolved,20,1,No,None,Yes,1,Medium
C003506,P0285,Road Maintenance,Footpath Damage,Padmanabhanagar,2026-03-08,Closed,20,1,No,Low,No,8,Low
C003507,P2219,Electrical,Multiple Street Lights Not Working,Mathikere,2026-03-08,Closed,270,16,No,Medium,Yes,8,Medium
C003508,P2595,Public Sanitation,Public Toilet Not Maintained,Mahadevapura,2026-03-08,Closed,93,22,Yes,High,No,8,High
C003509,P0694,Water Supply,Water Leakage,BTM Layout,2026-03-08,In Progress,200,87,Yes,Low,Yes,12,Critical
C003510,P0694,Water Supply,Water Leakage,BTM Layout,2026-03-08,In Progress,200,87,Yes,Low,Yes,12,Critical
C003511,P0112,Water Supply,Water Leakage,Banaswadi,2026-03-08,In Progress,419,15,Yes,Low,,2,High
C003512,P0901,Solid Waste Management,Garbage Not Collected,Yelahanka,2026-03-09,Closed,122,1,No,High,Yes,1,Medium
C003513,P1420,Solid Waste Management,Garbage Dumping in Vacant Site,Dasarahalli,2026-03-09,Resolved,80,6,No,None,Yes,8,Low
C003514,P2944,Solid Waste Management,Garbage Not Collected,Sadashivanagar,2026-03-09,Closed,90,0,Yes,Medium,Yes,1,Medium
C003515,P0439,Solid Waste Management,Garbage Not Collected,Yelahanka,2026-03-09,Closed,150,2,No,Medium,Yes,0.5,Medium
C003516,P2750,Solid Waste Management,Garbage Not Collected,Yelahanka,2026-03-09,Closed,170,1,No,Medium,Yes,1,Medium
C003517,P0358,Public Sanitation,Public Toilet Not Maintained,Varthur,2026-03-09,Closed,15,0,No,High,No,8,Medium
C003518,P0474,Drainage,Open Drain,Kodigehalli,2026-03-09,Closed,25,0,No,High,No,48,Low
C003519,P2089,Solid Waste Management,Garbage Not Collected,Kodigehalli,2026-03-09,Closed,140,4,Yes,Low,Yes,8,Medium
C003520,P1950,Drainage,Open Drain,Kodigehalli,2026-03-09,Closed,35,0,No,Medium,No,36,Low
C003521,P1485,Solid Waste Management,Sweeping Not Done,Yelahanka,2026-03-09,Resolved,25,1,No,None,Yes,2,Medium
C003522,P0810,Sewerage,Sewage Overflow,Banaswadi,2026-03-09,Resolved,70,5,Yes,Critical,No,8,High
C003523,P1867,Electrical,Street Light Not Working,Kadugodi,2026-03-09,Closed,120,16,No,Medium,Yes,1,Medium
C003524,P1314,Public Sanitation,Public Toilet Not Maintained,Varthur,2026-03-09,Closed,35,1,No,High,No,8,Medium
C003525,P0810,Electrical,Exposed Electrical Wires,Banaswadi,2026-03-09,Closed,15,1,No,Critical,No,1,Medium
C003526,P0040,Solid Waste Management,Garbage Not Collected,Hosahalli,2026-03-09,Closed,155,7,No,Medium,Yes,2,Medium
C003527,P1328,Electrical,Street Light Not Working,Shivajinagar,2026-03-09,Resolved,50,2,No,High,No,0.5,Medium
C003528,P2291,Road Maintenance,Pothole,JP Nagar,2026-03-09,Resolved,70,0,No,Medium,No,4,Low
C003529,P0811,Solid Waste Management,Garbage Not Collected,Yelahanka,2026-03-09,Resolved,110,2,No,Medium,Yes,1,Medium
C003530,P2789,Sewerage,Sewer Line Blockage,Malleshwaram,2026-03-09,Resolved,240,12,No,Medium,Yes,3,Medium
C003531,P0412,Solid Waste Management,Garbage Not Collected,Yelahanka,2026-03-09,Closed,130,2,No,Medium,Yes,1,Medium
C003532,P0437,Electrical,Street Light Not Working,Shivajinagar,2026-03-09,Resolved,40,1,No,High,No,0.5,Medium
C003533,P0024,Road Infrastructure,Pothole,JP Nagar,2026-03-09,Resolved,64,0,No,Medium,No,6,Low
C003534,P1045,Solid Waste Management,Garbage Not Collected,Yelahanka,2026-03-09,Resolved,170,2,No,Medium,Yes,0.5,Medium
C003535,P1727,Electrical,Damaged Street Light,Shantinagar,2026-03-09,Closed,9,1,No,Medium,Yes,4,Medium
C003536,P0690,Solid Waste Management,Garbage Not Collected,Yelahanka,2026-03-09,Closed,95,1,No,Medium,Yes,0.5,Medium
C003537,P0850,Solid Waste Management,Garbage Not Collected,Yelahanka,2026-03-10,Resolved,110,1,No,Medium,No,1,Medium
C003538,P2099,Solid Waste Management,Garbage Not Collected,Yelahanka,2026-03-10,Closed,290,4,No,Medium,Yes,1,Medium
C003539,P0677,Road Infrastructure,Road Cutting Not Restored,Shantinagar,2026-03-10,Resolved,76,1,No,Low,,16,Medium
C003540,P1584,Electrical,Damaged Street Light,Koramangala,2026-03-10,Closed,7,3,No,Medium,No,8,Low
C003541,P2902,Electrical,Street Light Not Working,Bellandur,2026-03-10,Closed,50,1,No,High,Yes,4,Medium
C003542,P2588,Water Supply,Low Water Pressure,Bommanahalli,2026-03-10,Closed,210,31,Yes,Medium,No,4,Critical
C003543,P0831,Solid Waste Management,Sweeping Not Done,Yelahanka,2026-03-10,Resolved,25,1,No,Low,Yes,2,Medium
C003544,P1753,Electrical,Street Light Not Working,Jalahalli,2026-03-10,Closed,15,1,No,High,No,1,Low
C003545,P0790,Solid Waste Management,Garbage Not Collected,Yelahanka,2026-03-10,Closed,170,2,No,Medium,Yes,1,Medium
C003546,P2122,Solid Waste Management,Garbage Vehicle Not Arrived,Mathikere,2026-03-10,Closed,380,18,No,Low,Yes,1,Low
C003547,P2718,Water Supply,No Water Supply,Marathahalli,2026-03-10,Resolved,260,23,Yes,Low,Yes,8,Medium
C003548,P1602,Solid Waste Management,Garbage Not Collected,Mathikere,2026-03-10,Closed,70,3,Yes,None,Yes,2,Low
C003549,P0235,Solid Waste Management,Garbage Not Collected,Yelahanka,2026-03-10,Closed,170,1,No,Medium,Yes,1,Medium
C003550,P2205,Health,Public Health Sanitation Issue,Shantinagar,2026-03-10,In Progress,20,3,Yes,Medium,Yes,8,Medium
C003551,P1397,Sewerage,Sewage Overflow,Banaswadi,2026-03-10,Closed,70,5,Yes,Critical,Yes,6,High
C003552,P1019,Street Infrastructure,Fallen Tree Branch,Hosahalli,2026-03-10,Closed,75,7,No,,No,,High
C003553,P2564,Water Supply,Pipeline Leakage,Sadashivanagar,2026-03-10,Closed,285,19,Yes,High,Yes,6,Critical
C003554,P0810,Solid Waste Management,Garbage Dump,Banaswadi,2026-03-10,Closed,970,8,No,Low,Yes,12,Medium
C003555,P2422,Solid Waste Management,Garbage Dump,Kadugodi,2026-03-10,Resolved,0,0,No,Medium,No,8,Low
C003556,P1744,Public Sanitation,Garbage Burning,Hosahalli,2026-03-10,Closed,6,,No,Low,Yes,1,Low
C003557,P0742,Solid Waste Management,Garbage Dump,Banaswadi,2026-03-10,Resolved,970,6,No,Low,Yes,8,Medium
C003558,P0742,Solid Waste Management,Garbage Dump,Banaswadi,2026-03-10,Resolved,970,6,No,Low,Yes,8,Medium
C003559,P2602,Road Infrastructure,Road Cutting Not Restored,Sarakki,2026-03-10,Closed,20,0,No,Low,No,4,Low
C003560,P1899,Solid Waste Management,Garbage Not Collected,Yelahanka,2026-03-10,Closed,8000,2,No,Medium,Yes,1,Medium
C003561,P0105,Water Supply,Pipeline Leakage,SADASHIVANAGAR,2026-03-10,Closed,520,39,Yes,High,Yes,8,Critical
C003562,P1721,Solid Waste Management,Garbage Not Collected,Mathikere,2026-03-10,Closed,90,5,Yes,None,Yes,1,Low
C003563,P0497,Road Maintenance,Road Maintenance Required,Mathikere,2026-03-10,Resolved,40,1,No,Medium,Yes,168,Low
C003564,P0137,Public Sanitation,Unclean Public Area,Koramangala,2026-03-10,Closed,1200,249,No,None,No,2,Low
C003565,P1024,Solid Waste Management,Garbage Not Collected,Kodigehalli,2026-03-10,Resolved,200,9,Yes,Low,Yes,8,Medium
C003566,P0216,Solid Waste Management,Sweeping Not Done,Yelahanka,2026-03-10,Closed,25,1,No,None,Yes,1,Medium
C003567,P0383,Public Sanitation,Garbage Burning,Hosahalli,2026-03-10,Closed,15,1,No,Low,Yes,1,Low
C003568,P1706,Drainage,Drain Overflow,Mathikere,2026-03-11,Resolved,45,,Yes,High,No,4,High
C003569,P0494,Solid Waste Management,Garbage Vehicle Not Arrived,Mahadevapura,2026-03-11,Resolved,15,1,No,None,No,1,Low
C003570,P1137,Drainage,Drain Overflow,Mathikere,2026-03-11,Resolved,34,1,Yes,High,No,4,Critical
C003571,P1075,Solid Waste Management,Garbage Dump,Banaswadi,2026-03-11,Resolved,970,5,No,Low,,8,Medium
C003572,P0994,Solid Waste Management,Garbage Vehicle Not Arrived,Mahadevapura,2026-03-11,Closed,25,1,No,None,No,1,Low
C003573,P2058,Drainage,Drain Overflow,Mathikere,2026-03-11,Closed,34,1,Yes,Medium,No,4,High
C003574,P2058,Drainage,Drain Overflow,Mathikere,2026-03-11,Closed,34,1,Yes,High,No,4,High
C003575,P1968,Drainage,Drain Overflow,Mathikere,2026-03-11,Closed,34,1,Yes,Medium,No,4,High
C003576,P1968,Drainage,Drain Overflow,Mathikere,2026-03-11,Closed,34,1,Yes,Medium,No,4,High
C003577,P1167,Solid Waste Management,Garbage Vehicle Not Arrived,Mahadevapura,2026-03-11,Closed,9,0,No,None,No,1,Low
C003578,P2618,Drainage,Drain Overflow,Mathikere,2026-03-11,Resolved,34,1,Yes,Medium,No,4,High
C003579,P1716,Drainage,Drain Overflow,Mathikere,2026-03-11,Closed,40,1,Yes,Low,No,4,High
C003580,P0769,Solid Waste Management,Garbage Not Collected,Yelahanka,2026-03-11,Resolved,170,3,No,Medium,Yes,1,Medium
C003581,P0220,Electrical,Damaged Street Light,Koramangala,2026-03-11,Resolved,7,3,No,Medium,No,8,Low
C003582,P2172,Water Supply,No Water Supply,Marathahalli,2026-03-11,Closed,490,37,Yes,Low,Yes,8,Medium
C003583,P2595,Solid Waste Management,Garbage Vehicle Not Arrived,Mahadevapura,2026-03-11,Closed,15,1,No,None,No,2,Low
C003584,P2219,Drainage,Drain Overflow,Mathikere,2026-03-11,Closed,43,2,Yes,Medium,No,4,Critical
C003585,P0662,Solid Waste Management,Sweeping Not Done,Mathikere,2026-03-11,Closed,232,9,No,High,Yes,2,Medium
C003586,P1779,Solid Waste Management,Garbage Not Collected,Yelahanka,2026-03-11,Resolved,170,1,No,Medium,Yes,1,Medium
C003587,P0814,Drainage,Open Drain,Domlur,2026-03-11,Closed,15,0,No,Low,No,48,Medium
C003588,P2001,Electrical,Multiple Street Lights Not Working,HSR Layout,2026-03-11,Closed,60,19,No,High,No,4,Medium
C003589,P0383,Electrical,Street Light Not Working,Hosahalli,2026-03-11,Resolved,55,15,No,Medium,Yes,1,Medium
C003590,P0293,Solid Waste Management,Garbage Not Collected,Dasarahalli,2026-03-11,Closed,50,0,Yes,Low,Yes,1,Low
C003591,P0387,Solid Waste Management,Garbage Vehicle Not Arrived,Mahadevapura,2026-03-11,Resolved,15,1,No,None,No,1,Low
C003592,P0243,Drainage,Drain Overflow,Mathikere,2026-03-11,Closed,34,1,Yes,Medium,No,4,High
C003593,P0243,Solid Waste Management,Garbage Not Collected,Mathikere,2026-03-11,Resolved,70,2,Yes,None,Yes,2,Low
C003594,P0497,Solid Waste Management,Garbage Not Collected,Mathikere,2026-03-11,Closed,90,3,Yes,None,Yes,1,Low
C003595,P2477,Solid Waste Management,Garbage Not Collected,Anjanapura,2026-03-11,Resolved,320,67,Yes,Medium,Yes,4,High
C003596,P1562,Road Infrastructure,Road Cutting Not Restored,Sarakki,2026-03-11,Closed,20,0,No,Low,No,4,Low
C003597,P1543,Solid Waste Management,Garbage Not Collected,Yelahanka,2026-03-11,Resolved,170,2,No,Medium,Yes,1,Medium
C003598,P0540,Drainage,Drain Overflow,Mathikere,2026-03-11,Closed,34,1,Yes,Medium,No,3,High
C003599,P1029,Solid Waste Management,Garbage Not Collected,Anjanapura,2026-03-11,Closed,390,61,No,Medium,Yes,4,High
C003600,P1070,Solid Waste Management,Garbage Not Collected,Dasarahalli,2026-03-11,Closed,55,0,Yes,Low,Yes,1,Low
C003601,P0711,Solid Waste Management,Garbage Not Collected,Koramangala,2026-03-11,Closed,45,0,No,Medium,No,2,Medium
C003602,P1775,Electrical,Multiple Street Lights Not Working,HSR Layout,2026-03-11,Closed,75,29,No,High,No,4,Medium
C003603,P0883,Solid Waste Management,Garbage Vehicle Not Arrived,Mahadevapura,2026-03-11,Closed,15,1,No,None,No,1,Low
C003604,P0825,Solid Waste Management,Garbage Vehicle Not Arrived,Mathikere,2026-03-11,Resolved,460,19,No,Low,Yes,1,Low
C003605,P1117,Solid Waste Management,Garbage Vehicle Not Arrived,Mahadevapura,2026-03-11,Closed,10,1,No,Low,No,1,Low
C003606,P1801,Drainage,Drain Overflow,Mathikere,2026-03-12,Closed,25,1,Yes,,No,4,High
C003607,P0884,Solid Waste Management,Garbage Not Collected,Malleshwaram,2026-03-12,Resolved,60,0,No,Low,No,2,High
C003608,P0115,Revenue Department,Property Tax Query,Ulsoor,2026-03-12,Closed,3,0,No,None,No,1,Low
C003609,P2233,Solid Waste Management,Garbage Not Collected,Malleshwaram,2026-03-12,Closed,55,0,No,Medium,No,2,Medium
C003610,P0662,Drainage,Drain Overflow,Mathikere,2026-03-12,Closed,45,1,Yes,Medium,No,,High
C003611,P1617,Solid Waste Management,Garbage Not Collected,Shantinagar,2026-03-12,Closed,260,16,No,High,No,3,Medium
C003612,P1172,Drainage,Drain Overflow,Mathikere,2026-03-12,Closed,34,1,Yes,Medium,No,,High
C003613,P1580,Solid Waste Management,Garbage Not Collected,Shantinagar,2026-03-12,Closed,260,10,No,High,Yes,2,Medium
C003614,P0448,Road Maintenance,Pothole,Kodigehalli,2026-03-12,Resolved,220,25,No,,Yes,8,High
C003615,P0448,Road Maintenance,Pothole,Kodigehalli,2026-03-12,Resolved,220,25,No,Medium,Yes,8,High
C003616,P0156,Solid Waste Management,Garbage Vehicle Not Arrived,Mathikere,2026-03-12,Resolved,230,14,No,Low,Yes,1,Low
C003617,P0379,Solid Waste Management,Garbage Not Collected,Malleshwaram,2026-03-12,Resolved,70,0,Yes,Medium,No,2,Medium
C003618,P0576,Solid Waste Management,Garbage Not Collected,Koramangala,2026-03-12,Resolved,55,0,Yes,Medium,No,2,Medium
C003619,P1982,Health,Public Health Sanitation Issue,Sadashivanagar,2026-03-12,Resolved,85,22,No,Low,No,8,Low
C003620,P0841,Drainage,Drain Overflow,Mathikere,2026-03-12,Resolved,29,2,Yes,Medium,No,4,High
C003621,P0762,Drainage,Drain Overflow,Mathikere,2026-03-12,Resolved,34,1,Yes,Medium,No,6,High
C003622,P0868,Electrical,Multiple Street Lights Not Working,HSR Layout,2026-03-12,Closed,75,17,No,High,No,4,Medium
C003623,P2238,Solid Waste Management,Garbage Not Collected,Malleshwaram,2026-03-12,Closed,60,0,No,Medium,Yes,3,Medium
C003624,P2029,Drainage,Drain Overflow,Mathikere,2026-03-12,Closed,34,1,Yes,Medium,No,4,High
C003625,P2571,Solid Waste Management,Garbage Not Collected,Dasarahalli,2026-03-12,Resolved,40,0,Yes,Low,Yes,1,Low
C003626,P2571,Solid Waste Management,Garbage Not Collected,Dasarahalli,2026-03-12,Resolved,40,0,Yes,Low,Yes,1,Low
C003627,P0107,Solid Waste Management,Garbage Not Collected,Shantinagar,2026-03-12,Closed,260,22,No,High,Yes,2,Medium
C003628,P0951,Solid Waste Management,Garbage Not Collected,Malleshwaram,2026-03-12,Resolved,55,0,No,Medium,No,3,Medium
C003629,P0899,Solid Waste Management,Garbage Dumping in Vacant Site,Rajajinagar,2026-03-12,Resolved,80,1,No,,No,2,Low
C003630,P0056,Drainage,Drain Overflow,Mathikere,2026-03-12,Resolved,34,1,Yes,Low,No,3,High
C003631,P0160,Public Sanitation,Public Toilet Not Maintained,Kadugodi,2026-03-12,Resolved,280,20,No,High,Yes,2,High
C003632,P1053,Solid Waste Management,Garbage Not Collected,Hebbal,2026-03-12,Closed,35,5,No,Critical,No,6,High
C003633,P0477,Solid Waste Management,Garbage Vehicle Not Arrived,Mahadevapura,2026-03-12,In Progress,15,1,No,None,No,1,Low
C003634,P2055,Solid Waste Management,Garbage Vehicle Not Arrived,Mahadevapura,2026-03-12,Closed,10,0,No,None,No,1,Low
C003635,P2400,Solid Waste Management,Garbage Not Collected,Malleshwaram,2026-03-12,Closed,60,0,No,Medium,No,2,Medium
C003636,P2789,Solid Waste Management,Garbage Not Collected,Malleshwaram,2026-03-12,Closed,60,0,No,Medium,No,2,Medium
C003637,P1220,Drainage,Drain Overflow,Mathikere,2026-03-12,Closed,,2,No,Medium,No,4,High
C003638,P1912,Electrical,Street Light Not Working,Dasarahalli,2026-03-12,Closed,700,58,No,High,No,8,Critical
C003639,P2819,Road Infrastructure,Road Encroachment,Whitefield,2026-03-12,Resolved,85,3,No,Low,No,8,Medium
C003640,P1837,Drainage,Drain Overflow,Mathikere,2026-03-12,Closed,45,1,Yes,Medium,No,4,High
C003641,P1793,Solid Waste Management,Garbage Vehicle Not Arrived,Mahadevapura,2026-03-12,Resolved,15,1,No,None,No,1,Low
C003642,P2592,Electrical,Street Light Not Working,Bommanahalli,2026-03-12,Closed,40,2,No,Medium,Yes,0.5,Medium
C003643,P2937,Sewerage,Sewer Line Blockage,Sadashivanagar,2026-03-12,Resolved,150,16,No,Medium,No,12,Medium
C003644,P2236,Solid Waste Management,Garbage Not Collected,Malleshwaram,2026-03-12,Resolved,60,0,No,Medium,No,2,Medium
C003645,P0655,Road Maintenance,Road Maintenance Required,Mathikere,2026-03-12,Closed,150,13,No,Medium,Yes,3,Medium
C003646,P2656,Electrical,Street Light Not Working,Padmanabhanagar,2026-03-12,Closed,210,4,No,Low,Yes,8,Medium
C003647,P0532,Public Sanitation,Public Toilet Not Maintained,Kadugodi,2026-03-12,Resolved,280,19,No,High,Yes,1,High
C003648,P0403,Solid Waste Management,Garbage Dumping in Vacant Site,Rajajinagar,2026-03-12,Closed,110,2,No,Medium,No,2,Low
C003649,P2504,Solid Waste Management,Garbage Dump,Shantinagar,2026-03-12,In Progress,45,6,No,None,Yes,12,Low
C003650,P0680,Solid Waste Management,Garbage Dump,Shantinagar,2026-03-12,Closed,45,5,No,None,Yes,12,Low
C003651,P1263,Public Sanitation,Public Toilet Not Maintained,Bellandur,2026-03-12,In Progress,110,9,Yes,Medium,Yes,12,Medium
C003652,P1480,Road Maintenance,Pothole,Kodigehalli,2026-03-12,Resolved,150,15,No,Medium,Yes,8,High
C003653,P2369,Road Maintenance,Pothole,Kodigehalli,2026-03-12,Resolved,184,19,No,Medium,Yes,8,High
C003654,P0312,Solid Waste Management,Garbage Not Collected,Anjanapura,2026-03-12,Closed,520,190,No,Medium,Yes,4,High
C003655,P0118,Solid Waste Management,Garbage Not Collected,Malleshwaram,2026-03-12,Resolved,60,0,No,Medium,No,2,Medium
C003656,P1365,Sewerage,Sewer Line Blockage,Sadashivanagar,2026-03-12,In Progress,150,20,No,Medium,No,8,Medium
C003657,P2948,Solid Waste Management,Garbage Not Collected,Malleshwaram,2026-03-13,Resolved,60,0,No,Medium,No,2,Medium
C003658,P2737,Solid Waste Management,Garbage Vehicle Not Arrived,Mathikere,2026-03-13,Closed,280,11,No,Low,Yes,0.5,Low
C003659,P0664,Road Maintenance,Footpath Damage,Malleshwaram,2026-03-13,Resolved,130,16,No,High,No,4,High
C003660,P2782,Road Infrastructure,Speed Breaker Required,KR Puram,2026-03-13,Closed,67,29,No,Low,No,24,Medium
C003661,P0821,Solid Waste Management,Garbage Not Collected,Malleshwaram,2026-03-13,Resolved,80,0,No,Medium,No,3,Medium
C003662,P0821,Solid Waste Management,Garbage Not Collected,Malleshwaram,2026-03-13,Resolved,80,0,No,Medium,No,3,Medium
C003663,P2509,Solid Waste Management,Garbage Not Collected,Hebbal,2026-03-13,Closed,30,6,No,Critical,Yes,4,High
C003664,P2789,Road Maintenance,Footpath Damage,Malleshwaram,2026-03-13,Closed,56,10,No,High,No,4,Medium
C003665,P1319,Public Sanitation,Unclean Public Area,Jalahalli,2026-03-13,Resolved,340,1,No,Low,Yes,2,Low
C003666,P1365,Sewerage,Sewer Line Blockage,Sadashivanagar,2026-03-13,In Progress,150,20,No,Medium,No,8,Medium
C003667,P2997,Solid Waste Management,Garbage Not Collected,Malleshwaram,2026-03-13,Resolved,75,0,Yes,Medium,No,2,Medium
C003668,P1919,Drainage,Drain Overflow,Mathikere,2026-03-13,Closed,34,,,Low,Yes,4,High
C003669,P1727,Solid Waste Management,Garbage Not Collected,Shantinagar,2026-03-13,Closed,260,10,No,High,Yes,2,Medium
C003670,P0284,Solid Waste Management,Garbage Not Collected,Malleshwaram,2026-03-13,Resolved,60,0,No,Medium,No,2,Medium
C003671,P0284,Solid Waste Management,Garbage Not Collected,Malleshwaram,2026-03-13,Resolved,65,0,No,Medium,No,2,Medium
C003672,P1329,Solid Waste Management,Garbage Not Collected,Malleshwaram,2026-03-13,Resolved,85,0,No,Medium,No,3,Medium
C003673,P2177,Drainage,Drain Overflow,Mathikere,2026-03-13,Resolved,34,1,Yes,,No,4,High
C003674,P0434,Public Sanitation,Public Toilet Not Maintained,Kadugodi,2026-03-13,Closed,280,25,No,Critical,Yes,2,High
C003675,P0927,Electrical,Street Light Not Working,Padmanabhanagar,2026-03-13,Resolved,210,7,No,Low,Yes,8,Medium
C003676,P1917,Health,Public Health Sanitation Issue,Sadashivanagar,2026-03-13,Resolved,83,18,No,Low,No,12,Low
C003677,P2070,Drainage,Drain Overflow,Mathikere,2026-03-13,Resolved,50,1,Yes,High,No,6,High
C003678,P2534,Electrical,Street Light Not Working,Bommanahalli,2026-03-13,Closed,35,2,No,Medium,Yes,0.5,Medium
C003679,P2890,Solid Waste Management,Garbage Vehicle Not Arrived,BTM Layout,2026-03-13,Closed,270,96,No,Low,No,1,Low
C003680,P1876,Public Sanitation,Unclean Public Area,Jalahalli,2026-03-13,Resolved,12000,1,No,Low,No,2,Low
C003681,P2233,Solid Waste Management,Garbage Dumping in Vacant Site,Malleshwaram,2026-03-13,Closed,65,9,No,Low,Yes,4,Low
C003682,P2889,Solid Waste Management,Garbage Vehicle Not Arrived,Mahadevapura,2026-03-13,Resolved,15,1,No,None,No,1,Low
C003683,P1294,Public Sanitation,Unclean Public Area,Jalahalli,2026-03-13,Resolved,440,1,No,Low,Yes,2,Low
C003684,P1087,Public Sanitation,Unclean Public Area,Koramangala,2026-03-13,Closed,1600,218,No,None,No,2,Low
C003685,P1394,Drainage,Drain Overflow,Mathikere,2026-03-13,Closed,34,1,Yes,High,No,4,High
C003686,P2570,Solid Waste Management,Garbage Not Collected,Yeshwanthpur,2026-03-13,Closed,60,8,No,Low,Yes,8,Medium
C003687,P1157,Road Maintenance,Footpath Damage,Sadashivanagar,2026-03-13,Resolved,65,5,Yes,Low,No,12,Low
C003688,P1227,Road Infrastructure,Road Encroachment,Kadugodi,2026-03-13,Resolved,35,9,No,None,Yes,16,Low
C003689,P0518,Solid Waste Management,Garbage Not Collected,Malleshwaram,2026-03-14,Resolved,50,0,No,Low,Yes,2,Medium
C003690,P2955,Electrical,Street Light Not Working,Chamrajpet,2026-03-14,Resolved,160,8,Yes,High,No,1,Critical
C003691,P2212,Solid Waste Management,Garbage Not Collected,Hosahalli,2026-03-14,Resolved,,16,Yes,None,Yes,8,Medium
C003692,P1962,Public Sanitation,Unclean Public Area,Dasarahalli,2026-03-14,Resolved,380,68,No,Low,No,8,Low
C003693,P2749,Road Maintenance,Pothole,Kodigehalli,2026-03-14,Closed,220,33,No,Medium,Yes,8,High
C003694,P1402,Solid Waste Management,Garbage Dump,Rajajinagar,2026-03-14,Resolved,240,7,No,Low,,12,Low
C003695,P0349,Public Sanitation,Unclean Public Area,Peenya,2026-03-14,Closed,99,8,Yes,Low,Yes,4,Low
C003696,P0341,Street Infrastructure,Damaged Signboard,Arekere,2026-03-14,Closed,50,6,No,None,No,12,Low
C003697,P1492,Solid Waste Management,Garbage Vehicle Not Arrived,Shantinagar,2026-03-14,In Progress,90,23,Yes,Medium,Yes,2,High
C003698,P1383,Solid Waste Management,Garbage Vehicle Not Arrived,BTM Layout,2026-03-14,Closed,270,34,No,Low,Yes,0.5,Low
C003699,P1909,Solid Waste Management,Garbage Not Collected,Malleshwaram,2026-03-14,Closed,50,0,No,Medium,No,2,Medium
C003700,P1503,Electrical,Street Light Not Working,Dasarahalli,2026-03-14,In Progress,35,3,No,Medium,Yes,,Low
C003701,P1652,Electrical,Street Light Not Working,Padmanabhanagar,2026-03-14,Resolved,210,8,No,Medium,Yes,8,Medium
C003702,P2231,Solid Waste Management,Garbage Dumping in Vacant Site,Malleshwaram,2026-03-14,Resolved,65,6,Yes,Low,Yes,4,Low
C003703,P0899,Solid Waste Management,Garbage Vehicle Not Arrived,Shantinagar,2026-03-14,Resolved,110,,Yes,Medium,Yes,2,High
C003704,P1225,Solid Waste Management,Garbage Not Collected,Malleshwaram,2026-03-14,Resolved,60,0,No,Medium,No,2,Medium
C003705,P0349,Solid Waste Management,Garbage Dumping in Vacant Site,Electronic City,2026-03-14,Closed,3,0,No,None,Yes,8,Low
C003706,P1542,Solid Waste Management,Garbage Dumping in Vacant Site,Malleshwaram,2026-03-14,Resolved,36,5,No,Low,Yes,4,Low
C003707,P0147,Solid Waste Management,Garbage Dumping in Vacant Site,Electronic City,2026-03-14,Closed,3,0,No,Low,Yes,8,Low
C003708,P2578,Solid Waste Management,Garbage Not Collected,Hosahalli,2026-03-14,Closed,220,10,Yes,None,Yes,8,Medium
C003709,P1968,Water Supply,Pipeline Leakage,Mathikere,2026-03-14,Resolved,20,3,No,Medium,Yes,12,Medium
C003710,P1031,Solid Waste Management,Garbage Vehicle Not Arrived,Sarakki,2026-03-14,Closed,85,15,No,None,Yes,1,Medium
C003711,P1540,Solid Waste Management,Garbage Not Collected,Hosahalli,2026-03-14,Resolved,220,13,Yes,None,Yes,8,Medium
C003712,P2342,Solid Waste Management,Garbage Not Collected,Yeshwanthpur,2026-03-14,Resolved,65,5,No,Medium,Yes,8,Medium
C003713,P1729,Public Sanitation,Unclean Public Area,Peenya,2026-03-15,Resolved,60,7,Yes,Low,Yes,4,Low
C003714,P0829,Sewerage,Sewage Overflow,Dasarahalli,2026-03-15,Closed,130,20,No,Low,No,4,Low
C003715,P1012,Others,Miscellaneous Complaint,Varthur,2026-03-15,Closed,25,2,No,None,Yes,4,Low
C003716,P1948,Solid Waste Management,Garbage Not Collected,Shantinagar,2026-03-15,Closed,25,,No,Medium,Yes,1,Medium
C003717,P2012,Water Supply,No Water Supply,Hosahalli,2026-03-15,Closed,220,29,Yes,Low,No,3,Low
C003718,P1361,Water Supply,No Water Supply,Hosahalli,2026-03-15,Closed,210,30,Yes,Low,No,2,Low
C003719,P1233,Sewerage,Sewage Overflow,Ulsoor,2026-03-15,Resolved,707,43,Yes,Low,No,8,Medium
C003720,P2129,Sewerage,Sewage Overflow,Dasarahalli,2026-03-15,In Progress,150,26,No,Low,Yes,4,Low
C003721,P1749,Public Sanitation,Unclean Public Area,Peenya,2026-03-15,Closed,60,6,Yes,Low,Yes,4,Low
C003722,P0333,Water Supply,Pipeline Leakage,Mathikere,2026-03-15,Closed,20,2,No,Medium,Yes,6,Medium
C003723,P1250,Road Maintenance,Footpath Damage,Jayanagar,2026-03-15,Resolved,60,21,No,Low,Yes,4,Medium
C003724,P1542,Solid Waste Management,Garbage Dumping in Vacant Site,Malleshwaram,2026-03-15,Resolved,36,5,No,Low,Yes,4,Low
C003725,P1556,Public Sanitation,Unclean Public Area,Jalahalli,2026-03-15,Resolved,430,1,Yes,Low,Yes,2,Low
C003726,P2955,Sewerage,Sewer Line Blockage,Chamrajpet,2026-03-15,In Progress,95,18,Yes,Medium,Yes,12,Medium
C003727,P2243,Drainage,Open Drain,Bellandur,2026-03-15,Resolved,52,3,No,Medium,Yes,36,Medium
C003728,P0219,Street Infrastructure,Damaged Footpath Railing,Yelahanka,2026-03-15,Closed,25,1,Yes,Medium,No,16,Low
C003729,P2325,Others,Miscellaneous Complaint,Varthur,2026-03-16,Closed,25,3,No,Low,Yes,4,Low
C003730,P1899,Public Sanitation,Public Toilet Not Maintained,Ulsoor,2026-03-16,Resolved,40,7,No,Low,No,8,Low
C003731,P0702,Electrical,Street Light Not Working,Kadugodi,2026-03-16,Closed,10,1,No,None,,3,Low
C003732,P0236,Solid Waste Management,Garbage Dump,Anjanapura,2026-03-16,Resolved,220,21,No,Low,No,2,Low
C003733,P1420,Electrical,Street Light Not Working,Dasarahalli,2026-03-16,Closed,55,6,No,High,Yes,4,Medium
C003734,P1739,Solid Waste Management,Garbage Vehicle Not Arrived,Shantinagar,2026-03-16,Closed,80,33,No,Medium,Yes,,High
C003735,P1310,Solid Waste Management,Garbage Dump,Mathikere,2026-03-16,Resolved,25,0,No,None,Yes,3,Low
C003736,P2395,Road Maintenance,Footpath Damage,Jayanagar,2026-03-16,Closed,50,18,No,Low,No,4,High
C003737,P2088,Solid Waste Management,Garbage Dump,Mathikere,2026-03-16,Resolved,17,0,No,None,Yes,2,Low
C003738,P2376,Solid Waste Management,Garbage Dump,Anjanapura,2026-03-16,Resolved,220,34,No,Low,No,2,Low
C003739,P0408,Electrical,Street Light Not Working,Dasarahalli,2026-03-16,Closed,55,6,No,High,Yes,4,Medium
C003740,P2070,Street Infrastructure,Fallen Tree Branch,Peenya,2026-03-16,Closed,95,,,High,No,2,Medium
C003741,P2425,Drainage,Open Drain,Mathikere,2026-03-16,In Progress,8,2,No,Low,Yes,36,Medium
C003742,P2958,Road Infrastructure,Speed Breaker Required,Ulsoor,2026-03-16,Closed,35,4,No,High,Yes,36,High
C003743,P2705,Water Supply,Low Water Pressure,Kodigehalli,2026-03-16,Closed,500,43,Yes,None,No,3,Medium
C003744,P0243,Solid Waste Management,Garbage Dump,Mathikere,2026-03-16,Closed,27,1,No,None,Yes,2,Low
C003745,P0663,Solid Waste Management,Sweeping Not Done,Chickpet,2026-03-17,Closed,70,4,No,Low,Yes,1,Low
C003746,P0236,Water Supply,Pipeline Leakage,Anjanapura,2026-03-17,Closed,200,9,No,Medium,Yes,24,High
C003747,P1707,Electrical,Street Light Not Working,Hosahalli,2026-03-17,Closed,30,4,No,Medium,Yes,3,High
C003748,P1588,Health,Public Health Sanitation Issue,Varthur,2026-03-17,In Progress,35,13,No,Low,Yes,6,Medium
C003749,P0383,Revenue Department,Khata Related Issue,Hosahalli,2026-03-17,Resolved,9,1,No,None,Yes,1,Low
C003750,P1213,Road Maintenance,Road Maintenance Required,Vasanthnagar,2026-03-17,Closed,20,0,No,Low,Yes,16,Low
C003751,P1556,Road Infrastructure,Road Encroachment,Rajajinagar,2026-03-17,Resolved,600,90,No,None,Yes,4,High
C003752,P0062,Solid Waste Management,Garbage Vehicle Not Arrived,Malleshwaram,2026-03-17,Closed,266,42,No,None,No,2,Medium
C003753,P2909,Street Infrastructure,Damaged Signboard,Marathahalli,2026-03-17,Resolved,95,8,No,None,No,2,Low
C003754,P0368,Street Infrastructure,Fallen Tree Branch,Peenya,2026-03-17,Resolved,70,9,No,High,No,2,Medium
C003755,P0701,Electrical,Street Light Not Working,Dasarahalli,2026-03-17,Resolved,55,5,No,Low,Yes,4,Medium
C003756,P2737,Solid Waste Management,Garbage Dump,Mathikere,2026-03-17,Closed,130,6,No,Medium,Yes,6,Medium
C003757,P1731,Water Supply,Pipeline Leakage,Anjanapura,2026-03-17,Resolved,180,8,No,Medium,Yes,24,High
C003758,P2662,Water Supply,No Water Supply,Hosahalli,2026-03-17,Closed,210,25,Yes,Low,No,2,Low
C003759,P0038,Road Infrastructure,Speed Breaker Required,Malleshwaram,2026-03-17,Closed,160,31,Yes,Low,No,16,Low
C003760,P0144,Solid Waste Management,Garbage Dumping in Vacant Site,Malleshwaram,2026-03-17,Closed,360,98,No,Low,No,12,Low
C003761,P2434,Road Infrastructure,Road Cutting Not Restored,Shantinagar,2026-03-17,Resolved,55,,No,Low,Yes,24,Medium
C003762,P1638,Electrical,Street Light Not Working,Hosahalli,2026-03-17,Closed,21,2,No,Medium,Yes,2,High
C003763,P2477,Water Supply,Pipeline Leakage,Anjanapura,2026-03-17,Resolved,180,10,No,Medium,No,36,High
C003764,P2573,Electrical,Street Light Not Working,Mathikere,2026-03-17,Closed,180,7,Yes,Low,No,1,Low
C003765,P0573,Electrical,Street Light Not Working,Hosahalli,2026-03-17,Resolved,21,3,No,Medium,Yes,3,High
C003766,P2504,Road Infrastructure,Road Cutting Not Restored,Shantinagar,2026-03-17,Closed,55,14,No,Low,Yes,24,Medium
C003767,P0840,Solid Waste Management,Garbage Vehicle Not Arrived,Basavanagudi,2026-03-17,Closed,50,4,Yes,Low,Yes,2,Medium
C003768,P1421,Solid Waste Management,Garbage Vehicle Not Arrived,Basavanagudi,2026-03-17,Closed,30,3,Yes,None,Yes,2,Medium
C003769,P1578,Solid Waste Management,Sweeping Not Done,Chickpet,2026-03-18,Closed,36,4,No,Low,Yes,1,Low
C003770,P0181,Solid Waste Management,Garbage Vehicle Not Arrived,Basavanagudi,2026-03-18,Resolved,220,46,No,Low,Yes,2,High
C003771,P1731,Water Supply,Pipeline Leakage,Anjanapura,2026-03-18,Resolved,180,8,No,Medium,Yes,24,High
C003772,P0660,Solid Waste Management,Garbage Vehicle Not Arrived,Malleshwaram,2026-03-18,Closed,254,71,No,None,,2,Medium
C003773,P2618,Electrical,Street Light Not Working,Mathikere,2026-03-18,Closed,40,12,No,High,Yes,,Critical
C003774,P0194,Electrical,Street Light Not Working,Hosahalli,2026-03-18,Resolved,21,2,No,Medium,Yes,3,High
C003775,P2425,Electrical,Street Light Not Working,Mathikere,2026-03-18,Closed,40,13,No,High,Yes,0.5,Critical
C003776,P0181,Water Supply,water leakage,Basavanagudi,2026-03-18,Closed,99,9,Yes,Low,No,2,Low
C003777,P2789,Solid Waste Management,Garbage Dumping in Vacant Site,Malleshwaram,2026-03-18,Resolved,360,95,No,Low,No,12,Low
C003778,P0411,Water Supply,Pipeline Leakage,Anjanapura,2026-03-18,Closed,250,21,No,Medium,Yes,16,High
C003779,P0383,Electrical,Street Light Not Working,Hosahalli,2026-03-18,Resolved,30,4,No,Medium,Yes,1,High
C003780,P1709,Road Maintenance,Pothole,Dasarahalli,2026-03-18,Closed,640,8,No,High,Yes,12,High
C003781,P1466,Street Infrastructure,Damaged Footpath Railing,BTM Layout,2026-03-19,Resolved,20,2,No,,No,16,Medium
C003782,P1455,Water Supply,Pipeline Leakage,Anjanapura,2026-03-19,Closed,180,6,No,Medium,Yes,36,High
C003783,P1237,Water Supply,Pipeline Leakage,Anjanapura,2026-03-19,Closed,137,8,No,Medium,Yes,24,High
C003784,P2205,Electrical,Damaged Street Light,Shantinagar,2026-03-19,Closed,21,,No,High,Yes,4,High
C003785,P0237,Road Maintenance,Footpath Damage,Sarakki,2026-03-19,Assigned,240,36,Yes,Medium,Yes,8,High
C003786,P0116,Electrical,Street Light Not Working,Hosahalli,2026-03-19,Resolved,15,3,No,Medium,Yes,2,Medium
C003787,P0116,Electrical,Street Light Not Working,Hosahalli,2026-03-19,Resolved,10,3,No,Medium,Yes,2,Medium
C003788,P1764,Road Maintenance,Pothole,Dasarahalli,2026-03-19,Closed,720,7,No,High,Yes,12,High
C003789,P0325,Solid Waste Management,Garbage Dump,Hennur,2026-03-19,Closed,10,1,No,None,Yes,2,Low
C003790,P1189,Electrical,Multiple Street Lights Not Working,Hosahalli,2026-03-19,Resolved,100,21,No,High,Yes,168,Medium
C003791,P1298,Solid Waste Management,Garbage Not Collected,Bommanahalli,2026-03-19,Closed,75,11,No,None,Yes,,Medium
C003792,P1315,Solid Waste Management,Garbage Vehicle Not Arrived,Whitefield,2026-03-19,Resolved,120,7,No,Low,Yes,1,Low
C003793,P0439,Electrical,Street Light Not Working,Electronic City,2026-03-19,Resolved,190,8,No,None,No,1,Low
C003794,P1919,Solid Waste Management,Garbage Dump,Mathikere,2026-03-19,Closed,70,3,No,Medium,Yes,4,Medium
C003795,P1460,Drainage,Open Drain,Padmanabhanagar,2026-03-19,In Progress,110,3,No,High,No,8,Low
C003796,P0724,Solid Waste Management,Sweeping Not Done,Sadashivanagar,2026-03-19,Closed,220,32,Yes,Medium,Yes,1,Medium
C003797,P0894,Electrical,Street Light Not Working,Rajajinagar,2026-03-19,Resolved,110,5,No,Medium,Yes,8,Medium
C003798,P2101,Road Maintenance,pothole,Dasarahalli,2026-03-19,Closed,1300,22,No,High,Yes,12,High
C003799,P0456,Solid Waste Management,Garbage Dump,Hennur,2026-03-20,Closed,9,1,No,None,Yes,3,Low
C003800,P0456,Solid Waste Management,Garbage Dump,Hennur,2026-03-20,Closed,6,1,No,None,Yes,3,Low
C003801,P1754,Sewerage,Manhole Overflow,Hebbal,2026-03-20,Closed,35,4,Yes,Critical,Yes,4,Critical
C003802,P0497,Solid Waste Management,Garbage Not Collected,Mathikere,2026-03-20,Closed,15,2,Yes,Low,Yes,4,Medium
C003803,P1027,Solid Waste Management,Garbage Not Collected,Mathikere,2026-03-20,Resolved,12,1,Yes,Low,Yes,3,Medium
C003804,P0780,Solid Waste Management,Garbage Dump,Jayanagar,2026-03-20,Closed,1000,120,No,Low,Yes,4,High
C003805,P1846,Solid Waste Management,Garbage Dump,Jayanagar,2026-03-20,Closed,1125,149,No,Medium,Yes,4,High
C003806,P1874,Solid Waste Management,Garbage Vehicle Not Arrived,Kadugodi,2026-03-20,Closed,20,3,Yes,None,Yes,4,Medium
C003807,P0612,Solid Waste Management,Garbage Not Collected,Mathikere,2026-03-20,Closed,15,,Yes,Low,,6,Low
C003808,P2187,Solid Waste Management,Garbage Not Collected,Mathikere,2026-03-20,Resolved,14,,Yes,Low,Yes,4,Medium
C003809,P2170,Solid Waste Management,Garbage Not Collected,Mathikere,2026-03-20,Closed,13,2,Yes,Low,Yes,4,Medium
C003810,P1505,Street Infrastructure,Street Light Not Working,Rajajinagar,2026-03-20,Resolved,110,4,No,Medium,Yes,6,Medium
C003811,P2970,Solid Waste Management,Garbage Not Collected,Mathikere,2026-03-20,In Progress,25000,1,Yes,Low,Yes,4,Medium
C003812,P0918,Road Maintenance,Pothole,Dasarahalli,2026-03-20,Closed,750,15,No,High,Yes,12,High
C003813,P0918,Road Maintenance,Pothole,Dasarahalli,2026-03-20,Closed,820,15,No,Medium,Yes,12,High
C003814,P1572,Solid Waste Management,Garbage Dump,Hennur,2026-03-20,Closed,9,,No,None,Yes,1,Low
C003815,P0655,Solid Waste Management,Garbage Not Collected,Mathikere,2026-03-20,Closed,10,1,Yes,Low,Yes,4,Medium
C003816,P2737,Solid Waste Management,Garbage Not Collected,Mathikere,2026-03-20,Closed,14,1,Yes,Low,Yes,4,Medium
C003817,P1070,Road Maintenance,Pothole,Dasarahalli,2026-03-20,Closed,910,10,No,High,Yes,12,High
C003818,P1316,Health,Stray Dog Menace,Chamrajpet,2026-03-20,In Progress,67,8,No,High,Yes,4,Critical
C003819,P1802,Road Maintenance,Pothole,Dasarahalli,2026-03-20,Closed,898,13,No,High,Yes,12,High
C003820,P2745,Solid Waste Management,Garbage Vehicle Not Arrived,Whitefield,2026-03-20,Closed,,5,No,None,Yes,2,Low
C003821,P0773,Solid Waste Management,Garbage Vehicle Not Arrived,Basavanagudi,2026-03-20,Closed,160,22,No,Low,Yes,2,High
C003822,P2204,Solid Waste Management,Garbage Not Collected,Mathikere,2026-03-20,Closed,25,3,No,Low,Yes,4,Medium
C003823,P2618,Solid Waste Management,Garbage Not Collected,Mathikere,2026-03-20,Resolved,14,2,Yes,Low,Yes,4,Medium
C003824,P2905,Street Infrastructure,Damaged Signboard,Kadugodi,2026-03-20,Resolved,420,1,No,Low,No,8,Low
C003825,P2177,Solid Waste Management,Garbage Not Collected,Mathikere,2026-03-20,Resolved,,2,Yes,None,Yes,4,Medium
C003826,P1505,Solid Waste Management,Garbage Vehicle Not Arrived,Rajajinagar,2026-03-20,Closed,200,20,Yes,Low,Yes,6,High
C003827,P2910,Public Sanitation,Public Toilet Not Maintained,Kadugodi,2026-03-20,Resolved,114,28,Yes,Medium,Yes,8,Medium
C003828,P1517,Drainage,Damaged Drain,Sadashivanagar,2026-03-21,Resolved,220,2,No,High,Yes,24,High
C003829,P0334,Sewerage,manhole overflow,Hebbal,2026-03-21,Resolved,40,7,Yes,Critical,Yes,4,Critical
C003830,P1310,Solid Waste Management,Garbage Not Collected,Mathikere,2026-03-21,Closed,20,2,Yes,Low,Yes,4,Medium
C003831,P0273,Electrical,Street Light Not Working,Mahadevapura,2026-03-21,Resolved,20,2,No,Medium,No,6,Medium
C003832,P2152,Solid Waste Management,Garbage Not Collected,Mathikere,2026-03-21,Resolved,,2,Yes,Low,No,4,Medium
C003833,P0775,Solid Waste Management,Garbage Dump,Jayanagar,2026-03-21,Closed,1000,179,No,Medium,Yes,,High
C003834,P1438,Solid Waste Management,Garbage Not Collected,Mathikere,2026-03-21,Closed,14,,Yes,Low,Yes,6,Medium
C003835,P0708,Electrical,Street Light Not Working,Electronic City,2026-03-21,Closed,190,6,No,None,No,2,Low
C003836,P0648,Solid Waste Management,Garbage Not Collected,Mathikere,2026-03-21,Resolved,10,0,Yes,Low,Yes,4,Low
C003837,P1969,Solid Waste Management,Garbage Not Collected,Mathikere,2026-03-21,Closed,14,1,Yes,Low,Yes,4,Medium
C003838,P1054,Solid Waste Management,Garbage Dumping in Vacant Site,Padmanabhanagar,2026-03-21,Closed,90,4,No,Low,No,4,Low
C003839,P1797,Public Sanitation,Public Toilet Not Maintained,Kadugodi,2026-03-21,Closed,77,28,Yes,Medium,Yes,8,Medium
C003840,P2559,Solid Waste Management,Garbage Not Collected,Mathikere,2026-03-21,Closed,14,2,Yes,Low,No,4,Medium
C003841,P0511,Solid Waste Management,Garbage Not Collected,Kadugodi,2026-03-21,Resolved,45,1,Yes,Low,Yes,4,Medium
C003842,P2138,Others,Miscellaneous Complaint,Kadugodi,2026-03-21,Resolved,65,3,No,None,No,,Low
C003843,P0473,Solid Waste Management,Garbage Not Collected,Kadugodi,2026-03-21,Resolved,50,1,Yes,Low,Yes,4,Medium
C003844,P0340,Solid Waste Management,Garbage Not Collected,Mathikere,2026-03-21,Resolved,109,20,No,Low,Yes,1,Low
C003845,P1309,Solid Waste Management,Garbage Dumping in Vacant Site,Padmanabhanagar,2026-03-21,Resolved,150,10,No,Medium,No,4,Low
C003846,P1243,Solid Waste Management,Garbage Dump,Dasarahalli,2026-03-22,Resolved,65,12,No,High,Yes,4,Medium
C003847,P0415,Street Infrastructure,Fallen Tree Branch,Chamrajpet,2026-03-22,Resolved,109,12,No,Medium,No,8,Medium
C003848,P0035,Water Supply,Pipeline Leakage,Kodigehalli,2026-03-22,Resolved,320,21,Yes,Critical,Yes,8,Critical
C003849,P0231,Road Infrastructure,Missing Manhole Cover,Kammanahalli,2026-03-22,Closed,19,1,No,Critical,No,4,Medium
C003850,P0231,Road Infrastructure,Missing Manhole Cover,Kammanahalli,2026-03-22,Closed,20,1,No,Critical,No,4,Medium
C003851,P2293,Road Maintenance,Pothole,Hosahalli,2026-03-22,Resolved,75,2,No,Medium,No,8,Low
C003852,P0634,Electrical,Street Light Not Working,Mahadevapura,2026-03-22,Closed,35,2,No,Medium,No,4,Medium
C003853,P2395,Solid Waste Management,Garbage Not Collected,Mathikere,2026-03-22,Resolved,14,2,Yes,Low,Yes,4,Medium
C003854,P2628,Solid Waste Management,Garbage Not Collected,Mathikere,2026-03-22,Closed,14,2,Yes,Low,Yes,4,Medium
C003855,P0383,Road Maintenance,Pothole,Hosahalli,2026-03-22,Closed,95,1,No,Medium,No,8,Low
C003856,P0785,Public Sanitation,Garbage Dump,Jayanagar,2026-03-22,Closed,1000,160,No,Medium,Yes,4,High
C003857,P2937,Solid Waste Management,Sweeping Not Done,Sadashivanagar,2026-03-22,Resolved,80,3,No,Low,No,4,Medium
C003858,P0470,Solid Waste Management,Garbage Not Collected,Mathikere,2026-03-22,Closed,14,2,Yes,Low,No,4,Medium
C003859,P0243,Solid Waste Management,Garbage Not Collected,Mathikere,2026-03-22,Resolved,14,1,Yes,Low,Yes,6,Medium
C003860,P2852,Drainage,Damaged Drain,Sadashivanagar,2026-03-22,Closed,220,3,No,High,Yes,24,High
C003861,P0415,Health,Stray Dog Menace,Chamrajpet,2026-03-22,Closed,55,6,No,High,No,4,High
C003862,P2291,Sewerage,Sewage Overflow,JP Nagar,2026-03-22,Closed,440,2,Yes,High,Yes,3,High
C003863,P1527,Street Infrastructure,Damaged Footpath Railing,Sadashivanagar,2026-03-22,Closed,60,12,No,Medium,Yes,,Low
C003864,P1381,Revenue Department,Trade Licence Issue,Ulsoor,2026-03-22,Resolved,15,,No,None,Yes,2,Low
C003865,P0533,Solid Waste Management,Garbage Not Collected,Mathikere,2026-03-22,Closed,14,1,Yes,Low,Yes,4,Medium
C003866,P1310,Solid Waste Management,Garbage Not Collected,Mathikere,2026-03-22,Closed,20,2,Yes,Low,Yes,4,Medium
C003867,P0524,Road Maintenance,Road Surface Damage,Jalahalli,2026-03-23,Closed,2200,424,No,High,No,12,Critical
C003868,P0051,Road Infrastructure,Speed Breaker Required,Shantinagar,2026-03-23,Resolved,80,13,No,Low,No,12,Medium
C003869,P1383,Solid Waste Management,Garbage Not Collected,Jalahalli,2026-03-23,Closed,330,1,No,Medium,Yes,0.5,Low
C003870,P0502,Electrical,Street Light Not Working,Kadugodi,2026-03-23,Closed,15,1,No,Low,Yes,1,Medium
C003871,P1979,Public Sanitation,Garbage Burning,Kodigehalli,2026-03-23,Closed,170,24,,Medium,No,2,Medium
C003872,P2291,Solid Waste Management,Garbage Dump,BTM Layout,2026-03-23,Closed,30,1,Yes,None,Yes,8,Low
C003873,P1752,Solid Waste Management,Garbage Dumping in Vacant Site,Padmanabhanagar,2026-03-23,Closed,150,9,No,Low,No,4,Low
C003874,P0524,Solid Waste Management,Garbage Not Collected,Jalahalli,2026-03-23,Resolved,330,1,No,Medium,Yes,2,Low
C003875,P2394,Water Supply,no water supply,Sarakki,2026-03-23,Resolved,290,36,Yes,None,Yes,8,High
C003876,P0436,Public Sanitation,Garbage Burning,Rajarajeshwari Nagar,2026-03-23,Resolved,65,4,No,Medium,No,2,Medium
C003877,P0497,Water Supply,Water Leakage,Mathikere,2026-03-23,Closed,29,1,No,None,No,12,Low
C003878,P0062,Road Infrastructure,Road Encroachment,Malleshwaram,2026-03-23,Resolved,95,1,No,Medium,Yes,4,Low
C003879,P2641,Solid Waste Management,Garbage Not Collected,Jalahalli,2026-03-23,Closed,330,,No,None,Yes,1,Low
C003880,P1995,Solid Waste Management,Garbage Not Collected,Jalahalli,2026-03-23,Resolved,485,138,No,Medium,Yes,2,High
C003881,P2029,Water Supply,Water Leakage,Mathikere,2026-03-23,Resolved,29,1,No,None,No,8,Low
C003882,P2814,Electrical,Street Light Not Working,Mahadevapura,2026-03-23,Closed,35,4,No,High,No,3,Medium
C003883,P0644,Solid Waste Management,Garbage Dump,Anjanapura,2026-03-23,Resolved,20,5,No,Medium,Yes,2,Medium
C003884,P0257,Drainage,Damaged Drain,Gandhinagar,2026-03-23,Resolved,257,24,No,,No,24,Medium
C003885,P0497,Solid Waste Management,Garbage Dump,Mathikere,2026-03-23,Closed,,12,Yes,High,Yes,4,Medium
C003886,P0078,Road Maintenance,Pothole,Hosahalli,2026-03-23,Resolved,96,2,No,Medium,No,8,Low
C003887,P1721,Solid Waste Management,Garbage Not Collected,Mathikere,2026-03-23,Resolved,91,43,No,Low,Yes,2,Low
C003888,P0275,Revenue Department,Khata Related Issue,Shivajinagar,2026-03-23,Resolved,10,0,No,None,No,0.5,Low
C003889,P0199,Electrical,Street Light Not Working,Sadashivanagar,2026-03-24,Closed,16,1,No,Low,Yes,4,Low
C003890,P2093,Solid Waste Management,Sweeping Not Done,Chamrajpet,2026-03-24,Closed,30,3,No,Low,No,3,Low
C003891,P2040,Road Infrastructure,Missing Manhole Cover,Basavanagudi,2026-03-24,Closed,55,2,No,High,No,4,Low
C003892,P2937,Electrical,Street Light Not Working,Sadashivanagar,2026-03-24,Closed,30,3,No,Low,Yes,3,Low
C003893,P2668,Solid Waste Management,Garbage Not Collected,Jalahalli,2026-03-24,Resolved,302,1,No,Low,Yes,0.5,Low
C003894,P1895,Electrical,Multiple Street Lights Not Working,Yeshwanthpur,2026-03-24,Closed,130,4,No,Low,No,8,High
C003895,P0729,Electrical,Multiple Street Lights Not Working,Yeshwanthpur,2026-03-24,Closed,121,5,No,Low,No,8,Medium
C003896,P0814,Sewerage,Sewage Overflow,JP Nagar,2026-03-24,Closed,340,3,Yes,High,Yes,4,High
C003897,P1735,Solid Waste Management,Sweeping Not Done,Sadashivanagar,2026-03-24,Closed,80,3,No,Low,Yes,4,High
C003898,P0436,Electrical,Multiple Street Lights Not Working,Rajarajeshwari Nagar,2026-03-24,Resolved,830,250,No,High,No,8,High
C003899,P0436,Electrical,Multiple Street Lights Not Working,Rajarajeshwari Nagar,2026-03-24,Closed,830,250,No,High,No,8,High
C003900,P2348,Electrical,Multiple Street Lights Not Working,Yeshwanthpur,2026-03-24,Resolved,121,4,No,Low,No,8,Medium
C003901,P0101,Solid Waste Management,Garbage Not Collected,Jalahalli,2026-03-24,Closed,485,81,No,Medium,Yes,2,Medium
C003902,P0101,Solid Waste Management,Garbage Not Collected,Jalahalli,2026-03-24,Closed,518,81,No,Medium,Yes,2,Medium
C003903,P2093,Drainage,Damaged Drain,Chamrajpet,2026-03-24,Closed,26,1,No,Medium,Yes,36,Low
C003904,P0583,Electrical,Damaged Street Light,Malleshwaram,2026-03-24,Resolved,15,0,No,Medium,Yes,2,Low
C003905,P1106,Electrical,Street Light Not Working,Mathikere,2026-03-24,Resolved,30,1,No,Low,Yes,2,Low
C003906,P1674,Solid Waste Management,Garbage Dumping in Vacant Site,Nagarbhavi,2026-03-24,Closed,170,26,No,None,No,16,Low
C003907,P1675,Water Supply,Water Leakage,Peenya,2026-03-24,Closed,30,2,Yes,Medium,No,8,Medium
C003908,P1078,Solid Waste Management,Garbage Dump,Varthur,2026-03-24,Closed,90,21,No,None,Yes,4,Low
C003909,P0122,Electrical,Damaged Street Light,Malleshwaram,2026-03-24,Resolved,30,1,No,Low,Yes,1,Low
C003910,P0122,Electrical,Damaged Street Light,Malleshwaram,2026-03-24,Resolved,30,1,No,Low,Yes,1,Low
C003911,P1195,Solid Waste Management,Sweeping Not Done,Chamrajpet,2026-03-24,Closed,40,4,No,None,No,2,Low
C003912,P1479,Water Supply,No Water Supply,Sarakki,2026-03-24,Closed,240,54,Yes,Low,Yes,8,High
C003913,P0042,Solid Waste Management,Garbage Not Collected,Jalahalli,2026-03-24,Closed,429,1,No,Low,Yes,1,Low
C003914,P0818,Electrical,Multiple Street Lights Not Working,Yeshwanthpur,2026-03-24,Resolved,121,6,Yes,,,,Medium
C003915,P0340,Electrical,Street Light Not Working,Mathikere,2026-03-24,Resolved,35,1,No,Low,Yes,2,Low
C003916,P2641,Solid Waste Management,Garbage Not Collected,Jalahalli,2026-03-25,Resolved,485,87,No,Medium,Yes,2,Medium
C003917,P0243,Electrical,Street Light Not Working,Mathikere,2026-03-25,Resolved,35,1,No,Low,Yes,2,Low
C003918,P1781,Water Supply,Pipeline Leakage,Dasarahalli,2026-03-25,Closed,318,14,No,Medium,No,8,Low
C003919,P0497,Solid Waste Management,Garbage Dump,Mathikere,2026-03-25,Closed,30,12,Yes,High,Yes,4,Medium
C003920,P1300,Solid Waste Management,Garbage Not Collected,Jalahalli,2026-03-25,Closed,393,1,No,Low,Yes,1,Low
C003921,P2809,Sewerage,Sewage Overflow,Sadashivanagar,2026-03-25,Closed,45,2,Yes,Low,No,1,Medium
C003922,P2088,Electrical,Street Light Not Working,Mathikere,2026-03-25,Closed,35,1,No,Low,No,2,Low
C003923,P1378,Solid Waste Management,Garbage Vehicle Not Arrived,Anjanapura,2026-03-25,Closed,83,7,No,Low,No,4,Medium
C003924,P1032,Public Sanitation,Unclean Public Area,Bommanahalli,2026-03-25,Resolved,270,7,Yes,None,Yes,3,Medium
C003925,P1157,Electrical,Street Light Not Working,Sadashivanagar,2026-03-25,In Progress,30,2,No,Medium,Yes,4,Low
C003926,P0176,Solid Waste Management,Garbage Not Collected,Vijayanagar,2026-03-25,Closed,50,2,No,High,,1,Medium
C003927,P2070,Water Supply,Water Leakage,Mathikere,2026-03-25,Closed,110,5,No,High,Yes,8,High
C003928,P1095,Electrical,Street Light Not Working,Chamrajpet,2026-03-25,Closed,65,4,,Medium,Yes,0.5,Low
C003929,P0456,Electrical,Street Light Not Working,Hennur,2026-03-25,Closed,34,14,No,Low,No,2,Low
C003930,P0045,Electrical,Street Light Not Working,Sadashivanagar,2026-03-25,Closed,15,1,No,Low,Yes,3,Low
C003931,P2486,Solid Waste Management,Garbage Not Collected,Sarakki,2026-03-25,Assigned,75,7,No,Low,Yes,6,Medium
C003932,P1208,Solid Waste Management,Garbage Dumping in Vacant Site,Nagarbhavi,2026-03-25,Closed,170,44,No,None,No,8,Low
C003933,P1995,Solid Waste Management,Garbage Not Collected,Jalahalli,2026-03-25,Resolved,330,1,No,Low,Yes,0.5,Low
C003934,P1718,Electrical,Street Light Not Working,Hennur,2026-03-25,Resolved,22,6,No,Low,No,3,Low
C003935,P1359,Street Infrastructure,Damaged Footpath Railing,Varthur,2026-03-25,Resolved,40,11,No,High,No,8,Medium
C003936,P0341,Solid Waste Management,Garbage Not Collected,Whitefield,2026-03-25,Resolved,250,26,Yes,Medium,No,4,Medium
C003937,P2056,Electrical,Street Light Not Working,Chamrajpet,2026-03-25,Closed,65,2,No,Medium,Yes,0.5,Low
C003938,P1753,Solid Waste Management,Garbage Not Collected,Jalahalli,2026-03-25,Closed,570,108,No,Medium,Yes,2,Medium
C003939,P1439,Electrical,Street Light Not Working,Hennur,2026-03-25,Closed,40,13,No,Low,,2,Low
C003940,P1314,Electrical,Multiple Street Lights Not Working,Varthur,2026-03-25,Closed,410,29,No,Medium,No,6,High
C003941,P1472,Solid Waste Management,Garbage Not Collected,Whitefield,2026-03-26,Closed,250,19,Yes,Medium,No,3,High
C003942,P0867,Electrical,Street Light Not Working,Chamrajpet,2026-03-26,Closed,65,5,No,Medium,Yes,1,Low
C003943,P1601,Water Supply,No Water Supply,Domlur,2026-03-26,Closed,75,8,Yes,Medium,Yes,8,Critical
C003944,P1606,Water Supply,No Water Supply,Domlur,2026-03-26,Closed,130,14,Yes,Medium,Yes,8,Critical
C003945,P2955,Others,Stray Cattle on Road,Chamrajpet,2026-03-26,Closed,17,1,No,Medium,No,8,Low
C003946,P0011,Solid Waste Management,Garbage Not Collected,Whitefield,2026-03-26,Closed,3000,23,Yes,High,No,4,Medium
C003947,P1145,Water Supply,No Water Supply,Domlur,2026-03-26,Closed,75,6,Yes,Low,Yes,8,Critical
C003948,P0661,Water Supply,No Water Supply,Domlur,2026-03-26,Closed,75,8,Yes,Medium,No,8,Critical
C003949,P0775,Electrical,Multiple Street Lights Not Working,Jayanagar,2026-03-26,Resolved,500,105,No,High,No,3,Critical
C003950,P2955,Electrical,Street Light Not Working,Chamrajpet,2026-03-26,Closed,65,3,No,Medium,Yes,0.5,Low
C003951,P2785,Water Supply,No Water Supply,Domlur,2026-03-26,Closed,75,6,Yes,Medium,Yes,8,Critical
C003952,P0334,Public Sanitation,Unclean Public Area,Hebbal,2026-03-26,Resolved,170,30,Yes,Medium,Yes,8,Medium
C003953,P2797,Road Maintenance,Road Surface Damage,Mathikere,2026-03-26,Closed,,1,No,High,No,4,High
C003954,P2608,Water Supply,No Water Supply,Domlur,2026-03-26,Resolved,,11,Yes,Medium,Yes,12,Critical
C003955,P1741,Water Supply,No Water Supply,Domlur,2026-03-26,In Progress,95,8,Yes,Low,Yes,8,Critical
C003956,P0814,Water Supply,No Water Supply,Domlur,2026-03-26,Closed,60,6,Yes,Medium,Yes,8,Critical
C003957,P0460,Road Maintenance,Footpath Damage,Shantinagar,2026-03-26,Closed,84,4,No,Low,Yes,4,Medium
C003958,P0787,Road Maintenance,Road Surface Damage,Mathikere,2026-03-26,Closed,60,2,No,Medium,No,4,Critical
C003959,P0871,Street Infrastructure,Damaged Signboard,Domlur,2026-03-26,Closed,170,16,No,Medium,No,8,Medium
C003960,P0207,Electrical,Multiple Street Lights Not Working,Jayanagar,2026-03-26,Closed,500,54,Yes,High,No,4,Critical
C003961,P0263,Drainage,Damaged Drain,Chamrajpet,2026-03-26,Closed,25,2,No,Medium,No,48,Low
C003962,P2998,Road Maintenance,Footpath Damage,Shantinagar,2026-03-26,Closed,100,5,No,Low,Yes,4,Medium
C003963,P0596,Drainage,Drain Blockage,Kengeri,2026-03-26,Resolved,330,55,Yes,Medium,No,4,High
C003964,P0619,Electrical,Street Light Not Working,Kadugodi,2026-03-26,Resolved,15,1,Yes,Low,Yes,2,Low
C003965,P0023,Electrical,Street Light Not Working,Byatarayanapura,2026-03-26,Closed,65,5,No,Low,No,4,Medium
C003966,P1813,Public Sanitation,Unclean Public Area,Whitefield,2026-03-26,Resolved,120,16,No,None,Yes,8,Low
C003967,P2940,Water Supply,Water Leakage,Mathikere,2026-03-26,Closed,112,5,No,High,Yes,12,High
C003968,P2415,Water Supply,Water Leakage,Mathikere,2026-03-26,Closed,140,9,No,High,Yes,16,High
C003969,P0107,Road Maintenance,Footpath Damage,Shantinagar,2026-03-26,Resolved,100,6,No,Medium,Yes,4,Medium
C003970,P1860,Solid Waste Management,Garbage Not Collected,Jayanagar,2026-03-27,Closed,560,41,Yes,Low,No,1,Low
C003971,P1133,Road Maintenance,Pothole,Sarakki,2026-03-27,Closed,46,1,No,Low,No,2,Low
C003972,P0870,Water Supply,Pipeline Leakage,Dasarahalli,2026-03-27,In Progress,250,14,No,None,No,12,Low
C003973,P2162,Solid Waste Management,Garbage Not Collected,Jayanagar,2026-03-27,Closed,380,32,Yes,Low,No,1,Low
C003974,P2789,Electrical,Street Light Not Working,Malleshwaram,2026-03-27,Closed,30,1,No,Low,No,0.5,Medium
C003975,P2196,Electrical,Multiple Street Lights Not Working,Jayanagar,2026-03-27,Resolved,500,79,No,High,No,4,Critical
C003976,P1095,Road Maintenance,Footpath Damage,Chamrajpet,2026-03-27,Closed,25,4,Yes,High,No,12,Medium
C003977,P2120,Others,Miscellaneous Complaint,Hosahalli,2026-03-27,Resolved,20,4,No,Low,Yes,3,Medium
C003978,P1563,Road Maintenance,Footpath Damage,Ulsoor,2026-03-27,Resolved,250,34,No,Low,No,8,Medium
C003979,P1563,Road Maintenance,Footpath Damage,Ulsoor,2026-03-27,Resolved,250,34,No,Low,No,8,Medium
C003980,P2920,Water Supply,No Water Supply,Domlur,2026-03-27,Closed,35,8,Yes,Medium,Yes,8,Critical
C003981,P0347,Road Maintenance,Pothole,Sarakki,2026-03-27,Closed,46,1,No,Low,No,3,Low
C003982,P0076,Water Supply,No Water Supply,Domlur,2026-03-27,Resolved,85,8,Yes,Medium,Yes,12,Critical
C003983,P1762,Electrical,Street Light Not Working,Yelahanka,2026-03-27,Closed,45,6,No,High,Yes,0.5,Medium
C003984,P2384,Solid Waste Management,Garbage Not Collected,Vijayanagar,2026-03-27,Closed,50,3,No,High,No,1,Medium
C003985,P0069,Water Supply,No Water Supply,Domlur,2026-03-27,Closed,57,6,Yes,Medium,Yes,6,Critical
C003986,P2893,Road Maintenance,Road Surface Damage,Mathikere,2026-03-27,Resolved,50,1,No,Medium,No,6,High
C003987,P2238,Electrical,Street Light Not Working,Malleshwaram,2026-03-27,Closed,30,3,No,Low,Yes,2,Medium
C003988,P2252,Solid Waste Management,Garbage Not Collected,Vijayanagar,2026-03-27,Resolved,100,5,Yes,High,No,0.5,Medium
C003989,P0789,Solid Waste Management,Garbage Vehicle Not Arrived,Anjanapura,2026-03-27,Closed,55,4,No,,No,4,Medium
C003990,P0318,Road Maintenance,Footpath Damage,Marathahalli,2026-03-27,Resolved,60,2,No,Medium,No,4,Low
C003991,P0605,Water Supply,No Water Supply,Domlur,2026-03-27,Closed,75,8,Yes,Medium,Yes,8,Critical
C003992,P1092,Water Supply,No Water Supply,Domlur,2026-03-27,Resolved,120,14,Yes,Medium,Yes,8,Critical
C003993,P1753,Solid Waste Management,Garbage Not Collected,Jalahalli,2026-03-27,Closed,570,108,No,Medium,Yes,2,Medium
C003994,P2772,Road Maintenance,Road Maintenance Required,Vijayanagar,2026-03-27,Closed,160,1,No,Medium,No,2,High
C003995,P2044,Electrical,Multiple Street Lights Not Working,Jayanagar,2026-03-27,Closed,446,51,No,High,No,4,Critical
C003996,P0771,Sewerage,Sewer Line Blockage,Varthur,2026-03-28,Resolved,365,22,Yes,Medium,No,4,Medium
C003997,P1618,Electrical,Damaged Street Light,Shantinagar,2026-03-28,Closed,16,,No,Low,Yes,4,Medium
C003998,P1054,Road Maintenance,Road Maintenance Required,Padmanabhanagar,2026-03-28,Resolved,25000,2,No,None,Yes,2,Low
C003999,P1493,Water Supply,No Water Supply,Domlur,2026-03-28,Resolved,63,6,Yes,Low,Yes,8,High
C004000,P2870,Water Supply,No Water Supply,Domlur,2026-03-28,Closed,75,10,Yes,High,Yes,8,Critical
C004001,P1429,Street Infrastructure,Damaged Footpath Railing,Kadugodi,2026-03-28,Closed,35,0,No,Critical,No,4,High
C004002,P2559,Water Supply,Pipeline Leakage,Mathikere,2026-03-28,Closed,170,15,Yes,None,Yes,24,Low
C004003,P0721,Road Maintenance,Pothole,Sarakki,2026-03-28,Resolved,46,1,No,Low,No,2,Low
C004004,P1931,Water Supply,No Water Supply,Domlur,2026-03-28,Closed,75,6,Yes,Medium,Yes,12,Critical
C004005,P0497,Public Sanitation,Garbage Burning,Mathikere,2026-03-28,Closed,95,100,No,Critical,Yes,2,High
C004006,P1640,Water Supply,No Water Supply,Domlur,2026-03-28,Resolved,75,14,Yes,Medium,Yes,8,Critical
C004007,P2920,Water Supply,No Water Supply,Domlur,2026-03-28,Closed,35,8,Yes,Medium,Yes,8,Critical
C004008,P2115,Road Maintenance,Pothole,Anjanapura,2026-03-28,Closed,230,6,No,High,No,4,Critical
C004009,P2003,Public Sanitation,Garbage Burning,Mathikere,2026-03-28,Closed,120,20,No,High,Yes,2,High
C004010,P2070,Drainage,Drain Overflow,Mathikere,2026-03-28,Closed,80,17,Yes,High,Yes,4,High
C004011,P2242,Solid Waste Management,Garbage Not Collected,Jayanagar,2026-03-29,Resolved,380,49,Yes,Low,No,2,Low
C004012,P0956,Road Maintenance,Road Surface Damage,Ulsoor,2026-03-29,Resolved,420,0,No,Low,No,3,Low
C004013,P0497,Public Sanitation,Public Toilet Not Maintained,Mathikere,2026-03-29,Resolved,20,1,No,None,Yes,2,Low
C004014,P1817,Solid Waste Management,Garbage Vehicle Not Arrived,Hosahalli,2026-03-29,Resolved,30,0,Yes,Medium,No,2,Low
C004015,P0608,Road Maintenance,Footpath Damage,Ulsoor,2026-03-29,Resolved,180,22,No,Low,Yes,12,Medium
C004016,P2440,Solid Waste Management,Sweeping Not Done,Varthur,2026-03-29,Resolved,45,2,No,None,No,1,Medium
C004017,P2575,Road Maintenance,Pothole,Anjanapura,2026-03-29,Closed,160,3,No,High,Yes,4,Critical
C004018,P2575,Road Maintenance,Pothole,Anjanapura,2026-03-29,Closed,160,3,No,Medium,Yes,4,Critical
C004019,P1658,Electrical,Street Light Not Working,Sarakki,2026-03-29,Resolved,20,3,No,High,No,2,High
C004020,P1737,Road Maintenance,Footpath Damage,Bellandur,2026-03-29,Closed,30,2,No,Low,No,12,Low
C004021,P0943,Electrical,Damaged Street Light,Kodigehalli,2026-03-29,In Progress,,0,No,Low,Yes,6,Low
C004022,P0608,Public Sanitation,Unclean Public Area,Ulsoor,2026-03-29,Closed,60,2,No,None,Yes,8,Low
C004023,P0893,Electrical,Damaged Street Light,Kodigehalli,2026-03-29,In Progress,6,0,No,Low,,4,Low
C004024,P1012,Sewerage,Sewer Line Blockage,Varthur,2026-03-29,Closed,400,29,Yes,Medium,No,4,Medium
C004025,P0417,Electrical,Street Light Not Working,Sarakki,2026-03-29,Closed,25,3,,Critical,No,2,High
C004026,P1813,Solid Waste Management,Garbage Not Collected,Whitefield,2026-03-29,Closed,99,1,Yes,Low,Yes,4,Low
C004027,P2602,Public Sanitation,Unclean Public Area,Sarakki,2026-03-29,Closed,75,11,Yes,Low,Yes,6,Medium
C004028,P0145,Electrical,Street Light Not Working,Sarakki,2026-03-29,Closed,25,3,No,High,No,2,High
C004029,P2483,Electrical,Street Light Not Working,Sarakki,2026-03-30,Closed,25,4,No,High,No,2,High
C004030,P2144,Electrical,Multiple Street Lights Not Working,Hennur,2026-03-30,Closed,100,5,No,None,No,8,Low
C004031,P1323,Solid Waste Management,Sweeping Not Done,Varthur,2026-03-30,Closed,130,35,No,None,Yes,1,Low
C004032,P0883,Sewerage,Sewer Line Blockage,Mahadevapura,2026-03-30,Closed,20,5,Yes,Medium,No,1,Medium
C004033,P2615,Sewerage,Sewer Line Blockage,Mahadevapura,2026-03-30,Closed,20,4,Yes,Low,No,2,Medium
C004034,P1495,Electrical,Street Light Not Working,Sarakki,2026-03-30,Closed,25,3,No,Medium,No,2,High
C004035,P2046,Sewerage,Sewer Line Blockage,Mahadevapura,2026-03-30,Closed,20,6,Yes,Low,No,2,Medium
C004036,P2810,Electrical,Street Light Not Working,Yeshwanthpur,2026-03-30,Resolved,40,2,Yes,Low,Yes,8,High
C004037,P1590,Solid Waste Management,Garbage Vehicle Not Arrived,Hosahalli,2026-03-30,Resolved,25,0,Yes,Low,No,2,Low
C004038,P1793,Sewerage,Sewer Line Blockage,Mahadevapura,2026-03-30,Resolved,20,6,Yes,Low,No,2,Medium
C004039,P0758,Sewerage,Sewer Line Blockage,Mahadevapura,2026-03-30,Resolved,20,8,Yes,Low,No,2,Medium
C004040,P0264,Sewerage,Sewer Line Blockage,Mahadevapura,2026-03-30,Resolved,25,6,Yes,Medium,No,2,High
C004041,P0566,Water Supply,Water Leakage,Yeshwanthpur,2026-03-30,Closed,100,3,Yes,High,No,4,Medium
C004042,P2227,Sewerage,Sewer Line Blockage,Mahadevapura,2026-03-30,Closed,20,7,Yes,Low,No,3,Medium
C004043,P2559,Drainage,Drain Overflow,Mathikere,2026-03-30,Closed,90,18,Yes,High,Yes,4,High
C004044,P0914,Solid Waste Management,Garbage Not Collected,Whitefield,2026-03-30,Resolved,60,1,Yes,Low,Yes,4,Low
C004045,P1829,Public Sanitation,Public Toilet Not Maintained,Mathikere,2026-03-30,Closed,20,2,No,None,Yes,2,Low
C004046,P1859,Electrical,Street Light Not Working,Dasarahalli,2026-03-30,In Progress,15,1,No,Low,Yes,1,Medium
C004047,P0471,Solid Waste Management,Garbage Not Collected,Whitefield,2026-03-30,Closed,140,2,Yes,Low,Yes,3,Low
C004048,P0439,Road Maintenance,Road Maintenance Required,Yelahanka,2026-03-30,Resolved,20,1,No,None,Yes,8,Low
C004049,P1686,Electrical,Multiple Street Lights Not Working,Hennur,2026-03-30,Resolved,68,4,No,Low,Yes,8,Low
C004050,P2045,Water Supply,Water Leakage,Yeshwanthpur,2026-03-30,Closed,95,3,Yes,High,No,4,Medium
C004051,P1117,Sewerage,Sewer Line Blockage,Mahadevapura,2026-03-30,Resolved,15,6,,Low,No,2,Medium
C004052,P2559,Solid Waste Management,Garbage Not Collected,Mathikere,2026-03-30,Resolved,80,12,Yes,None,Yes,2,Low
C004053,P1992,Road Maintenance,Pothole,Anjanapura,2026-03-30,Closed,170,5,No,High,Yes,6,High
C004054,P2311,Solid Waste Management,Garbage Not Collected,Mathikere,2026-03-30,Resolved,100,17,Yes,None,Yes,2,Low
C004055,P2344,Sewerage,Sewer Line Blockage,Mahadevapura,2026-03-30,Resolved,20,6,Yes,Low,No,2,Medium
C004056,P0846,Solid Waste Management,Sweeping Not Done,Varthur,2026-03-30,Closed,45,2,No,None,No,0.5,Medium
C004057,P0806,Solid Waste Management,Garbage Not Collected,Begur,2026-03-30,In Progress,65,14,Yes,Low,Yes,1,Medium
C004058,P0641,Water Supply,Water Leakage,Yeshwanthpur,2026-03-30,Resolved,100,6,Yes,High,No,3,Medium
C004059,P2595,Sewerage,Sewer Line Blockage,Mahadevapura,2026-03-30,Resolved,20,5,Yes,Low,No,2,Medium
C004060,P0723,Road Maintenance,Road Maintenance Required,Hoodi,2026-03-31,Closed,265,10,No,Medium,No,2,Medium
C004061,P0647,Road Maintenance,Road Maintenance Required,Hoodi,2026-03-31,Resolved,,14,No,Medium,Yes,2,Medium
C004062,P0994,Sewerage,Sewer Line Blockage,Mahadevapura,2026-03-31,Closed,20,6,Yes,Medium,No,2,Medium
C004063,P0403,Road Maintenance,Footpath Damage,Rajajinagar,2026-03-31,Resolved,9,1,No,Low,No,3,Low
C004064,P1159,Solid Waste Management,Garbage Vehicle Not Arrived,Mathikere,2026-03-31,Resolved,30,3,Yes,Medium,No,4,Medium
C004065,P2750,Solid Waste Management,Garbage Not Collected,Yelahanka,2026-03-31,Closed,240,28,No,None,Yes,2,Medium
C004066,P1073,Electrical,Damaged Street Light,Kodigehalli,2026-03-31,In Progress,6,0,No,Low,Yes,3,Low
C004067,P0244,Sewerage,Sewer Line Blockage,Mahadevapura,2026-03-31,Closed,,5,Yes,Low,No,2,Medium
C004068,P0497,Solid Waste Management,Garbage Vehicle Not Arrived,Mathikere,2026-03-31,Closed,32,2,Yes,Medium,No,4,Medium
C004069,P0872,Sewerage,Sewer Line Blockage,Mahadevapura,2026-03-31,Closed,20,8,Yes,Low,No,1,Medium
C004070,P2860,Health,Increase in Mosquito Density,JP Nagar,2026-03-31,Resolved,70,11,No,None,No,16,Low
C004071,P1193,Solid Waste Management,Sweeping Not Done,Sarakki,2026-03-31,Resolved,90,1,Yes,Low,No,2,Low
C004072,P2152,Water Supply,Pipeline Leakage,Mathikere,2026-03-31,Closed,520,45,Yes,Medium,Yes,8,High
C004073,P0996,Solid Waste Management,Garbage Not Collected,Chamrajpet,2026-03-31,Closed,95,6,Yes,None,Yes,1,Low
C004074,P2079,Solid Waste Management,Garbage Vehicle Not Arrived,Mathikere,2026-03-31,Resolved,32,,Yes,Medium,No,4,Medium
C004075,P2721,Sewerage,Sewer Line Blockage,Mahadevapura,2026-03-31,Resolved,20,5,Yes,Low,No,2,Medium
C004076,P2889,Sewerage,Sewer Line Blockage,Mahadevapura,2026-03-31,Closed,13,4,Yes,Low,No,1,Medium
C004077,P2887,Sewerage,Sewer Line Blockage,Mahadevapura,2026-04-01,Closed,10,4,Yes,Low,No,2,Medium
C004078,P0379,Sewerage,Sewer Line Blockage,Mahadevapura,2026-04-01,Closed,10,3,Yes,Medium,No,2,Medium
C004079,P1917,Street Infrastructure,Damaged Footpath Railing,Sadashivanagar,2026-04-01,Closed,170,3,No,Medium,No,8,Medium
C004080,P2059,Solid Waste Management,Garbage Not Collected,Yeshwanthpur,2026-04-01,Closed,34,10,No,Low,Yes,2,Low
C004081,P0157,Solid Waste Management,Garbage Vehicle Not Arrived,Mathikere,2026-04-01,Closed,20,,Yes,Medium,No,4,Medium
C004082,P1452,Solid Waste Management,Garbage Vehicle Not Arrived,Byatarayanapura,2026-04-01,Closed,70,4,Yes,None,Yes,2,Medium
C004083,P2107,Electrical,Street Light Not Working,Dasarahalli,2026-04-01,Resolved,15,1,No,Low,No,0.5,High
C004084,P0243,Solid Waste Management,Garbage Vehicle Not Arrived,Mathikere,2026-04-01,Closed,32,3,Yes,Medium,,3,Medium
C004085,P0387,Sewerage,Sewer Line Blockage,Mahadevapura,2026-04-01,Resolved,20,8,Yes,None,No,2,Medium
C004086,P0012,Sewerage,Sewer Line Blockage,Mahadevapura,2026-04-01,Resolved,20,8,Yes,Low,No,2,Medium
C004087,P2930,Solid Waste Management,Garbage Vehicle Not Arrived,Byatarayanapura,2026-04-01,Closed,55,,Yes,None,Yes,2,Medium
C004088,P1949,Health,Increase in Mosquito Density,JP Nagar,2026-04-01,Resolved,50,8,No,None,No,16,Low
C004089,P2687,Solid Waste Management,Garbage Vehicle Not Arrived,Mathikere,2026-04-01,Resolved,35,1,Yes,Medium,Yes,3,Medium
C004090,P2623,Sewerage,Sewer Line Blockage,Mahadevapura,2026-04-01,Closed,20,6,Yes,None,No,2,Medium
C004091,P0648,Solid Waste Management,Garbage Vehicle Not Arrived,Mathikere,2026-04-01,Resolved,32,2,Yes,Medium,No,4,Medium
C004092,P0270,Solid Waste Management,Garbage Vehicle Not Arrived,Byatarayanapura,2026-04-01,Resolved,73,8,Yes,None,Yes,2,Medium
C004093,P1095,Solid Waste Management,Garbage Not Collected,Chamrajpet,2026-04-01,Closed,95,8,Yes,None,Yes,1,Low
C004094,P0142,Solid Waste Management,Garbage Not Collected,Yelahanka,2026-04-01,Resolved,190,20,No,None,Yes,3,Medium
C004095,P2476,Solid Waste Management,Garbage Not Collected,Chamrajpet,2026-04-01,Closed,94,9,Yes,None,Yes,1,Low
C004096,P1899,Solid Waste Management,Garbage Not Collected,Yelahanka,2026-04-01,Closed,140,19,No,None,Yes,2,Medium
C004097,P2057,Solid Waste Management,Garbage Not Collected,Chamrajpet,2026-04-01,Resolved,95,7,Yes,None,,1,Low
C004098,P0916,Street Infrastructure,Damaged Footpath Railing,Sadashivanagar,2026-04-01,Closed,130,2,No,Medium,No,8,Low
C004099,P1411,Road Maintenance,Road Maintenance Required,Hoodi,2026-04-01,Closed,265,21,No,Medium,No,2,Medium
C004100,P0337,Solid Waste Management,Garbage Not Collected,Yeshwanthpur,2026-04-01,Closed,34,4,No,Low,Yes,1,Low
C004101,P1618,Road Infrastructure,Missing Manhole Cover,Shantinagar,2026-04-01,Closed,35,3,No,Low,Yes,2,Low
C004102,P2267,Solid Waste Management,Garbage Vehicle Not Arrived,Mathikere,2026-04-01,Resolved,32,2,Yes,Medium,No,4,Medium
C004103,P1785,Solid Waste Management,Garbage Not Collected,Chamrajpet,2026-04-02,Closed,110,5,Yes,None,Yes,2,Low
C004104,P2337,Water Supply,Pipeline Leakage,HSR Layout,2026-04-02,Closed,120,6,Yes,,No,12,Medium
C004105,P0227,Solid Waste Management,Garbage Not Collected,Bellandur,2026-04-02,In Progress,30,4,Yes,None,Yes,4,Low
C004106,P1297,Water Supply,No Water Supply,Kadugodi,2026-04-02,Closed,280,11,Yes,Medium,Yes,2,Medium
C004107,P1048,Solid Waste Management,Garbage Vehicle Not Arrived,Byatarayanapura,2026-04-02,Resolved,130,12,Yes,None,Yes,2,Medium
C004108,P1791,Water Supply,Pipeline Leakage,HSR Layout,2026-04-02,Closed,120,14,Yes,Low,No,12,Medium
C004109,P1095,Water Supply,Pipeline Leakage,HSR Layout,2026-04-02,Resolved,120,6,Yes,Low,No,12,Medium
C004110,P2785,Revenue Department,Trade Licence Issue,Domlur,2026-04-02,Closed,1,0,No,None,Yes,1,Low
C004111,P2855,Solid Waste Management,Garbage Not Collected,Chamrajpet,2026-04-02,Resolved,95,7,Yes,None,Yes,2,Low
C004112,P0974,Solid Waste Management,Garbage Vehicle Not Arrived,Mathikere,2026-04-02,Closed,30,4,Yes,Medium,No,4,Medium
C004113,P0974,Others,Stray Cattle on Road,Mathikere,2026-04-02,Closed,530,9,No,High,No,3,Low
C004114,P1046,Public Sanitation,Garbage Dump,Hennur,2026-04-02,Closed,120,1,No,None,Yes,2,Low
C004115,P0215,Solid Waste Management,Garbage Not Collected,Hoodi,2026-04-02,Resolved,230,23,Yes,Medium,Yes,2,Medium
C004116,P0748,Solid Waste Management,Garbage Dumping in Vacant Site,Gandhinagar,2026-04-02,Closed,22,1,No,Medium,,8,Low
C004117,P1191,Road Infrastructure,Road Signage Missing,Banaswadi,2026-04-02,Assigned,100,9,No,High,No,2,High
C004118,P0868,Water Supply,Pipeline Leakage,HSR Layout,2026-04-02,Resolved,130,9,Yes,None,No,12,Medium
C004119,P0846,Solid Waste Management,Garbage Not Collected,Bellandur,2026-04-02,Resolved,28,5,Yes,None,Yes,3,Low
C004120,P0623,Water Supply,Pipeline Leakage,HSR Layout,2026-04-02,Closed,120,6,Yes,Low,No,16,Medium
C004121,P0561,Solid Waste Management,Garbage Not Collected,Yelahanka,2026-04-02,Closed,170,7,Yes,None,Yes,3,Low
C004122,P0023,Solid Waste Management,Garbage Vehicle Not Arrived,Byatarayanapura,2026-04-02,Closed,86,9,Yes,None,Yes,2,Medium
C004123,P2187,Solid Waste Management,Garbage Vehicle Not Arrived,Mathikere,2026-04-02,Closed,32,2,Yes,Medium,No,4,Medium
C004124,P1553,Solid Waste Management,Garbage Not Collected,Yelahanka,2026-04-02,Resolved,,13,No,Low,Yes,3,Low
C004125,P0593,Health,Public Health Sanitation Issue,Malleshwaram,2026-04-02,Resolved,260,,No,High,Yes,3,High
C004126,P0708,Sewerage,Sewage Overflow,Electronic City,2026-04-02,Resolved,240,37,Yes,High,No,12,High
C004127,P0960,Solid Waste Management,Garbage Not Collected,Bellandur,2026-04-02,Resolved,30,3,Yes,None,Yes,4,Low
C004128,P0349,Sewerage,Sewage Overflow,Electronic City,2026-04-02,Closed,240,41,Yes,High,No,8,High
C004129,P0142,Solid Waste Management,Garbage Not Collected,Yelahanka,2026-04-03,Closed,180,10,No,None,Yes,4,Low
C004130,P2469,Water Supply,Pipeline Leakage,HSR Layout,2026-04-03,Closed,169,10,Yes,Low,No,12,High
C004131,P0282,Solid Waste Management,Garbage Dump,Hoodi,2026-04-03,Resolved,35,0,No,None,No,8,Low
C004132,P1878,Electrical,Multiple Street Lights Not Working,Hosahalli,2026-04-03,Resolved,30,4,Yes,Medium,Yes,4,High
C004133,P1037,Solid Waste Management,Garbage Vehicle Not Arrived,Mathikere,2026-04-03,Resolved,32,2,Yes,Medium,No,6,High
C004134,P1637,Road Infrastructure,Missing Manhole Cover,Shantinagar,2026-04-03,In Progress,25,1,No,Medium,Yes,2,Low
C004135,P2089,Drainage,Drain Blockage,Kodigehalli,2026-04-03,Closed,95,29,No,Low,No,12,Medium
C004136,P1604,Solid Waste Management,Sweeping Not Done,Whitefield,2026-04-03,Resolved,190,45,Yes,Low,No,1,Low
C004137,P0044,Electrical,Damaged Street Light,Varthur,2026-04-03,Closed,32,11,Yes,Low,No,2,Medium
C004138,P0366,Solid Waste Management,Garbage Vehicle Not Arrived,Byatarayanapura,2026-04-03,Closed,60,4,Yes,None,Yes,2,Medium
C004139,P0292,Others,Illegal Construction,Hennur,2026-04-03,Assigned,15,3,No,Low,Yes,24,Low
C004140,P1134,Solid Waste Management,Garbage Not Collected,Yelahanka,2026-04-03,Closed,180,12,No,None,Yes,4,Low
C004141,P0708,Water Supply,Pipeline Leakage,Shivajinagar,2026-04-03,Resolved,500,47,Yes,Medium,Yes,6,Critical
C004142,P2550,Water Supply,Pipeline Leakage,HSR Layout,2026-04-03,Closed,180,10,Yes,Low,No,16,Medium
C004143,P1667,Water Supply,Pipeline Leakage,Shivajinagar,2026-04-03,Resolved,470,35,Yes,Critical,Yes,4,Critical
C004144,P0579,Water Supply,Pipeline Leakage,Shivajinagar,2026-04-03,Resolved,470,23,Yes,High,Yes,4,Critical
C004145,P2961,Water Supply,Pipeline Leakage,Shivajinagar,2026-04-03,Resolved,470,42,Yes,High,Yes,3,Critical
C004146,P2393,Electrical,Damaged Street Light,Malleshwaram,2026-04-03,Closed,5000,3,No,Critical,Yes,2,High
C004147,P2047,Water Supply,Pipeline Leakage,HSR Layout,2026-04-03,Closed,80,4,Yes,Low,No,12,Medium
C004148,P0664,Water Supply,Pipeline Leakage,HSR Layout,2026-04-03,Closed,85,5,Yes,Low,No,16,Medium
C004149,P2152,Road Infrastructure,Missing Manhole Cover,Rajajinagar,2026-04-03,Closed,830,17,No,Medium,No,3,Medium
C004150,P2118,Water Supply,Pipeline Leakage,Shivajinagar,2026-04-03,Resolved,370,37,Yes,High,Yes,3,Critical
C004151,P0141,Water Supply,Pipeline Leakage,Shivajinagar,2026-04-03,Resolved,470,46,Yes,Critical,Yes,3,Critical
C004152,P1682,Water Supply,Pipeline Leakage,Shivajinagar,2026-04-03,Closed,470,31,Yes,High,Yes,4,Critical
C004153,P2554,Electrical,Exposed Electrical Wires,HSR Layout,2026-04-03,Resolved,10,2,Yes,Critical,No,2,Medium
C004154,P1420,Others,Miscellaneous Complaint,Dasarahalli,2026-04-03,Resolved,10,1,No,None,Yes,6,Low
C004155,P2655,Road Maintenance,Pothole,Electronic City,2026-04-03,Closed,61,2,No,High,No,2,Medium
C004156,P0239,Water Supply,Pipeline Leakage,Shivajinagar,2026-04-03,Closed,251,31,Yes,High,Yes,6,Critical
C004157,P2894,Electrical,Multiple Street Lights Not Working,Hosahalli,2026-04-03,Resolved,40,1,No,High,Yes,2,High
C004158,P0406,Street Infrastructure,Bus Shelter Damaged,Jalahalli,2026-04-03,Closed,90,1,No,,No,12,Low
C004159,P2655,Sewerage,Sewage Overflow,Electronic City,2026-04-03,Resolved,240,32,Yes,Medium,No,8,High
C004160,P2476,Solid Waste Management,Garbage Not Collected,Chamrajpet,2026-04-04,Resolved,80,1,No,Medium,No,8,Low
C004161,P0781,Water Supply,Pipeline Leakage,Shivajinagar,2026-04-04,Resolved,470,37,Yes,High,Yes,4,Critical
C004162,P0055,Electrical,Multiple Street Lights Not Working,Vasanthnagar,2026-04-04,Closed,50,10,No,High,No,2,High
C004163,P1596,Solid Waste Management ,Garbage Dumping in Vacant Site,Shivajinagar,2026-04-04,Resolved,860,22,No,Medium,Yes,3,Low
C004164,P1627,Electrical,Exposed Electrical Wires,Mahadevapura,2026-04-04,Closed,30,2,No,Medium,Yes,2,Low
C004165,P1143,Electrical,Multiple Street Lights Not Working,Hosahalli,2026-04-04,Closed,31,1,,High,Yes,2,High
C004166,P1764,Others,Miscellaneous Complaint,Dasarahalli,2026-04-04,Resolved,15,2,No,None,Yes,4,Low
C004167,P2152,Electrical,Street Light Not Working,Mathikere,2026-04-04,Closed,25,6,No,Medium,Yes,1,Medium
C004168,P0990,Water Supply,Pipeline Leakage,HSR Layout,2026-04-04,Resolved,110,6,Yes,None,No,12,Medium
C004169,P0059,Water Supply,Pipeline Leakage,Shivajinagar,2026-04-04,Resolved,470,35,Yes,High,Yes,4,Critical
C004170,P2789,Health,Stray Dog Menace,Malleshwaram,2026-04-04,Closed,200,19,Yes,Critical,No,6,High
C004171,P1641,Water Supply,Pipeline Leakage,Shivajinagar,2026-04-04,In Progress,470,38,No,High,Yes,3,Critical
C004172,P0990,Electrical,Street Light Not Working,JP Nagar,2026-04-04,Resolved,140,16,No,Low,Yes,2,Medium
C004173,P1250,Solid Waste Management,Garbage Not Collected,Bellandur,2026-04-04,Closed,27,3,Yes,None,Yes,4,Low
C004174,P0884,Water Supply,Pipeline Leakage,HSR Layout,2026-04-04,Resolved,120,9,Yes,Low,No,12,Medium
C004175,P1220,Solid Waste Management,Garbage Not Collected,Hoodi,2026-04-04,Closed,200,20,Yes,Medium,Yes,2,Medium
C004176,P0883,Public Sanitation,Public Toilet Not Maintained,Mahadevapura,2026-04-04,Assigned,30,5,No,Medium,Yes,4,Medium
C004177,P2299,Water Supply,Pipeline Leakage,HSR Layout,2026-04-04,Resolved,120,5,No,Low,No,12,Medium
C004178,P2404,Drainage,Drain Overflow,Sarakki,2026-04-04,Closed,780,139,Yes,Medium,Yes,36,High
C004179,P0068,Water Supply,Pipeline Leakage,Shivajinagar,2026-04-04,Closed,,36,Yes,High,Yes,4,Critical
C004180,P1650,Solid Waste Management,Garbage Vehicle Not Arrived,Vijayanagar,2026-04-04,Closed,160,23,No,Low,No,4,Low
C004181,P1650,Solid Waste Management,Garbage Vehicle Not Arrived,Vijayanagar,2026-04-04,Registered,159,23,No,Low,No,4,Low
C004182,P1906,Water Supply,Pipeline Leakage,Shivajinagar,2026-04-04,Closed,470,47,Yes,High,Yes,4,High
C004183,P1791,Electrical,Exposed Electrical Wires,HSR Layout,2026-04-04,Closed,15,3,No,Critical,Yes,2,Medium
C004184,P1865,Electrical,Multiple Street Lights Not Working,Hosahalli,2026-04-04,Resolved,30,2,Yes,Medium,Yes,4,High
C004185,P2003,Electrical,Street Light Not Working,Mathikere,2026-04-04,Closed,25,7,No,Low,Yes,1,Medium
C004186,P2128,Sewerage,Sewage Overflow,Electronic City,2026-04-04,Resolved,340,53,Yes,High,No,8,High
C004187,P0261,Others,stray cattle on road,Mathikere,2026-04-04,Closed,620,10,No,High,No,4,Medium
C004188,P0965,Road Maintenance,Pothole,Electronic City,2026-04-04,Resolved,60,2,No,High,No,2,Medium
C004189,P0428,Road Infrastructure,Road Signage Missing,Basavanagudi,2026-04-04,Closed,140,10,No,Low,No,8,Low
C004190,P2063,Solid Waste Management,Garbage Vehicle Not Arrived,Vijayanagar,2026-04-04,Closed,136,12,No,Low,No,4,Low
C004191,P0344,Health,Stray Dog Menace,Malleshwaram,2026-04-04,Closed,450,37,No,Critical,No,4,High
C004192,P0284,Health,Stray Dog Menace,Malleshwaram,2026-04-04,Resolved,340,54,No,Critical,No,6,High
C004193,P2756,Water Supply,Pipeline Leakage,Shivajinagar,2026-04-04,Resolved,313,23,Yes,High,Yes,3,Critical
C004194,P2108,Water Supply,Pipeline Leakage,Shivajinagar,2026-04-04,Resolved,470,35,Yes,High,Yes,3,Critical
C004195,P1010,Road Maintenance,Pothole,Koramangala,2026-04-04,Closed,279,34,No,Critical,No,16,Critical
C004196,P1767,Sewerage,Manhole Overflow,Basavanagudi,2026-04-04,Closed,55,7,No,Medium,No,,Low
C004197,P0678,Water Supply,Pipeline Leakage,Shivajinagar,2026-04-04,Closed,470,49,Yes,High,Yes,4,Critical
C004198,P2481,Sewerage,Sewer Line Blockage,JP Nagar,2026-04-04,Closed,15,2,No,Medium,No,6,High
C004199,P2023,Electrical,Street Light Not Working,Mathikere,2026-04-04,Resolved,27,7,No,Low,Yes,1,Medium
C004200,P2633,Road Maintenance,Pothole,Koramangala,2026-04-05,Closed,350,40,No,High,No,12,Critical
C004201,P2633,Road Maintenance,Pothole,Koramangala,2026-04-05,Closed,270,40,No,High,No,12,Critical
C004202,P0911,Drainage,Drain Overflow,Sarakki,2026-04-05,Closed,780,175,Yes,Medium,Yes,24,High
C004203,P0341,Solid Waste Management,Garbage Not Collected,Whitefield,2026-04-05,Closed,80,14,Yes,None,No,2,Medium
C004204,P0933,Electrical,Damaged Street Light,Domlur,2026-04-05,Resolved,50,11,No,Medium,No,4,Medium
C004205,P0883,Electrical,Exposed Electrical Wires,Mahadevapura,2026-04-05,Resolved,20,1,No,Medium,No,3,Low
C004206,P2392,Road Maintenance,Road Maintenance Required,Mathikere,2026-04-05,Resolved,20,4,No,Low,Yes,12,Low
C004207,P1323,Electrical,Damaged Street Light,Varthur,2026-04-05,Resolved,50,14,No,Low,No,2,Medium
C004208,P1653,Water Supply,Pipeline Leakage,Shivajinagar,2026-04-05,Resolved,530,35,Yes,Medium,Yes,4,Critical
C004209,P0651,Solid Waste Management,Garbage Not Collected,Whitefield,2026-04-05,Resolved,80,17,Yes,None,,2,Medium
C004210,P0878,Road Infrastructure,Road Encroachment,Kadugodi,2026-04-05,Assigned,20,2,No,Low,No,4,Low
C004211,P2932,Electrical,Multiple Street Lights Not Working,Malleshwaram,2026-04-05,Closed,320,77,No,Critical,Yes,12,Critical
C004212,P2784,Electrical,Street Light Not Working,Bommanahalli,2026-04-05,Closed,35,2,No,Medium,Yes,1,Low
C004213,P1332,Road Maintenance,Pothole,Koramangala,2026-04-05,Closed,390,59,No,High,No,12,Critical
C004214,P1332,Road Maintenance,Pothole,Koramangala,2026-04-05,Closed,390,59,No,High,No,12,Critical
C004215,P2110,Drainage,Drain Overflow,Sarakki,2026-04-05,In Progress,780,133,Yes,Medium,No,36,High
C004216,P2212,Solid Waste Management,Sweeping Not Done,Hosahalli,2026-04-05,Closed,60,,No,Low,No,4,Medium
C004217,P0616,Electrical,Damaged Street Light,Kammanahalli,2026-04-05,Closed,25,2,No,Critical,No,8,Critical
C004218,P1797,Solid Waste Management,Garbage Not Collected,Kadugodi,2026-04-06,Resolved,45,2,Yes,Medium,Yes,8,High
C004219,P0482,Street Infrastructure,Damaged Footpath Railing,Rajajinagar,2026-04-06,Resolved,95,10,No,,No,8,High
C004220,P2812,Solid Waste Management,Garbage Not Collected,Kadugodi,2026-04-06,Closed,45,1,Yes,Medium,Yes,12,High
C004221,P2405,Solid Waste Management,Garbage Not Collected,Rajarajeshwari Nagar,2026-04-06,Closed,170,11,No,Low,No,2,Low
C004222,P0544,Solid Waste Management,Garbage Not Collected,Kadugodi,2026-04-06,Resolved,45,2,Yes,Medium,No,12,High
C004223,P1005,Revenue Department,Trade Licence Issue,Mathikere,2026-04-06,Closed,35,3,No,None,Yes,1,Low
C004224,P1488,Street Infrastructure,Damaged Footpath Railing,Rajajinagar,2026-04-06,Resolved,110,16,No,High,No,8,High
C004225,P0073,Solid Waste Management,Garbage Not Collected,JP Nagar,2026-04-06,Closed,40,6,No,None,No,2,Low
C004226,P1663,Solid Waste Management,Garbage Not Collected,Kadugodi,2026-04-06,Resolved,45,1,Yes,High,No,8,High
C004227,P2510,Solid Waste Management,Garbage Vehicle Not Arrived,Vijayanagar,2026-04-06,Closed,199,10,No,Low,No,4,Low
C004228,P1213,Solid Waste Management,Garbage Dump,Mahadevapura,2026-04-06,Resolved,45,1,No,Low,Yes,3,Low
C004229,P0521,Solid Waste Management,Garbage Not Collected,Kadugodi,2026-04-06,Resolved,40,1,Yes,Medium,Yes,6,High
C004230,P2377,Solid Waste Management,Garbage Dump,Padmanabhanagar,2026-04-06,Closed,25,0,No,Low,Yes,2,Medium
C004231,P0394,Solid Waste Management,Garbage Not Collected,Rajarajeshwari Nagar,2026-04-06,Closed,171,8,No,Low,No,1,Medium
C004232,P0394,Solid Waste Management,Garbage Not Collected,Rajarajeshwari Nagar,2026-04-06,Closed,183,8,No,Low,No,1,Medium
C004233,P2756,Water Supply,Pipeline Leakage,Shivajinagar,2026-04-06,Resolved,313,23,Yes,High,,3,Critical
C004234,P1817,Revenue Department,Khata Related Issue,Hosahalli,2026-04-06,Closed,1,0,No,None,Yes,0.5,Medium
C004235,P0437,Electrical,Damaged Street Light,Basavanagudi,2026-04-06,Resolved,10,1,No,Critical,No,3,High
C004236,P1501,Street Infrastructure,Bus Shelter Damaged,Varthur,2026-04-06,Closed,178,7,No,Medium,No,6,Low
C004237,P1479,Drainage,Drain Overflow,Sarakki,2026-04-06,Resolved,834,102,Yes,Medium,Yes,48,High
C004238,P0123,Solid Waste Management,Garbage Not Collected,Kadugodi,2026-04-06,Closed,45,1,Yes,Medium,Yes,8,High
C004239,P0878,Solid Waste Management,Garbage Not Collected,Kadugodi,2026-04-06,Closed,45,2,Yes,Medium,Yes,8,High
C004240,P1095,Solid Waste Management,Garbage Not Collected,Chamrajpet,2026-04-06,Resolved,55,1,No,Medium,Yes,,Medium
C004241,P0139,Solid Waste Management,Garbage Not Collected,Rajarajeshwari Nagar,2026-04-06,Resolved,150,7,Yes,,No,2,Low
C004242,P0139,Solid Waste Management,Garbage Not Collected,Rajarajeshwari Nagar,2026-04-06,Resolved,150,7,Yes,Low,No,2,Low
C004243,P2011,Solid Waste Management,Garbage Not Collected,Rajarajeshwari Nagar,2026-04-06,Closed,220,12,No,Low,No,,Low
C004244,P0423,Solid Waste Management,Garbage Dump,Mahadevapura,2026-04-06,Closed,45,1,No,Low,Yes,2,Low
C004245,P0620,Solid Waste Management,Garbage Not Collected,Kadugodi,2026-04-06,Closed,35,1,No,Medium,Yes,8,High
C004246,P2952,Solid Waste Management,Garbage Not Collected,Rajarajeshwari Nagar,2026-04-06,Resolved,171,6,No,Low,No,2,Low
C004247,P0573,Solid Waste Management,Garbage Not Collected,Dasarahalli,2026-04-07,Resolved,310,29,No,None,Yes,1,Low
C004248,P0976,Solid Waste Management,Garbage Not Collected,Whitefield,2026-04-07,Resolved,80,13,Yes,None,Yes,2,Medium
C004249,P0867,Health,Public Health Sanitation Issue,Chamrajpet,2026-04-07,Resolved,160,10,Yes,Medium,No,2,High
C004250,P0293,Solid Waste Management,Garbage Not Collected,Dasarahalli,2026-04-07,Resolved,180,15,No,None,Yes,2,Low
C004251,P2727,Solid Waste Management,Garbage Not Collected,Dasarahalli,2026-04-07,Closed,516,57,No,None,Yes,2,Low
C004252,P1332,Road Maintenance,Pothole,Koramangala,2026-04-07,Closed,390,59,No,High,No,12,Critical
C004253,P1867,Solid Waste Management,Garbage Not Collected,Kadugodi,2026-04-07,Resolved,75,2,Yes,Medium,,8,High
C004254,P0883,Solid Waste Management,Garbage Dump,Mahadevapura,2026-04-07,Closed,45,1,No,Low,Yes,2,Low
C004255,P2371,Public Sanitation,Public Toilet Not Maintained,Koramangala,2026-04-07,Resolved,35,8,Yes,Medium,No,4,Low
C004256,P1181,Road Maintenance,Road Maintenance Required,Hosahalli,2026-04-07,Closed,110,2,No,Low,Yes,6,Medium
C004257,P1584,Public Sanitation,Public Toilet Not Maintained,Koramangala,2026-04-07,Resolved,55,13,No,Low,No,4,Low
C004258,P1938,Public Sanitation,Public Toilet Not Maintained,Koramangala,2026-04-07,Closed,796,58,Yes,Low,Yes,4,High
C004259,P2333,Others,Miscellaneous Complaint,JP Nagar,2026-04-07,Closed,10,0,No,None,No,2,Low
C004260,P0393,Solid Waste Management,Sweeping Not Done,Kadugodi,2026-04-07,Closed,50,4,No,Low,Yes,3,Medium
C004261,P1204,Public Sanitation,Public Toilet Not Maintained,Koramangala,2026-04-07,In Progress,704,29,Yes,Low,,4,High
C004262,P0851,Solid Waste Management,Garbage Not Collected,Kadugodi,2026-04-07,Resolved,45,1,Yes,Medium,Yes,12,High
C004263,P1000,Solid Waste Management,Garbage Not Collected,Kadugodi,2026-04-07,Closed,45,2,Yes,Medium,Yes,8,High
C004264,P1338,Solid Waste Management,Garbage Not Collected,Kadugodi,2026-04-07,Closed,45,1,Yes,Medium,No,8,High
C004265,P0369,Solid Waste Management,Garbage Dump,Shantinagar,2026-04-07,Resolved,140,15,No,Critical,Yes,4,High
C004266,P1175,Solid Waste Management,Garbage Vehicle Not Arrived,Mathikere,2026-04-07,Closed,120,7,No,None,Yes,0.5,Low
C004267,P0990,Others,Miscellaneous Complaint,JP Nagar,2026-04-07,Resolved,10,0,No,None,No,2,Low
C004268,P0038,Solid Waste Management,Sweeping Not Done,Malleshwaram,2026-04-07,Closed,200,2,No,Critical,Yes,,Critical
C004269,P1127,Others,Miscellaneous Complaint,Varthur,2026-04-07,Resolved,10,1,No,None,Yes,4,Low
C004270,P0123,Solid Waste Management,Garbage Not Collected,Kadugodi,2026-04-07,Closed,45,1,Yes,Medium,Yes,8,High
C004271,P0422,Revenue Department,Property Tax Query,BTM Layout,2026-04-07,Resolved,4,1,No,None,No,1,Low
C004272,P1716,Solid Waste Management,Garbage Vehicle Not Arrived,Mathikere,2026-04-07,Closed,95,8,No,None,Yes,1,Low
C004273,P1455,Road Infrastructure,Speed Breaker Required,Anjanapura,2026-04-07,Resolved,220,85,No,Low,Yes,4,High
C004274,P0241,Solid Waste Management,Garbage Not Collected,Whitefield,2026-04-07,Resolved,80,16,Yes,None,Yes,3,Medium
C004275,P0150,Solid Waste Management,Garbage Not Collected,Kadugodi,2026-04-07,Closed,45,1,Yes,High,Yes,8,High
C004276,P0764,Solid Waste Management,Garbage Vehicle Not Arrived,Hosahalli,2026-04-08,Closed,55,10,No,Low,Yes,3,Medium
C004277,P1849,Solid Waste Management,Garbage Dumping in Vacant Site,Shivajinagar,2026-04-08,Resolved,190,19,No,Low,Yes,3,Medium
C004278,P1857,Solid Waste Management,Garbage Not Collected,Yelahanka,2026-04-08,Resolved,120,7,Yes,Medium,Yes,4,Medium
C004279,P0688,Solid Waste Management,Garbage Not Collected,JP Nagar,2026-04-08,Closed,46,8,Yes,None,No,2,Low
C004280,P0523,Health,Public Health Sanitation Issue,Dasarahalli,2026-04-08,Closed,15,4,No,Medium,Yes,4,Medium
C004281,P0412,Solid Waste Management,Garbage Not Collected,Yelahanka,2026-04-08,Closed,120,8,No,Medium,Yes,4,Medium
C004282,P0765,Public Sanitation,Public Toilet Not Maintained,Mathikere,2026-04-08,Closed,170,44,No,Critical,Yes,3,High
C004283,P0558,Solid Waste Management,Garbage Not Collected,Arekere,2026-04-08,Closed,45,6,No,Medium,Yes,1,Low
C004284,P2739,Solid Waste Management,Garbage Not Collected,Kadugodi,2026-04-08,Closed,35,,Yes,Medium,Yes,8,High
C004285,P0765,Road Maintenance,Footpath Damage,Mathikere,2026-04-08,In Progress,35,3,No,Medium,Yes,12,Medium
C004286,P0015,Solid Waste Management,Garbage Dump,Shantinagar,2026-04-08,Resolved,140,17,No,Critical,No,4,High
C004287,P1707,Street Infrastructure,Damaged Signboard,Hosahalli,2026-04-08,Closed,80,14,No,Medium,No,2,Medium
C004288,P1079,Health,Public Health Sanitation Issue,Dasarahalli,2026-04-08,Closed,30,4,No,High,Yes,6,Medium
C004289,P0716,Solid Waste Management,Sweeping Not Done,Kadugodi,2026-04-08,Resolved,50,3,No,None,No,2,Medium
C004290,P0383,Solid Waste Management,Garbage Vehicle Not Arrived,Hosahalli,2026-04-08,Resolved,55,14,No,Low,Yes,1,Medium
C004291,P0831,Solid Waste Management,Garbage Not Collected,Yelahanka,2026-04-08,Closed,118,9,Yes,Medium,Yes,4,Medium
C004292,P1962,Health,Public Health Sanitation Issue,Dasarahalli,2026-04-08,Closed,34,6,No,Medium,Yes,4,Medium
C004293,P1962,Health,Public Health Sanitation Issue,Dasarahalli,2026-04-08,Registered,34,6,No,Medium,Yes,4,Medium
C004294,P0575,Solid Waste Management,Garbage Not Collected,Kadugodi,2026-04-08,Closed,45,2,Yes,Medium,Yes,8,Medium
C004295,P0314,Solid Waste Management,Garbage Vehicle Not Arrived,Mathikere,2026-04-08,Closed,120,9,No,None,Yes,1,Low
C004296,P2907,Solid Waste Management,Garbage Not Collected,Kadugodi,2026-04-08,Closed,40,1,Yes,Medium,Yes,8,High
C004297,P0507,Solid Waste Management,Garbage Dumping in Vacant Site,Shivajinagar,2026-04-08,Resolved,190,25,No,Low,Yes,4,Medium
C004298,P0704,Road Infrastructure,Missing Manhole Cover,Hebbal,2026-04-08,Closed,15,1,No,Medium,No,2,Low
C004299,P2679,Solid Waste Management,Garbage Not Collected,Kadugodi,2026-04-08,In Progress,35,1,Yes,Medium,No,8,High
C004300,P0394,Solid Waste Management,Garbage Not Collected,Rajarajeshwari Nagar,2026-04-08,Closed,171,8,No,Low,No,1,Medium
C004301,P2474,Solid Waste Management,Garbage Not Collected,Chamrajpet,2026-04-08,In Progress,75,2,No,Medium,No,8,Medium
C004302,P1917,Solid Waste Management,Garbage Dump,Sadashivanagar,2026-04-08,Closed,130,3,No,Low,No,4,High
C004303,P1917,Solid Waste Management,Garbage Dump,Sadashivanagar,2026-04-08,Closed,160,3,No,,No,4,High
C004304,P2291,Road Maintenance,Footpath Damage,BTM Layout,2026-04-09,Closed,65,8,No,Low,No,3,Low
C004305,P0258,Health,Public Health Sanitation Issue,Dasarahalli,2026-04-09,Closed,20,4,No,Medium,Yes,3,Medium
C004306,P1036,Drainage,Drain Overflow,Ulsoor,2026-04-09,Closed,300,35,No,None,No,8,Medium
C004307,P1480,Electrical,Multiple Street Lights Not Working,Kodigehalli,2026-04-09,Closed,55,6,No,Medium,No,16,High
C004308,P2335,Water Supply,Pipeline Leakage,Whitefield,2026-04-09,Resolved,35,1,No,Medium,No,8,Medium
C004309,P2289,Electrical,Street Light Not Working,Dasarahalli,2026-04-09,Closed,110,1,No,Medium,Yes,3,Medium
C004310,P2435,Health,Public Health Sanitation Issue,Dasarahalli,2026-04-09,Closed,40,10,No,Medium,Yes,3,Medium
C004311,P2345,Health,Public Health Sanitation Issue,Dasarahalli,2026-04-09,Resolved,30,7,Yes,Medium,Yes,4,Medium
C004312,P2772,Public Sanitation,Garbage Burning,Vijayanagar,2026-04-09,Closed,145,11,No,Medium,No,2,Medium
C004313,P2801,Solid Waste Management,Garbage Vehicle Not Arrived,Hosahalli,2026-04-09,Closed,40,9,No,Low,Yes,1,Medium
C004314,P1152,Solid Waste Management,Garbage Not Collected,Yelahanka,2026-04-09,Closed,100,5,Yes,Medium,Yes,6,Medium
C004315,P0819,Street Infrastructure,Damaged Signboard,Kadugodi,2026-04-09,Closed,70,21,No,Low,Yes,8,High
C004316,P2353,Health,Public Health Sanitation Issue,Dasarahalli,2026-04-09,Closed,30,8,No,Medium,Yes,4,Medium
C004317,P0639,Solid Waste Management,Garbage Dump,Shantinagar,2026-04-09,Resolved,140,9,No,High,Yes,4,High
C004318,P2695,Road Maintenance,Road Surface Damage,Rajarajeshwari Nagar,2026-04-09,Closed,3300,40,No,None,No,16,Medium
C004319,P2070,Road Maintenance,Footpath Damage,Mathikere,2026-04-09,In Progress,35,3,No,Medium,Yes,12,Medium
C004320,P0736,Street Infrastructure,Fallen Tree Branch,Peenya,2026-04-09,Closed,130,11,No,High,Yes,8,Critical
C004321,P0662,Road Maintenance,Footpath Damage,Mathikere,2026-04-09,Closed,35,2,No,Medium,Yes,12,High
C004322,P2490,Electrical,Multiple Street Lights Not Working,Kodigehalli,2026-04-09,In Progress,50,6,No,High,No,8,High
C004323,P1011,Road Maintenance,Footpath Damage,Mathikere,2026-04-09,Closed,35,2,No,Medium,Yes,8,Medium
C004324,P1026,Electrical,Exposed Electrical Wires,Mathikere,2026-04-09,Resolved,35,12,No,Medium,No,4,Medium
C004325,P1813,Water Supply,Pipeline Leakage,Whitefield,2026-04-09,Resolved,25,2,No,High,No,8,Medium
C004326,P1813,Water Supply,Pipeline Leakage,Whitefield,2026-04-09,Resolved,25,2,No,High,No,8,Medium
C004327,P1141,Electrical,Street Light Not Working,Marathahalli,2026-04-09,Resolved,80,5,No,Medium,Yes,3,Medium
C004328,P0679,Electrical,Multiple Street Lights Not Working,Kodigehalli,2026-04-09,Closed,50,5,No,High,No,12,High
C004329,P2839,Health,Public Health Sanitation Issue,Dasarahalli,2026-04-09,Closed,30,8,No,Medium,Yes,4,Medium
C004330,P2089,Electrical,Multiple Street Lights Not Working,Kodigehalli,2026-04-09,Resolved,55,8,No,High,No,12,High
C004331,P1369,Water Supply,No Water Supply,Kadugodi,2026-04-10,Resolved,1000,284,Yes,None,No,12,Medium
C004332,P1045,Public Sanitation,Garbage Burning,Vijayanagar,2026-04-10,Closed,145,16,No,Medium,No,1,Medium
C004333,P1155,Solid Waste Management,Garbage Dump,Sadashivanagar,2026-04-10,Closed,120,6,No,Medium,No,4,Medium
C004334,P1959,Solid Waste Management,Garbage Dump,Anjanapura,2026-04-10,Closed,150,17,No,Low,No,8,Medium
C004335,P2258,Others,Miscellaneous Complaint,Rajajinagar,2026-04-10,Resolved,8,1,No,None,Yes,1,Low
C004336,P2152,Road Maintenance,Footpath Damage,Rajajinagar,2026-04-10,Closed,15,0,No,Low,Yes,12,Medium
C004337,P2446,Health,Public Health Sanitation Issue,Dasarahalli,2026-04-10,Closed,30,8,No,Medium,Yes,4,Medium
C004338,P1063,Electrical,Exposed Electrical Wires,Mathikere,2026-04-10,Resolved,30,7,No,Medium,No,4,Medium
C004339,P0529,Drainage,Drain Overflow,Ulsoor,2026-04-10,Closed,300,36,No,None,No,8,Medium
C004340,P2737,Water Supply,Pipeline Leakage,Mathikere,2026-04-10,In Progress,,13,Yes,None,Yes,8,Low
C004341,P2905,Road Maintenance,Road Maintenance Required,Kadugodi,2026-04-10,Closed,128,1,No,Medium,No,8,Medium
C004342,P2993,Water Supply,Pipeline Leakage,Mathikere,2026-04-10,In Progress,60,12,Yes,None,Yes,8,Low
C004343,P0859,Water Supply,No Water Supply,Kadugodi,2026-04-10,Closed,1300,391,Yes,None,No,16,High
C004344,P0573,Electrical,Street Light Not Working,Dasarahalli,2026-04-10,Closed,110,1,No,High,Yes,4,Medium
C004345,P2540,Electrical,Street Light Not Working,Rajarajeshwari Nagar,2026-04-10,Closed,130,19,No,Medium,No,0.5,High
C004346,P2138,Road Maintenance,Road Maintenance Required,Kadugodi,2026-04-10,Closed,104,1,No,High,,8,Medium
C004347,P0465,Public Sanitation,Garbage Burning,Mathikere,2026-04-10,Closed,3900,455,No,High,No,1,Critical
C004348,P1157,Solid Waste Management,Garbage Dump,Sadashivanagar,2026-04-10,Closed,120,5,No,Medium,No,4,Medium
C004349,P2910,Road Maintenance,Road Maintenance Required,Kadugodi,2026-04-10,Resolved,128,1,No,Medium,No,6,Medium
C004350,P1448,Health,Public Health Sanitation Issue,Dasarahalli,2026-04-10,Resolved,30,5,No,Medium,Yes,6,Medium
C004351,P1226,Solid Waste Management ,Garbage Not Collected,Hosahalli,2026-04-10,Closed,45,7,Yes,None,Yes,4,Low
C004352,P2540,Road Maintenance,Road Surface Damage,Rajarajeshwari Nagar,2026-04-10,Resolved,2700,39,Yes,Low,No,12,Medium
C004353,P2660,Water Supply,No Water Supply,Kadugodi,2026-04-10,Closed,1500,486,Yes,None,No,12,Critical
C004354,P1807,Water Supply,Water Leakage,Byatarayanapura,2026-04-10,Resolved,93,3,Yes,High,Yes,2,High
C004355,P2334,Road Infrastructure,Road Signage Missing,Jalahalli,2026-04-10,Closed,,2,No,High,No,,Medium
C004356,P1126,Solid Waste Management,Garbage Dump,Hosahalli,2026-04-10,Resolved,70,10,No,None,Yes,1,Medium
C004357,P0060,Water Supply,Water Leakage,Basavanagudi,2026-04-10,Closed,50,16,Yes,High,No,4,High
C004358,P1681,Solid Waste Management,Garbage Not Collected,Hosahalli,2026-04-10,Closed,15,3,Yes,None,Yes,4,Low
C004359,P1690,Street Infrastructure,Street Light Not Working,Koramangala,2026-04-10,Resolved,30,1,No,Medium,No,2,Low
C004360,P0734,Drainage,Drain Blockage,JP Nagar,2026-04-11,Closed,100,30,No,Medium,No,4,Critical
C004361,P0878,Water Supply,No Water Supply,Kadugodi,2026-04-11,Closed,990,126,Yes,None,No,12,High
C004362,P2909,Electrical,Street Light Not Working,Marathahalli,2026-04-11,Closed,,4,No,Medium,Yes,2,Medium
C004363,P1503,Street Infrastructure,Fallen Tree Branch,Dasarahalli,2026-04-11,Resolved,45,3,No,Medium,Yes,3,Low
C004364,P1876,Electrical,Multiple Street Lights Not Working,Jalahalli,2026-04-11,Resolved,890,45,No,Medium,Yes,4,Medium
C004365,P2363,Drainage,Drain Blockage,JP Nagar,2026-04-11,Resolved,100,47,No,High,No,4,High
C004366,P2291,Drainage,Drain Blockage,JP Nagar,2026-04-11,Closed,100,25,No,Medium,No,4,High
C004367,P0965,Drainage,Drain Blockage,JP Nagar,2026-04-11,Resolved,100,32,No,Medium,No,4,High
C004368,P1538,Water Supply,No Water Supply,Kadugodi,2026-04-11,Resolved,1300,268,Yes,None,No,12,High
C004369,P2291,Road Maintenance,Footpath Damage,BTM Layout,2026-04-11,Closed,65,8,No,Low,No,3,Low
C004370,P1833,Health,Increase in Mosquito Density,Malleshwaram,2026-04-11,Resolved,200,18,No,Low,Yes,16,Medium
C004371,P2383,Water Supply,No Water Supply,Kadugodi,2026-04-11,Closed,1300,518,Yes,None,No,12,High
C004372,P1910,Drainage,Drain Blockage,JP Nagar,2026-04-11,Closed,100,32,No,Low,,4,High
C004373,P0096,Public Sanitation,Garbage Burning,Vijayanagar,2026-04-11,Closed,186,14,No,Low,No,1,Medium
C004374,P1839,Water Supply,No Water Supply,Kadugodi,2026-04-11,Closed,1300,199,Yes,None,No,8,High
C004375,P1055,Water Supply,No Water Supply,Kadugodi,2026-04-11,Resolved,1300,244,Yes,None,No,12,High
C004376,P1096,Water Supply,No Water Supply,Kadugodi,2026-04-11,Resolved,770,100,Yes,High,Yes,3,Critical
C004377,P2540,Electrical,Street Light Not Working,Rajarajeshwari Nagar,2026-04-11,Closed,180,34,No,Medium,No,2,High
C004378,P0814,Drainage,Drain Blockage,JP Nagar,2026-04-11,Closed,100,45,No,Medium,No,4,High
C004379,P1051,Electrical,Damaged Street Light,Bellandur ,2026-04-11,Closed,20,1,No,High,No,2,Medium
C004380,P2708,Drainage,Drain Overflow,Ulsoor,2026-04-11,In Progress,300,40,No,None,No,8,Medium
C004381,P1503,Electrical,Street Light Not Working,Dasarahalli,2026-04-11,Closed,110,1,No,Medium,Yes,,Medium
C004382,P0620,Water Supply,No Water Supply,Kadugodi,2026-04-11,Closed,892,203,Yes,None,Yes,12,High
C004383,P1130,Drainage,Drain Blockage,JP Nagar,2026-04-11,Closed,123,48,No,Medium,No,4,High
C004384,P1797,Water Supply,No Water Supply,Kadugodi,2026-04-11,Closed,1300,363,Yes,None,No,12,High
C004385,P1717,Drainage,Drain Blockage,JP Nagar,2026-04-11,Resolved,100,48,No,High,Yes,4,High
C004386,P0243,Solid Waste Management,Garbage Not Collected,Mathikere,2026-04-11,Closed,190,40,No,Low,Yes,3,Low
C004387,P1364,Water Supply,No Water Supply,Kadugodi,2026-04-11,Closed,1200,297,Yes,None,No,12,High
C004388,P0628,Water Supply,No Water Supply,Kadugodi,2026-04-12,Closed,1800,525,Yes,None,No,12,Medium
C004389,P1731,Solid Waste Management,Garbage Dump,Anjanapura,2026-04-12,Resolved,130,8,No,Low,No,12,Medium
C004390,P0137,Street Infrastructure,Bus Shelter Damaged,Koramangala,2026-04-12,In Progress,26,7,No,Low,No,8,Medium
C004391,P0137,Street Infrastructure,Bus Shelter Damaged,Koramangala,2026-04-12,In Progress,26,7,No,None,No,8,Medium
C004392,P0676,Road Maintenance,Pothole,Peenya,2026-04-12,In Progress,240,11,No,Medium,No,2,Medium
C004393,P2333,Drainage,Drain Blockage,JP Nagar,2026-04-12,Resolved,100,32,No,Medium,Yes,4,Critical
C004394,P1938,Street Infrastructure,Bus Shelter Damaged,Koramangala,2026-04-12,Closed,26,6,No,Low,No,8,Medium
C004395,P1803,Water Supply,Water Leakage,Basavanagudi,2026-04-12,Resolved,55,,Yes,High,Yes,3,High
C004396,P1519,Drainage,Drain Blockage,JP Nagar,2026-04-12,Closed,110,54,No,Medium,No,4,High
C004397,P2639,Water Supply,No Water Supply,Kadugodi,2026-04-12,Resolved,1300,226,Yes,None,No,12,High
C004398,P1729,Health,Increase in Mosquito Density,Kammanahalli,2026-04-12,In Progress,270,15,No,High,No,16,Medium
C004399,P0659,Drainage,Drain Overflow,Ulsoor,2026-04-12,Resolved,300,33,No,None,No,8,Medium
C004400,P0349,Road Maintenance,Pothole,Peenya,2026-04-12,In Progress,260,13,No,Medium,No,2,Medium
C004401,P1679,Solid Waste Management,Garbage Dumping in Vacant Site,Dasarahalli,2026-04-12,Resolved,49,4,No,None,Yes,12,Low
C004402,P0390,Electrical,Street Light Not Working,Rajarajeshwari Nagar,2026-04-12,Closed,130,30,No,High,No,1,High
C004403,P1926,Drainage,Drain Blockage,JP Nagar,2026-04-12,Resolved,130,66,No,Medium,No,4,High
C004404,P0660,Health,Increase in Mosquito Density,Malleshwaram,2026-04-12,Resolved,177,20,Yes,None,Yes,24,Medium
C004405,P1367,Drainage,Drain Blockage,JP Nagar,2026-04-12,Closed,100,30,No,Medium,No,6,High
C004406,P1367,Drainage,Drain Blockage,JP Nagar,2026-04-12,Closed,100,30,No,Medium,No,6,High
C004407,P0144,Drainage,Drain Blockage,JP Nagar,2026-04-12,Closed,100,37,No,Medium,No,3,High
C004408,P0169,Drainage,Drain Blockage,JP Nagar,2026-04-12,Resolved,100,31,No,Medium,No,4,High
C004409,P2671,Electrical,Multiple Street Lights Not Working,Jalahalli,2026-04-12,Closed,890,28,No,Medium,Yes,4,Medium
C004410,P1691,Drainage,Drain Blockage,JP Nagar,2026-04-12,Closed,62,18,No,Medium,No,4,High
C004411,P1467,Road Maintenance,Pothole,Peenya,2026-04-13,Closed,220,12,No,Medium,No,3,Medium
C004412,P2053,Solid Waste Management,Garbage Dump,Mathikere,2026-04-13,Resolved,120,,No,Low,,8,Low
C004413,P1807,Solid Waste Management,Sweeping Not Done,Byatarayanapura,2026-04-13,Resolved,170,13,Yes,None,Yes,2,Medium
C004414,P1263,Electrical,Multiple Street Lights Not Working,Bellandur,2026-04-13,Closed,120,0,No,Critical,Yes,3,High
C004415,P2700,Electrical,Multiple Street Lights Not Working,Bellandur,2026-04-13,Closed,120,0,No,High,Yes,,High
C004416,P0966,Electrical,Multiple Street Lights Not Working,Bellandur,2026-04-13,Resolved,120,,No,Critical,Yes,4,High
C004417,P0749,Drainage,Drain Blockage,JP Nagar,2026-04-13,Resolved,170,74,Yes,Medium,No,4,High
C004418,P2707,Electrical,Street Light Not Working,Sadashivanagar,2026-04-13,Resolved,60,14,Yes,Medium,Yes,1,Medium
C004419,P1389,Solid Waste Management,Garbage Not Collected,KR Puram,2026-04-13,Closed,220,37,No,Low,Yes,1,Low
C004420,P0200,Drainage,Drain Blockage,JP Nagar,2026-04-13,Closed,100,48,No,Medium,No,3,High
C004421,P1234,Road Maintenance,Road Maintenance Required ,Hosahalli,2026-04-13,Resolved,65,6,Yes,Medium,Yes,4,High
C004422,P1288,Solid Waste Management,Garbage Not Collected,Jalahalli,2026-04-13,Resolved,15,2,No,Low,Yes,8,Low
C004423,P2860,Drainage,Drain Blockage,JP Nagar,2026-04-13,Closed,100,29,No,Medium,No,4,High
C004424,P2108,Electrical,Street Light Not Working,Shivajinagar,2026-04-13,Closed,110,21,No,Medium,Yes,0.5,Medium
C004425,P2669,Drainage,Drain Blockage,JP Nagar,2026-04-13,Closed,100,49,No,Medium,No,4,High
C004426,P2990,Drainage,Drain Blockage,JP Nagar,2026-04-13,Closed,100,42,No,Medium,No,4,High
C004427,P1949,Drainage,Drain Blockage,JP Nagar,2026-04-13,Closed,70,47,No,Medium,No,4,High
C004428,P0995,Road Maintenance,Pothole,Peenya,2026-04-13,Closed,260,14,No,Medium,No,3,Medium
C004429,P1054,Solid Waste Management,Garbage Not Collected,KR Puram,2026-04-13,Closed,,40,No,Low,Yes,1,Low
C004430,P0038,Solid Waste Management,Garbage Not Collected,Malleshwaram,2026-04-13,Closed,140,6,No,None,Yes,1,Low
C004431,P0594,Drainage,Damaged Drain,Hosahalli,2026-04-13,Closed,35,3,No,None,No,48,Medium
C004432,P2839,Road Maintenance,Pothole,Dasarahalli,2026-04-13,Resolved,1500,,No,Low,Yes,6,Medium
C004433,P2293,Road Infrastructure,Missing Manhole Cover,Hebbal,2026-04-13,Resolved,20,2,No,Low,No,0.5,Medium
C004434,P0080,Drainage,Drain Blockage,JP Nagar,2026-04-13,Resolved,100,44,No,Medium,No,4,High
C004435,P2084,Public Sanitation,Garbage Burning,Hosahalli,2026-04-13,Resolved,160,56,No,High,Yes,2,Medium
C004436,P2217,Road Maintenance,Road Maintenance Required,Hosahalli,2026-04-13,Closed,65,8,No,Medium,Yes,4,High
C004437,P0852,Solid Waste Management,Garbage Dumping in Vacant Site,Electronic City,2026-04-13,Resolved,63,5,No,None,Yes,6,Low
C004438,P1556,Drainage,Damaged Drain,Rajajinagar,2026-04-13,Closed,0,14,No,High,No,8,Medium
C004439,P1626,Solid Waste Management,Garbage Vehicle Not Arrived,Chamrajpet,2026-04-13,Closed,1500,147,No,Medium,Yes,2,Medium
C004440,P0726,Solid Waste Management,Sweeping Not Done,Marathahalli,2026-04-13,Closed,150,5,No,Low,No,4,Low
C004441,P0270,Solid Waste Management,Sweeping Not Done,Byatarayanapura,2026-04-13,Closed,180,23,No,None,Yes,2,Medium
C004442,P1923,Drainage,Drain Blockage,JP Nagar,2026-04-13,Resolved,70,28,No,Medium,Yes,4,High
C004443,P1556,Road Maintenance,Footpath Damage,Rajajinagar,2026-04-13,Resolved,250,25,No,High,Yes,12,High
C004444,P2152,Road Maintenance,Footpath Damage,Rajajinagar,2026-04-13,Resolved,250,24,No,High,Yes,8,High
C004445,P0583,Solid Waste Management,Garbage Not Collected,Malleshwaram,2026-04-13,Resolved,180,8,No,None,Yes,1,Low
C004446,P1413,Electrical,Damaged Street Light,Kadugodi,2026-04-13,Closed,8,1,No,Medium,No,2,Low
C004447,P1899,Drainage,Open Drain,Ulsoor,2026-04-13,Closed,375,49,No,Critical,No,24,High
C004448,P0394,Solid Waste Management,Garbage Not Collected,Rajarajeshwari Nagar,2026-04-14,Closed,110,14,Yes,Low,Yes,4,Medium
C004449,P1860,Water Supply,No Water Supply,Jayanagar,2026-04-14,Closed,204,34,Yes,None,Yes,8,Medium
C004450,P2507,Solid Waste Management,Sweeping Not Done,Hennur,2026-04-14,Closed,85,4,Yes,Medium,No,6,Low
C004451,P0746,Solid Waste Management,Garbage Dump,Sadashivanagar,2026-04-14,Closed,130,6,No,Low,No,4,Low
C004452,P2398,Solid Waste Management,Garbage Dump,Mathikere,2026-04-14,Closed,13,1,No,Low,Yes,,Low
C004453,P2577,Road Maintenance,Footpath Damage,Rajajinagar,2026-04-14,Resolved,340,42,No,Critical,Yes,8,High
C004454,P0349,Solid Waste Management,Garbage Dump,Electronic City,2026-04-14,Resolved,45,10,No,None,No,6,Low
C004455,P1618,Electrical,Street Light Not Working,Sadashivanagar,2026-04-14,Resolved,60,16,Yes,Low,Yes,1,Medium
C004456,P1103,Electrical,Street Light Not Working,Chickpet,2026-04-14,Closed,95,40,No,Medium,No,2,High
C004457,P1510,Others,Illegal Construction,Bellandur,2026-04-14,Resolved,210,19,No,Medium,Yes,24,Medium
C004458,P2014,Electrical,Street Light Not Working,Hoodi,2026-04-14,Resolved,150,,No,,No,2,Low
C004459,P1157,Solid Waste Management,Garbage Dump,Sadashivanagar,2026-04-14,Closed,120,18,No,Low,No,168,Low
C004460,P2919,Road Maintenance,Pothole,Bellandur,2026-04-14,Resolved,30,4,No,High,No,24,Medium
C004461,P2028,Solid Waste Management,Garbage Dumping in Vacant Site,Rajajinagar,2026-04-14,Closed,70,4,No,Medium,No,6,Medium
C004462,P0492,Solid Waste Management,Garbage Dump,Sadashivanagar,2026-04-14,Closed,130,,No,None,No,4,Low
C004463,P1845,Electrical,Street Light Not Working,Chickpet,2026-04-14,Resolved,110,35,Yes,Medium,No,2,High
C004464,P2335,Solid Waste Management,Sweeping Not Done,Whitefield,2026-04-14,In Progress,40,2,No,,No,2,Low
C004465,P0098,Drainage,Open Drain,Ulsoor,2026-04-14,Closed,,41,No,Critical,No,24,High
C004466,P0243,Water Supply,No Water Supply,Mathikere,2026-04-14,Resolved,320,220,Yes,None,Yes,12,Medium
C004467,P0377,Solid Waste Management,Garbage Dump,Mathikere,2026-04-14,Resolved,,1,No,Low,Yes,12,Low
C004468,P0154,Electrical,Street Light Not Working,Hoodi,2026-04-14,Resolved,110,4,No,Medium,No,3,Low
C004469,P1054,Solid Waste Management,Garbage Not Collected,Padmanabhanagar,2026-04-14,Closed,140,27,Yes,Low,,1,Medium
C004470,P0341,Solid Waste Management,Sweeping Not Done,Whitefield,2026-04-14,In Progress,35,1,No,Medium,No,2,Low
C004471,P1541,Solid Waste Management,Garbage Not Collected,Rajarajeshwari Nagar,2026-04-14,Closed,113,14,Yes,Low,Yes,4,Medium
C004472,P1995,Solid Waste Management,Garbage Not Collected,Jalahalli,2026-04-14,Closed,15,2,No,Low,Yes,6,Low
C004473,P1153,Road Maintenance,Road Surface Damage,Whitefield,2026-04-15,Closed,250,2,No,Medium,No,36,High
C004474,P0498,Solid Waste Management,Garbage Dumping in Vacant Site,Electronic City,2026-04-15,Resolved,40,4,No,None,Yes,4,Low
C004475,P2937,Solid Waste Management,Garbage Dump,Sadashivanagar,2026-04-15,Resolved,130,16,No,Low,No,4,Low
C004476,P0781,Electrical,Street Light Not Working,Shivajinagar,2026-04-15,Closed,95,11,No,Low,Yes,1,Medium
C004477,P1314,Electrical,Multiple Street Lights Not Working,Varthur,2026-04-15,Closed,430,92,No,High,Yes,3,Medium
C004478,P1549,Electrical,Street Light Not Working,Hoodi,2026-04-15,In Progress,150,6,No,Medium,No,1,Low
C004479,P2678,Sewerage,Sewer Line Blockage ,Bommanahalli,2026-04-15,Resolved,20,1,Yes,Low,No,12,Low
C004480,P1822,Electrical,Street Light Not Working,Chickpet,2026-04-15,Resolved,110,31,No,Medium,Yes,3,High
C004481,P0078,Road Maintenance,Road Maintenance Required,Hosahalli,2026-04-15,Closed,65,6,No,Medium,Yes,4,High
C004482,P2246,Street Infrastructure,Bus Shelter Damaged,Kadugodi,2026-04-15,In Progress,55,4,No,Medium,Yes,4,Low
C004483,P0554,Sewerage,Sewer Line Blockage,Ulsoor,2026-04-15,In Progress,60,8,Yes,Medium,No,2,High
C004484,P1615,Road Maintenance,Pothole,Bellandur,2026-04-15,Resolved,45,7,No,High,Yes,24,Medium
C004485,P0432,Sewerage,Manhole Overflow,Peenya,2026-04-15,Closed,20,5,Yes,Critical,No,8,High
C004486,P2291,Health,Public Health Sanitation Issue,BTM Layout,2026-04-15,Resolved,60,10,No,Medium,No,2,Medium
C004487,P2377,Solid Waste Management,Garbage Not Collected,Padmanabhanagar,2026-04-15,In Progress,110,23,Yes,Low,No,2,Medium
C004488,P0171,Solid Waste Management,Garbage Not Collected,KR Puram,2026-04-15,Closed,280,33,No,Low,Yes,1,Low
C004489,P1038,Electrical,Street Light Not Working,Hoodi,2026-04-15,Resolved,150,6,No,High,No,2,Low
C004490,P0465,Electrical,Street Light Not Working,Mathikere,2026-04-15,Resolved,50,5,No,None,Yes,1,Low
C004491,P2930,Solid Waste Management,Sweeping Not Done,Byatarayanapura,2026-04-15,In Progress,160,15,No,None,Yes,1,Medium
C004492,P2905,Street Infrastructure,Bus Shelter Damaged,Kadugodi,2026-04-15,In Progress,70,4,No,Medium,No,3,Low
C004493,P0010,Health,Public Health Sanitation Issue,BTM Layout,2026-04-15,Resolved,80,16,No,Medium,No,1,Medium
C004494,P1923,Solid Waste Management,Garbage Dumping in Vacant Site,JP Nagar,2026-04-15,Closed,69,12,No,None,No,3,Low
C004495,P2860,Drainage,Drain Blockage,JP Nagar,2026-04-15,Closed,100,29,No,Medium,No,4,High
C004496,P0011,Revenue Department,Khata Related Issue,HSR Layout,2026-04-15,Resolved,9,1,No,None,No,1,Low
C004497,P2890,Health,Public Health Sanitation Issue,BTM Layout,2026-04-16,Closed,110,13,No,Medium,No,2,Medium
C004498,P1458,Electrical,Street Light Not Working,Chickpet,2026-04-16,Closed,110,49,No,Medium,No,2,Medium
C004499,P0129,Sewerage,Sewage Overflow,Nagarbhavi,2026-04-16,Closed,238,25,Yes,High,Yes,16,Critical
C004500,P2656,Solid Waste Management,Garbage Not Collected,Padmanabhanagar,2026-04-16,Resolved,150,27,Yes,Low,No,3,Medium
C004501,P0044,Revenue Department,Property Tax Query,Jayanagar,2026-04-16,Closed,11,2,No,None,No,0.5,Low
C004502,P2152,Water Supply,No Water Supply,Mathikere,2026-04-16,Closed,270,100,No,None,Yes,6,High
C004503,P0394,Electrical,Street Light Not Working,Rajarajeshwari Nagar,2026-04-16,Closed,100,9,No,Low,No,1,Low
C004504,P2811,Solid Waste Management,Garbage Not Collected,Padmanabhanagar,2026-04-16,Closed,110,26,Yes,Low,No,2,Medium
C004505,P2179,Solid Waste Management,Garbage Not Collected,Bellandur,2026-04-16,Closed,90,8,Yes,None,Yes,3,Low
C004506,P1729,Road Infrastructure,Speed Breaker Required,Peenya,2026-04-16,Resolved,20,4,No,Medium,No,4,Low
C004507,P2408,Water Supply,No Water Supply,Jayanagar,2026-04-16,Closed,330,62,Yes,None,Yes,8,Medium
C004508,P2559,Solid Waste Management,Garbage Dump,Mathikere,2026-04-16,Resolved,10,1,No,Low,Yes,8,Low
C004509,P2859,Solid Waste Management,Garbage Not Collected,Shantinagar,2026-04-16,Closed,75,7,Yes,None,Yes,6,Low
C004510,P2981,Electrical,Multiple Street Lights Not Working,Hebbal,2026-04-16,Closed,35,1,No,High,Yes,6,Medium
C004511,P1181,Water Supply,No Water Supply,Hosahalli,2026-04-16,Closed,85,14,Yes,Critical,Yes,12,High
C004512,P2346,Electrical,Street Light Not Working,Rajarajeshwari Nagar,2026-04-17,Closed,100,11,No,Low,Yes,0.5,Low
C004513,P1851,Road Maintenance,Road Surface Damage,Varthur,2026-04-17,Resolved,80,3,No,High,Yes,12,Medium
C004514,P2737,Street Infrastructure,Bus Shelter Damaged,Mathikere,2026-04-17,Closed,15,2,No,Medium,No,8,Medium
C004515,P0472,Sewerage,Sewage Overflow,Nagarbhavi,2026-04-17,Closed,400,38,Yes,High,Yes,12,Critical
C004516,P2701,Sewerage,Sewage Overflow,Nagarbhavi,2026-04-17,Closed,250,34,Yes,High,Yes,12,Critical
C004517,P0662,Road Infrastructure ,Speed Breaker Required,Mathikere,2026-04-17,Closed,15,5,No,High,No,16,High
C004518,P2405,Electrical,Street Light Not Working,Rajarajeshwari Nagar,2026-04-17,Closed,100,16,No,Low,Yes,1,Low
C004519,P1476,Health,Public Health Sanitation Issue,Kadugodi,2026-04-17,Resolved,260,27,No,Medium,No,1,Medium
C004520,P1095,Water Supply,Pipeline Leakage,HSR Layout,2026-04-17,Closed,270,26,Yes,None,Yes,8,High
C004521,P1033,Water Supply,Pipeline Leakage,Kadugodi,2026-04-17,Resolved,280,49,Yes,Low,Yes,4,Critical
C004522,P2070,Public Sanitation,Garbage Burning,Mathikere,2026-04-17,Resolved,35,7,No,Medium,Yes,2,Medium
C004523,P1140,Water Supply,Pipeline Leakage,HSR Layout,2026-04-17,Closed,420,46,Yes,None,Yes,12,High
C004524,P2373,Water Supply,No Water Supply,Hosahalli,2026-04-17,Closed,80,13,Yes,Critical,Yes,12,High
C004525,P1474,Sewerage,Sewage Overflow,Varthur,2026-04-17,Resolved,820,210,Yes,Medium,No,12,High
C004526,P1549,Electrical,Street Light Not Working,Hoodi,2026-04-17,In Progress,150,6,No,Medium,No,1,Low
C004527,P1393,Water Supply,Pipeline Leakage,HSR Layout,2026-04-17,Closed,270,17,Yes,None,,12,High
C004528,P0251,Public Sanitation,Unclean Public Area,BTM Layout,2026-04-17,Resolved,95,6,No,Low,No,4,Medium
C004529,P2192,Health,Public Health Sanitation Issue,Kadugodi,2026-04-17,Closed,270,21,No,Medium,No,2,Medium
C004530,P1860,Solid Waste Management,Garbage Not Collected,Jayanagar,2026-04-17,Resolved,510,87,No,Low,Yes,6,Medium
C004531,P2002,Solid Waste Management,Garbage Not Collected,Bellandur,2026-04-18,Resolved,,9,Yes,None,Yes,,Low
C004532,P0025,Solid Waste Management,Garbage Not Collected,Jayanagar,2026-04-18,Closed,550,83,No,Low,Yes,4,Medium
C004533,P2079,Street Infrastructure,Bus Shelter Damaged,Mathikere,2026-04-18,Closed,15,1,No,Medium,No,8,Medium
C004534,P0959,Public Sanitation,Unclean Public Area,Malleshwaram,2026-04-18,Closed,200,8,No,Low,No,8,Low
C004535,P2299,Water Supply,Pipeline Leakage,HSR Layout,2026-04-18,Closed,330,33,Yes,None,Yes,12,High
C004536,P1014,Solid Waste Management,Garbage Not Collected,Bellandur,2026-04-18,Resolved,140,10,Yes,None,Yes,2,Low
C004537,P0516,Electrical,Street Light Not Working,Rajarajeshwari Nagar,2026-04-18,Closed,100,17,No,None,Yes,2,Low
C004538,P1867,Sewerage,Sewer Line Blockage,Kadugodi,2026-04-18,In Progress,33,4,No,Low,Yes,12,Medium
C004539,P2753,Sewerage,Sewage Overflow,Varthur,2026-04-18,Closed,790,180,Yes,Medium,No,12,High
C004540,P2195,Solid Waste Management,Garbage Not Collected,Peenya,2026-04-18,Closed,25,1,No,None,No,2,Low
C004541,P2997,Public Sanitation,Unclean Public Area,Malleshwaram,2026-04-18,Closed,200,7,No,Low,No,8,Low
C004542,P1992,Road Infrastructure,Speed Breaker Required,Anjanapura,2026-04-18,Resolved,,94,No,High,Yes,16,High
C004543,P2504,Solid Waste Management,Garbage Not Collected,Shantinagar,2026-04-18,Closed,120,8,Yes,None,Yes,4,Low
C004544,P2316,Electrical,Multiple Street Lights Not Working,Mathikere,2026-04-18,Closed,40,3,No,High,Yes,,High
C004545,P2858,Solid Waste Management,Garbage Not Collected,Peenya,2026-04-18,Closed,30,1,No,None,No,2,Low
C004546,P2805,Health,Public Health Sanitation Issue,Kadugodi,2026-04-18,Closed,260,20,No,Medium,No,72,Medium
C004547,P2753,Road Maintenance,Road Surface Damage,Varthur,2026-04-18,Resolved,80,3,No,High,Yes,,Medium
C004548,P2223,Water Supply,No Water Supply,Hosahalli,2026-04-18,Closed,65,7,Yes,Critical,Yes,,High
C004549,P2223,Water Supply,No Water Supply,Hosahalli,2026-04-18,Registered,50,7,Yes,Critical,Yes,12,High
C004550,P0175,Public Sanitation,Garbage Burning,Electronic City,2026-04-18,Closed,84,10,No,High,,2,Medium
C004551,P2196,Solid Waste Management,Garbage Not Collected,Jayanagar,2026-04-18,Closed,550,48,No,Low,Yes,6,Medium
C004552,P2649,Solid Waste Management,Garbage Dumping in Vacant Site,Banaswadi,2026-04-19,Closed,35,3,No,Low,No,2,Low
C004553,P2649,Solid Waste Management,Garbage Dumping in Vacant Site,Banaswadi,2026-04-19,Registered,35,3,No,None,No,2,Low
C004554,P0412,Health,Increase in Mosquito Density,Yelahanka,2026-04-19,Closed,170,40,No,Low,Yes,8,High
C004555,P0868,Water Supply,Pipeline Leakage,HSR Layout,2026-04-19,Resolved,260,21,Yes,None,Yes,16,High
C004556,P0628,Health,Public Health Sanitation Issue,Kadugodi,2026-04-19,Resolved,260,20,No,Medium,No,1,Medium
C004557,P1605,Electrical,Street Light Not Working,Ulsoor,2026-04-19,Closed,10,0,No,,No,2,High
C004558,P1012,Solid Waste Management,Garbage Dump,Varthur,2026-04-19,Closed,45,0,No,Medium,Yes,12,Low
C004559,P0951,Solid Waste Management,Sweeping Not Done,Malleshwaram,2026-04-19,Closed,380,15,No,None,No,2,Low
C004560,P0194,Solid Waste Management,Garbage Vehicle Not Arrived,Hosahalli,2026-04-19,Closed,2800,95,Yes,Medium,Yes,3,Medium
C004561,P2171,Health,Public Health Sanitation Issue,Kadugodi,2026-04-19,Closed,260,18,No,Medium,No,2,Medium
C004562,P2336,Solid Waste Management,Garbage Dumping in Vacant Site,Banaswadi,2026-04-19,Resolved,35,2,No,Low,No,3,Low
C004563,P1743,Solid Waste Management,Garbage Vehicle Not Arrived,Shantinagar,2026-04-19,In Progress,209,1,No,Low,Yes,3,Low
C004564,P0243,Electrical,Multiple Street Lights Not Working,Mathikere,2026-04-19,Closed,45,2,No,High,Yes,24,High
C004565,P0144,Solid Waste Management,Sweeping Not Done,Malleshwaram,2026-04-19,Resolved,320,15,No,None,No,2,Low
C004566,P1534,Solid Waste Management,Garbage Dump,Varthur,2026-04-19,Resolved,45,0,,Low,Yes,12,Low
C004567,P1717,Sewerage,Sewage Overflow,JP Nagar,2026-04-19,Resolved,480,180,No,Medium,No,8,High
C004568,P2291,Drainage,Damaged Drain,BTM Layout,2026-04-20,Closed,35,4,No,High,No,12,High
C004569,P0327,Road Maintenance,Footpath Damage,Rajarajeshwari Nagar,2026-04-20,Resolved,40,14,No,Medium,No,12,Medium
C004570,P2789,Solid Waste Management,Sweeping Not Done,Malleshwaram,2026-04-20,Resolved,320,19,No,None,No,2,Low
C004571,P0762,Water Supply,No Water Supply,Hoodi,2026-04-20,Closed,200,23,Yes,None,Yes,2,Medium
C004572,P2901,Water Supply,No Water Supply,Bellandur,2026-04-20,Closed,620,65,Yes,None,No,16,High
C004573,P1334,Water Supply,Pipeline Leakage,BTM Layout,2026-04-20,Closed,0,38,No,High,Yes,4,Critical
C004574,P1378,Water Supply,Pipeline Leakage,BTM Layout,2026-04-20,Closed,140,22,No,High,Yes,4,Critical
C004575,P1300,Street Infrastructure,Damaged Signboard,Jalahalli,2026-04-20,Resolved,130,24,No,Medium,No,4,High
C004576,P0041,Street Infrastructure,Bus Shelter Damaged,BTM Layout,2026-04-20,Closed,110,7,No,Low,No,4,Low
C004577,P2113,Public Sanitation,Unclean Public Area,BTM Layout,2026-04-20,Closed,270,,No,Medium,Yes,4,Low
C004578,P1797,Electrical,Street Light Not Working,Kadugodi,2026-04-20,Closed,35,15,Yes,Low,No,1,Medium
C004579,P2937,Electrical,Street Light Not Working,Sadashivanagar,2026-04-20,Resolved,598,42,No,Medium,Yes,2,Medium
C004580,P0627,Road Maintenance,Road Maintenance Required,Chickpet,2026-04-20,Closed,35,10,No,None,No,16,Low
C004581,P1834,Others,Stray Cattle on Road,Basavanagudi,2026-04-20,Resolved,130,1,No,High,No,6,Medium
C004582,P0651,Electrical,Street Light Not Working,Whitefield,2026-04-20,Closed,8,3,No,Medium,Yes,2,Medium
C004583,P0835,Road Maintenance,Pothole,Yelahanka,2026-04-20,Resolved,175,5,Yes,Medium,,6,Medium
C004584,P2277,Road Maintenance,Pothole,Hosahalli,2026-04-20,Resolved,95,12,No,High,Yes,8,High
C004585,P2759,Road Infrastructure,Road Cutting Not Restored,Mathikere,2026-04-20,Resolved,110,19,No,Critical,Yes,24,High
C004586,P0422,Public Sanitation,Unclean Public Area,BTM Layout,2026-04-20,Resolved,180,11,Yes,None,Yes,4,Low
C004587,P1074,Electrical,Multiple Street Lights Not Working,Sadashivanagar,2026-04-20,Closed,8000,4,No,Low,No,4,Low
C004588,P1220,Water Supply,No Water Supply,Hoodi,2026-04-20,Closed,200,18,Yes,None,Yes,2,Medium
C004589,P2170,Solid Waste Management,Garbage Vehicle Not Arrived,Mathikere,2026-04-21,Resolved,96,11,Yes,Low,Yes,2,Medium
C004590,P0814,Solid Waste Management,Garbage Not Collected,JP Nagar,2026-04-21,Resolved,100,21,Yes,High,Yes,1,High
C004591,P2656,Electrical,Damaged Street Light,Padmanabhanagar,2026-04-21,Closed,40,3,No,Medium,No,4,Low
C004592,P2134,Electrical,Street Light Not Working,Hoodi,2026-04-21,Closed,60,17,No,Medium,,6,Medium
C004593,P0214,Water Supply,No Water Supply,Mathikere,2026-04-21,Closed,308,32,Yes,Low,Yes,12,Medium
C004594,P0123,Health,Public Health Sanitation Issue,Kadugodi,2026-04-21,Closed,180,23,Yes,Medium,Yes,4,Medium
C004595,P2400,Road Maintenance,Footpath Damage,Malleshwaram,2026-04-21,Closed,327,89,No,Low,Yes,8,Medium
C004596,P0383,Water Supply,Water Leakage,Hosahalli,2026-04-21,Closed,120,22,No,Medium,Yes,4,Low
C004597,P0219,Health,Increase in Mosquito Density,Yelahanka,2026-04-21,Resolved,103,32,No,Medium,Yes,6,High
C004598,P2815,Solid Waste Management,Garbage Dump,Mathikere,2026-04-21,Closed,73,,No,High,No,12,Medium
C004599,P0379,Road Maintenance,Footpath Damage,Malleshwaram,2026-04-21,Closed,240,39,Yes,Low,No,8,Medium
C004600,P1923,Solid Waste Management,Garbage Not Collected,JP Nagar,2026-04-21,Resolved,96,13,Yes,High,Yes,1,High
C004601,P2291,Solid Waste Management,Garbage Not Collected,JP Nagar,2026-04-21,Closed,100,19,Yes,High,Yes,1,High
C004602,P0587,Electrical,Damaged Street Light,Padmanabhanagar,2026-04-21,Resolved,30,2,No,Medium,No,4,Low
C004603,P0215,Solid Waste Management,Garbage Not Collected,Hoodi,2026-04-21,In Progress,387,11,No,None,Yes,4,Low
C004604,P0841,Solid Waste Management,Garbage Dump,Mathikere,2026-04-21,Resolved,49,4,No,High,Yes,12,Medium
C004605,P2269,Water Supply,No Water Supply,Mathikere,2026-04-21,Resolved,330,30,Yes,None,Yes,12,Medium
C004606,P0424,Water Supply,No Water Supply,Bellandur,2026-04-21,Closed,610,72,Yes,Low,No,16,High
C004607,P2729,Solid Waste Management,Garbage Vehicle Not Arrived,Shantinagar,2026-04-21,In Progress,209,1,No,Medium,Yes,2,Low
C004608,P2257,Drainage,Drain Overflow,Koramangala,2026-04-22,Closed,140,8,Yes,Low,Yes,8,Medium
C004609,P0914,Public Sanitation,Unclean Public Area,Whitefield,2026-04-22,Closed,280,,No,None,Yes,2,Low
C004610,P2429,Water Supply,Water Leakage,Hosahalli,2026-04-22,Closed,120,21,No,Medium,Yes,4,Low
C004611,P2187,Solid Waste Management,Garbage Vehicle Not Arrived,Mathikere,2026-04-22,Closed,119,20,Yes,None,Yes,2,Medium
C004612,P2417,Electrical,Street Light Not Working,Byatarayanapura,2026-04-22,Closed,,12,No,Low,No,1,Low
C004613,P2741,Electrical,Damaged Street Light,Basavanagudi,2026-04-22,Resolved,30,1,No,Critical,Yes,1,High
C004614,P0936,Drainage,Drain Overflow,Koramangala,2026-04-22,Closed,103,4,Yes,None,Yes,8,Medium
C004615,P2088,Road Infrastructure,Road Cutting Not Restored,Mathikere,2026-04-22,Resolved,90,15,No,High,Yes,24,High
C004616,P0479,Public Sanitation,Unclean Public Area,Arekere,2026-04-22,Closed,55,7,No,None,No,8,Low
C004617,P0660,Solid Waste Management,Sweeping Not Done,Malleshwaram,2026-04-22,Closed,25000,2,No,None,Yes,3,Low
C004618,P2937,Electrical,Multiple Street Lights Not Working,Sadashivanagar,2026-04-22,Resolved,50,5,No,Low,No,6,Medium
C004619,P2785,Drainage,Open Drain,Domlur,2026-04-22,Resolved,140,12,No,High,Yes,24,High
C004620,P0924,Electrical,Electric Pole Damaged,Bellandur,2026-04-22,Closed,15,1,No,Medium,No,24,Medium
C004621,P2301,Solid Waste Management,Garbage Not Collected,Mathikere,2026-04-22,In Progress,20,12,Yes,None,Yes,1,Medium
C004622,P1807,Electrical,Street Light Not Working,Byatarayanapura,2026-04-22,Closed,130,17,No,,No,1,Low
C004623,P1114,Road Maintenance,Pothole,Hosahalli,2026-04-22,Closed,110,18,No,Medium,Yes,12,High
C004624,P0796,Drainage,Drain Overflow,Koramangala,2026-04-22,Closed,180,15,Yes,Low,Yes,8,Medium
C004625,P0043,Solid Waste Management,Garbage Not Collected,Hoodi,2026-04-22,Closed,230,9,No,None,Yes,4,Low
C004626,P0612,Water Supply,No Water Supply,Mathikere,2026-04-22,Closed,308,21,Yes,None,Yes,,Medium
C004627,P2154,Drainage,Damaged Drain,Vijayanagar,2026-04-22,Resolved,35,4,No,Low,No,24,Low
C004628,P2951,Solid Waste Management,Garbage Not Collected,Hoodi,2026-04-23,Closed,387,18,No,None,Yes,3,Low
C004629,P1014,Water Supply,Pipeline Leakage,Bellandur,2026-04-23,Closed,160,30,Yes,High,No,4,High
C004630,P2788,Drainage,Drain Overflow,Koramangala,2026-04-23,Closed,103,13,Yes,Low,Yes,6,Medium
C004631,P0639,Road Maintenance,Pothole,Shantinagar,2026-04-23,Resolved,1200,72,No,Medium,Yes,12,Medium
C004632,P0115,Water Supply,Pipeline Leakage,Ulsoor,2026-04-23,Closed,250,11,Yes,Low,No,8,Medium
C004633,P1235,Water Supply,Water Leakage,Hosahalli,2026-04-23,Resolved,120,24,No,Medium,,4,Low
C004634,P2277,Solid Waste Management,Garbage Vehicle Not Arrived,Hosahalli,2026-04-23,Closed,50,1,No,None,Yes,3,Low
C004635,P2559,Solid Waste Management,Garbage Not Collected,Mathikere,2026-04-23,Closed,25,14,Yes,None,Yes,1,Medium
C004636,P0271,Road Infrastructure,Road Encroachment,Marathahalli,2026-04-23,Resolved,220,3,No,Medium,No,16,Medium
C004637,P2212,Health,Public Health Sanitation Issue,Hosahalli,2026-04-23,Closed,75,1,No,Medium,No,4,Low
C004638,P2205,Water Supply,Water Leakage,Bellandur,2026-04-23,Closed,60,1,Yes,Medium,No,12,Medium
C004639,P2399,Solid Waste Management,Garbage Not Collected,Marathahalli,2026-04-24,Resolved,960,144,No,Low,No,6,Low
C004640,P0191,Drainage,Drain Overflow,Koramangala,2026-04-24,Closed,75,3,Yes,Low,Yes,8,Medium
C004641,P0049,Health,Stray Dog Menace,Sarakki,2026-04-24,Closed,10,3,No,Low,Yes,8,Low
C004642,P0726,Road Infrastructure,Road Encroachment,Marathahalli,2026-04-24,Resolved,290,2,No,Medium,No,16,Low
C004643,P1615,Solid Waste Management,Garbage Vehicle Not Arrived,Bellandur,2026-04-24,Closed,130,10,No,None,No,2,Low
C004644,P1440,Solid Waste Management,Garbage Not Collected,Marathahalli,2026-04-24,Closed,650,73,No,Low,No,8,Medium
C004645,P0872,Electrical,Street Light Not Working,Byatarayanapura,2026-04-24,Closed,100,19,Yes,Low,No,1,Low
C004646,P2527,Road Maintenance,Footpath Damage,Mathikere,2026-04-24,Closed,15,1,No,Low,No,12,Low
C004647,P2423,Solid Waste Management,Garbage Not Collected,Marathahalli,2026-04-24,Resolved,620,55,No,Low,No,8,Medium
C004648,P1899,Water Supply,Pipeline Leakage,Ulsoor,2026-04-24,Closed,250,26,Yes,Low,No,,Low
C004649,P0133,Solid Waste Management,Garbage Not Collected,Marathahalli,2026-04-24,Closed,490,,No,Low,Yes,8,Medium
C004650,P2718,Road Infrastructure,Road Encroachment,Marathahalli,2026-04-24,Closed,364,4,No,Medium,No,,Medium
C004651,P2156,Water Supply,Water Leakage,Kadugodi,2026-04-24,Resolved,180,10,Yes,Low,No,12,Medium
C004652,P2197,Drainage,Damaged Drain ,Vijayanagar,2026-04-24,Closed,339,56,Yes,Low,Yes,12,Medium
C004653,P0081,Solid Waste Management,Garbage Not Collected,Marathahalli,2026-04-24,Closed,620,63,No,Low,No,8,Medium
C004654,P0542,Health,Public Health Sanitation Issue,Sarakki,2026-04-24,Resolved,160,8,No,Low,No,4,Medium
C004655,P1141,Solid Waste Management,Garbage Not Collected,Marathahalli,2026-04-24,Closed,620,68,No,Low,Yes,8,Medium
C004656,P1618,Solid Waste Management,Garbage Vehicle Not Arrived,Shantinagar,2026-04-25,Closed,220,59,Yes,Low,Yes,6,Low
C004657,P2559,Road Maintenance,Footpath Damage,Mathikere,2026-04-25,Closed,15,1,No,Low,No,8,Low
C004658,P1009,Solid Waste Management,Garbage Not Collected,Sarakki,2026-04-25,Closed,167,33,No,Medium,Yes,1,High
C004659,P1009,Solid Waste Management,Garbage Not Collected,Sarakki,2026-04-25,Closed,106,33,No,High,Yes,1,High
C004660,P2779,Solid Waste Management,Garbage Not Collected,Marathahalli,2026-04-25,Closed,620,70,No,None,No,8,Medium
C004661,P2172,Solid Waste Management,Garbage Not Collected,Marathahalli,2026-04-25,Resolved,620,113,,Low,No,8,Medium
C004662,P1009,Health,Public Health Sanitation Issue,Sarakki,2026-04-25,Closed,200,13,No,Low,No,4,Medium
C004663,P1737,Water Supply,Pipeline Leakage,Bellandur,2026-04-25,Resolved,120,31,Yes,High,Yes,4,High
C004664,P2223,Solid Waste Management,Garbage Vehicle Not Arrived,Hosahalli,2026-04-25,Resolved,55,1,Yes,None,Yes,3,Low
C004665,P2154,Drainage,Damaged Drain,Vijayanagar,2026-04-25,Resolved,339,95,Yes,Low,Yes,12,High
C004666,P1368,Water Supply,No Water Supply,Hoodi,2026-04-25,Closed,4000,542,Yes,Low,Yes,4,Medium
C004667,P1315,Public Sanitation,Public Toilet Not Maintained,Malleshwaram,2026-04-25,Closed,95,29,No,Low,No,2,Low
C004668,P1548,Solid Waste Management,Garbage Not Collected,Marathahalli,2026-04-25,Closed,657,66,No,Low,No,8,Medium
C004669,P1913,Solid Waste Management,Garbage Not Collected,Marathahalli,2026-04-25,Closed,620,84,No,Medium,No,8,Medium
C004670,P2336,Electrical,Damaged Street Light,Chamrajpet,2026-04-25,Closed,8,3,No,Medium,No,2,Medium
C004671,P2291,Others,Miscellaneous Complaint,BTM Layout,2026-04-25,In Progress,10,1,No,Medium,No,6,Low
C004672,P2150,Solid Waste Management,Garbage Not Collected,Sarakki,2026-04-25,Closed,160,44,No,Low,Yes,1,High
C004673,P2849,Solid Waste Management,Garbage Not Collected,Marathahalli,2026-04-25,Resolved,620,42,No,Medium,No,8,Medium
C004674,P2547,Solid Waste Management,Garbage Not Collected,Marathahalli,2026-04-25,Closed,620,79,No,Medium,No,6,Medium
C004675,P2902,Road Infrastructure,Speed Breaker Required,Bellandur,2026-04-25,Closed,120,18,No,None,No,8,Medium
C004676,P0318,Solid Waste Management,Garbage Not Collected,Marathahalli,2026-04-25,Resolved,620,90,No,Low,No,8,Medium
C004677,P0424,Water Supply,Pipeline Leakage,Bellandur,2026-04-25,Closed,90,23,Yes,Medium,No,3,High
C004678,P2042,Drainage,Damaged Drain,Vijayanagar,2026-04-25,Resolved,339,121,Yes,Low,Yes,12,High
C004679,P1170,Solid Waste Management,Garbage Not Collected,Marathahalli,2026-04-25,Resolved,760,80,No,Low,No,8,Medium
C004680,P2937,Street Infrastructure,Damaged Footpath Railing,Sadashivanagar,2026-04-25,Resolved,15,2,No,Medium,Yes,16,Low
C004681,P0069,Water Supply,Pipeline Leakage,Domlur,2026-04-26,Closed,430,46,Yes,Low,No,16,High
C004682,P1917,Street Infrastructure,Damaged Footpath Railing,Sadashivanagar,2026-04-26,Resolved,25,3,No,Medium,Yes,24,Low
C004683,P0621,Solid Waste Management,Garbage Not Collected,Marathahalli,2026-04-26,Closed,430,32,No,,No,8,Medium
C004684,P2003,Road Maintenance,Footpath Damage,Mathikere,2026-04-26,Resolved,15,1,No,Low,Yes,8,Low
C004685,P1598,Water Supply,Pipeline Leakage,Domlur,2026-04-26,Closed,514,94,No,Low,No,16,High
C004686,P1499,Solid Waste Management,Garbage Not Collected,Marathahalli,2026-04-26,Closed,991,184,No,Low,Yes,8,Medium
C004687,P2291,Road Infrastructure,Road Encroachment,JP Nagar,2026-04-26,Resolved,130,1,No,None,No,16,Low
C004688,P0785,Road Maintenance,Footpath Damage,Rajajinagar,2026-04-26,Closed,140,6,No,High,Yes,12,Medium
C004689,P1828,Solid Waste Management,Garbage Not Collected,Marathahalli,2026-04-26,In Progress,471,40,No,Medium,No,8,Medium
C004690,P2582,Solid Waste Management,Garbage Not Collected,Marathahalli,2026-04-26,Resolved,620,92,No,Low,No,8,Medium
C004691,P1072,Water Supply,Pipeline Leakage,Ulsoor,2026-04-26,Resolved,,42,Yes,Medium,Yes,24,High
C004692,P2594,Water Supply,No Water Supply,Hoodi,2026-04-26,Resolved,5900,475,Yes,Medium,Yes,4,Medium
C004693,P0122,Solid Waste Management,Garbage Vehicle Not Arrived,Malleshwaram,2026-04-26,Resolved,690,89,No,Low,Yes,3,Low
C004694,P0400,Public Sanitation,Public Toilet Not Maintained,Yelahanka,2026-04-26,In Progress,180,13,No,Medium,No,4,Medium
C004695,P0482,Road Infrastructure,Speed Breaker Required,Bellandur,2026-04-26,Closed,340,57,No,Critical,Yes,16,High
C004696,P1958,Water Supply,Water Leakage,Bellandur,2026-04-26,Closed,49,1,Yes,Low,No,12,Medium
C004697,P2718,Solid Waste Management,Garbage Not Collected,Marathahalli,2026-04-26,Resolved,620,74,No,Low,No,6,Medium
C004698,P0482,Solid Waste Management,Sweeping Not Done,Rajajinagar,2026-04-26,Closed,15,0,No,None,No,6,Low
C004699,P1055,Public Sanitation,Public Toilet Not Maintained,Kadugodi,2026-04-26,In Progress,370,117,No,Medium,Yes,6,High
C004700,P0721,Solid Waste Management,Garbage Not Collected,Sarakki,2026-04-26,Closed,167,62,No,High,No,2,High
C004701,P2171,Water Supply,Water Leakage,Kadugodi,2026-04-26,Closed,180,13,No,Low,No,16,Medium
C004702,P2171,Water Supply,Water Leakage,Kadugodi,2026-04-26,Closed,200,13,No,Low,No,16,Medium
C004703,P1087,Solid Waste Management,Garbage Vehicle Not Arrived,Whitefield,2026-04-26,Closed,120,8,No,Low,Yes,6,Low
C004704,P0317,Road Maintenance,Pothole,Begur,2026-04-27,Resolved,25,1,Yes,High,Yes,24,High
C004705,P0810,Others,Miscellaneous Complaint,Banaswadi,2026-04-27,Closed,80,0,No,Low,No,4,Low
C004706,P2533,Road Maintenance,Road Maintenance Required,BTM Layout,2026-04-27,Resolved,1100,5,No,High,Yes,3,High
C004707,P2535,Road Maintenance,Pothole,Shivajinagar,2026-04-27,Closed,110,0,No,Medium,No,12,Medium
C004708,P2083,Road Maintenance,Pothole,Shivajinagar,2026-04-27,Resolved,170,0,Yes,Medium,No,16,Medium
C004709,P0962,Revenue Department,Trade Licence Issue,Peenya,2026-04-27,Closed,1,0,No,None,Yes,2,Low
C004710,P2533,Road Infrastructure,Road Signage Missing,BTM Layout,2026-04-27,Closed,65,11,No,Low,No,6,Low
C004711,P1936,Road Infrastructure,Speed Breaker Required,Bellandur,2026-04-27,Resolved,100,8,No,None,No,8,Medium
C004712,P1618,Street Infrastructure,Damaged Footpath Railing,Sadashivanagar,2026-04-27,Resolved,20,4,No,Medium,Yes,12,Low
C004713,P2789,Solid Waste Management,Garbage Vehicle Not Arrived,Malleshwaram,2026-04-27,Resolved,550,59,No,None,Yes,4,Medium
C004714,P2527,Solid Waste Management,Garbage Dump,Basavanagudi,2026-04-27,Resolved,35,2,No,None,No,2,Low
C004715,P1249,Solid Waste Management,Garbage Dumping in Vacant Site,Sadashivanagar,2026-04-27,Resolved,120,17,No,Low,No,4,Medium
C004716,P0005,Electrical,Multiple Street Lights Not Working,Malleshwaram,2026-04-27,Resolved,65,15,No,High,Yes,2,High
C004717,P0660,Solid Waste Management,Garbage Vehicle Not Arrived,Malleshwaram,2026-04-27,Resolved,690,82,No,None,Yes,3,Medium
C004718,P2464,Solid Waste Management,Garbage Not Collected,Sarakki,2026-04-27,Resolved,190,,No,Medium,Yes,1,High
C004719,P1466,Solid Waste Management,Garbage Dump,BTM Layout,2026-04-27,Resolved,45,15,No,Medium,No,8,Low
C004720,P1466,Solid Waste Management,Garbage Dump,BTM Layout,2026-04-27,Resolved,45,15,No,,No,8,Low
C004721,P0608,Water Supply,Pipeline Leakage,Ulsoor,2026-04-27,Closed,379,52,Yes,Medium,Yes,36,High
C004722,P2671,Electrical,Damaged Street Light,Jalahalli,2026-04-27,Resolved,20,1,No,None,No,8,Low
C004723,P1867,Public Sanitation,Public Toilet Not Maintained,Kadugodi,2026-04-27,Closed,260,71,No,Medium,Yes,6,High
C004724,P0332,Electrical,Multiple Street Lights Not Working,Malleshwaram,2026-04-27,Resolved,55,17,No,Critical,Yes,2,High
C004725,P2744,Electrical,Multiple Street Lights Not Working,JP Nagar,2026-04-28,Closed,95,12,No,Critical,No,6,High
C004726,P2818,Solid Waste Management,Garbage Dumping in Vacant Site,Hosahalli,2026-04-28,Closed,15,2,No,Low,No,4,Low
C004727,P1436,Solid Waste Management,Garbage Dumping in Vacant Site,Hebbal,2026-04-28,Closed,40,2,Yes,High,Yes,4,Medium
C004728,P0422,Solid Waste Management,Garbage Not Collected,BTM Layout,2026-04-28,Resolved,540,50,No,Medium,No,3,Medium
C004729,P2860,Electrical,Multiple Street Lights Not Working,JP Nagar,2026-04-28,Closed,95,17,,High,No,6,High
C004730,P0530,Solid Waste Management,Garbage Not Collected,BTM Layout,2026-04-28,Closed,450,47,Yes,Medium,No,2,Medium
C004731,P0293,Street Infrastructure,Bus Shelter Damaged,Hennur,2026-04-28,Resolved,20,2,No,Low,,8,Low
C004732,P0704,Solid Waste Management,Garbage Dumping in Vacant Site,Hebbal,2026-04-28,Closed,32,2,Yes,Medium,Yes,,Low
C004733,P0583,Electrical,Multiple Street Lights Not Working,Malleshwaram,2026-04-28,Closed,60,12,Yes,Critical,Yes,2,High
C004734,P0884,Electrical,Multiple Street Lights Not Working,Malleshwaram,2026-04-28,Resolved,90,10,No,High,Yes,3,High
C004735,P0884,Solid Waste Management,Garbage Dumping in Vacant Site,Malleshwaram,2026-04-28,Closed,15,2,No,Low,Yes,12,Medium
C004736,P0217,Electrical,Multiple Street Lights Not Working,Malleshwaram,2026-04-28,Closed,55,8,No,High,Yes,1,High
C004737,P0347,Others,Miscellaneous Complaint,Sarakki,2026-04-28,Resolved,50,4,No,Low,No,1,Low
C004738,P0866,Road Maintenance,Footpath Damage,Padmanabhanagar,2026-04-28,Closed,260,10,No,Medium,Yes,12,High
C004739,P0439,Public Sanitation,Public Toilet Not Maintained,Yelahanka,2026-04-28,In Progress,187,22,No,Medium,No,4,Medium
C004740,P1050,Solid Waste Management,Garbage Dump,Basavanagudi,2026-04-28,Closed,35,45,Yes,None,No,2,Low
C004741,P2966,Water Supply,Pipeline Leakage,Domlur,2026-04-28,Closed,330,37,Yes,Low,No,16,High
C004742,P1554,Water Supply,Pipeline Leakage,Domlur,2026-04-28,Resolved,380,43,Yes,Low,No,16,High
C004743,P0496,Solid Waste Management,Garbage Not Collected,BTM Layout,2026-04-28,Resolved,610,75,No,,No,2,Medium
C004744,P0414,Road Maintenance,Road Surface Damage,Basavanagudi,2026-04-28,Resolved,80,2,No,None,No,8,Low
C004745,P2777,Road Infrastructure,Speed Breaker Required,Ulsoor,2026-04-29,Closed,60,5,No,Low,Yes,8,Low
C004746,P0243,Street Infrastructure,Damaged Signboard,Mathikere,2026-04-29,Resolved,19,1,No,None,No,12,Low
C004747,P1451,Revenue Department,Khata Related Issue,Kengeri,2026-04-29,In Progress,40,9,No,None,No,2,Low
C004748,P2132,Solid Waste Management,Garbage Not Collected,Shantinagar,2026-04-29,In Progress,190,2,No,Low,No,2,Medium
C004749,P1618,Solid Waste Management,Garbage Not Collected,Shantinagar,2026-04-29,Resolved,190,2,No,Low,No,2,Medium
C004750,P0700,Electrical,Multiple Street Lights Not Working,Malleshwaram,2026-04-29,Closed,70,18,No,High,Yes,2,High
C004751,P0700,Electrical,Multiple Street Lights Not Working,Malleshwaram,2026-04-29,Closed,,18,No,High,Yes,2,High
C004752,P2418,Street Infrastructure,Damaged Footpath Railing,Jalahalli,2026-04-29,Resolved,90,3,No,Medium,No,16,Medium
C004753,P1426,Solid Waste Management,Sweeping Not Done,JP Nagar,2026-04-29,Resolved,160,10,,Low,No,2,Medium
C004754,P1860,Health,Stray Dog Menace,Jayanagar,2026-04-29,Resolved,70,31,No,None,No,1,Low
C004755,P2727,Electrical,Street Light Not Working,Dasarahalli,2026-04-29,In Progress,65,16,No,Low,Yes,0.5,Medium
C004756,P1262,Road Maintenance,Pothole,Shivajinagar,2026-04-29,Closed,110,0,No,Medium,No,12,Medium
C004757,P1262,Road Maintenance,Pothole,Shivajinagar,2026-04-29,Closed,110,0,No,Medium,No,12,Medium
C004758,P1843,Solid Waste Management,Garbage Not Collected,Chamrajpet,2026-04-29,Closed,15,3,No,,Yes,6,Low
C004759,P1191,Road Maintenance,Pothole,Banaswadi,2026-04-29,Resolved,178,0,Yes,Medium,No,8,Low
C004760,P2484,Solid Waste Management,Garbage Not Collected,Shantinagar,2026-04-29,Closed,190,2,No,Low,No,2,Medium
C004761,P1467,Solid Waste Management,Garbage Not Collected,Chamrajpet,2026-04-29,Closed,20,3,No,Low,Yes,6,Low
C004762,P1909,Solid Waste Management,Garbage Dumping in Vacant Site,Malleshwaram,2026-04-29,Resolved,15,2,No,Low,Yes,6,Medium
C004763,P0107,Solid Waste Management,Garbage Not Collected,Shantinagar,2026-04-29,Resolved,260,3,Yes,None,No,1,Medium
C004764,P0107,Solid Waste Management,Garbage Not Collected,Shantinagar,2026-04-29,Resolved,260,3,Yes,None,No,1,Medium
C004765,P0062,Electrical,Multiple Street Lights Not Working,Malleshwaram,2026-04-29,Resolved,65,15,No,High,No,2,High
C004766,P2259,Solid Waste Management,Garbage Not Collected,Chamrajpet,2026-04-29,Closed,35,6,No,Low,Yes,8,Low
C004767,P1613,Street Infrastructure,Bus Shelter Damaged,Hosahalli,2026-04-29,Closed,95,12,No,Critical,Yes,4,High
C004768,P2818,Solid Waste Management,Garbage Dumping in Vacant Site,Hosahalli,2026-04-29,Closed,15,2,No,Low,No,4,Low
C004769,P1683,Solid Waste Management,Garbage Dumping in Vacant Site,Vijayanagar,2026-04-29,Resolved,260,46,No,High,No,,High
C004770,P1683,Solid Waste Management,Garbage Dumping in Vacant Site,Vijayanagar,2026-04-29,Resolved,252,46,No,High,No,8,High
C004771,P0114,Road Infrastructure,Road Encroachment,Kadugodi,2026-04-29,Closed,60,11,No,Low,No,4,Low
C004772,P0114,Road Infrastructure,Road Encroachment,Kadugodi,2026-04-29,Closed,60,11,No,Low,No,4,Low
C004773,P2291,Solid Waste Management,Garbage Not Collected,BTM Layout,2026-04-29,Resolved,500,88,No,Medium,No,2,Medium
C004774,P1467,Electrical,Street Light Not Working,Chamrajpet,2026-04-29,Resolved,130,13,No,Low,No,1,Medium
C004775,P2737,Electrical,Street Light Not Working,Mathikere,2026-04-29,Closed,9,0,No,High,Yes,2,Medium
C004776,P2215,Public Sanitation,Public Toilet Not Maintained,Jayanagar,2026-04-29,Resolved,281,,No,High,No,4,High
C004777,P1965,Solid Waste Management,Garbage Not Collected,Jayanagar,2026-04-30,Closed,280,12,Yes,Low,Yes,4,High
C004778,P1219,Street Infrastructure,Fallen Tree Branch,Bommanahalli,2026-04-30,Resolved,160,1,No,None,No,6,Low
C004779,P1860,Solid Waste Management,Garbage Not Collected,Jayanagar,2026-04-30,Resolved,230,5,Yes,Low,Yes,6,High
C004780,P0237,Electrical,Street Light Not Working,Sarakki,2026-04-30,Closed,170,7,No,Low,Yes,0.5,Low
C004781,P0038,Solid Waste Management,Garbage Dumping in Vacant Site,Malleshwaram,2026-04-30,Resolved,9,2,No,Low,Yes,8,Low
C004782,P0131,Solid Waste Management,Garbage Not Collected,BTM Layout,2026-04-30,Closed,500,60,No,Medium,No,2,Medium
C004783,P1196,Electrical,Street Light Not Working,Dasarahalli,2026-04-30,In Progress,95,23,No,Low,Yes,0.5,Medium
C004784,P0706,Solid Waste Management,Garbage Not Collected,Shantinagar,2026-04-30,Resolved,190,2,No,Low,No,2,High
C004785,P1903,Solid Waste Management,Garbage Dump,Begur,2026-04-30,Resolved,15,1,No,High,Yes,2,Medium
C004786,P1835,Solid Waste Management,Garbage Not Collected,Jayanagar,2026-04-30,Closed,180,9,Yes,Low,Yes,3,Critical
C004787,P2711,Solid Waste Management,Garbage Not Collected,Jayanagar,2026-04-30,Resolved,230,,Yes,Low,No,4,High
C004788,P2291,Solid Waste Management,Garbage Not Collected,BTM Layout,2026-04-30,Resolved,500,88,No,Medium,No,2,Medium
C004789,P1612,Revenue Department,Khata Related Issue,Byatarayanapura,2026-04-30,Resolved,6,0,No,Low,No,0.5,Low
C004790,P0370,Solid Waste Management,Garbage Not Collected,Ulsoor,2026-04-30,Resolved,80,1,No,Low,No,3,Low
C004791,P1910,Solid Waste Management,Sweeping Not Done,JP Nagar,2026-04-30,Closed,160,7,No,Low,No,2,Medium
C004792,P2593,Solid Waste Management,Garbage Not Collected,Shantinagar,2026-04-30,Closed,250,3,No,Low,No,2,Medium
C004793,P2874,Solid Waste Management,Garbage Not Collected,Jayanagar,2026-04-30,Resolved,270,8,Yes,Low,Yes,4,High
C004794,P1013,Street Infrastructure,Fallen Tree Branch,Bommanahalli,2026-04-30,Resolved,98,1,No,Low,No,4,Low
C004795,P2400,Revenue Department,Trade Licence Issue,Malleshwaram,2026-05-01,Closed,5,0,No,None,No,2,Low
C004796,P1577,Solid Waste Management,Garbage Not Collected,Shantinagar,2026-05-01,Resolved,230,2,No,Low,No,2,Low
C004797,P1857,Electrical,Multiple Street Lights Not Working,Yelahanka,2026-05-01,Resolved,19,4,No,Medium,No,8,Critical
C004798,P0023,Sewerage,Sewer Line Blockage,Byatarayanapura,2026-05-01,Resolved,269,13,No,Critical,No,12,High
C004799,P1043,Electrical,Street Light Not Working,Dasarahalli,2026-05-01,In Progress,65,11,No,Low,Yes,0.5,Medium
C004800,P0076,Health,Public Health Sanitation Issue,Domlur,2026-05-01,Closed,,,Yes,None,No,6,Medium
C004801,P2666,Solid Waste Management,Sweeping Not Done,BTM Layout,2026-05-01,Closed,90,6,No,Medium,Yes,4,Medium
C004802,P0556,Solid Waste Management,Garbage Not Collected,Jayanagar,2026-05-01,Closed,230,8,Yes,Low,Yes,4,High
C004803,P1743,Solid Waste Management,Garbage Not Collected,Shantinagar,2026-05-01,Resolved,190,3,No,Low,No,2,Medium
C004804,P1199,Public Sanitation,Garbage Burning,Shantinagar,2026-05-01,Closed,32,10,No,Low,No,1,Medium
C004805,P1626,Electrical,Street Light Not Working,Chamrajpet,2026-05-01,Closed,16,1,No,High,Yes,1,High
C004806,P0412,Electrical,Multiple Street Lights Not Working,Yelahanka,2026-05-01,Closed,20,5,No,High,No,8,Critical
C004807,P2212,Street Infrastructure,Bus Shelter Damaged,Hosahalli,2026-05-01,Closed,45,11,No,Medium,Yes,6,Medium
C004808,P2154,Electrical,Damaged Street Light,Vijayanagar,2026-05-01,Resolved,30,3,No,Medium,Yes,4,Medium
C004809,P1131,Solid Waste Management,Garbage Not Collected,Jayanagar,2026-05-01,Closed,250,7,Yes,Low,Yes,4,High
C004810,P0529,Solid Waste Management,Garbage Not Collected,Ulsoor,2026-05-02,Resolved,70,2,No,None,No,4,Low
C004811,P1993,Solid Waste Management,Garbage Vehicle Not Arrived,Whitefield,2026-05-02,Resolved,75,6,Yes,Low,Yes,4,Medium
C004812,P2568,Sewerage,Sewer Line Blockage,Byatarayanapura,2026-05-02,Closed,190,10,No,Critical,No,12,High
C004813,P1858,Solid Waste Management,Garbage Not Collected,Ulsoor,2026-05-02,Resolved,70,1,No,Low,No,4,Low
C004814,P2152,Road Infrastructure,Road Encroachment,Mathikere,2026-05-02,Resolved,160,12,No,Low,Yes,8,Medium
C004815,P0722,Health,Public Health Sanitation Issue,HSR Layout,2026-05-02,Resolved,110,16,No,High,Yes,3,Medium
C004816,P2274,Sewerage,Sewer Line Blockage,Byatarayanapura,2026-05-02,Closed,156,10,No,Critical,No,12,High
C004817,P0078,Revenue Department,Trade Licence Issue,Hosahalli,2026-05-02,Closed,2,0,No,None,No,0.5,Low
C004818,P0194,Drainage,Drain Overflow,Hosahalli,2026-05-02,Closed,110,24,Yes,High,No,4,High
C004819,P1329,Sewerage,Manhole Overflow,Malleshwaram,2026-05-02,Closed,600,145,Yes,Low,No,4,Medium
C004820,P1365,Solid Waste Management,Garbage Vehicle Not Arrived,Sadashivanagar,2026-05-02,Resolved,80,4,Yes,Low,No,2,Low
C004821,P0065,Road Infrastructure,Road Encroachment,Jalahalli,2026-05-02,Closed,120,10,No,Low,Yes,8,Low
C004822,P2238,Sewerage,Manhole Overflow,Malleshwaram,2026-05-02,Resolved,420,103,Yes,Low,No,4,High
C004823,P0579,Solid Waste Management,Garbage Dump,Shivajinagar,2026-05-03,Resolved,25,2,Yes,None,Yes,8,Medium
C004824,P0123,Electrical,Street Light Not Working,Kadugodi,2026-05-03,Closed,9,0,No,Low,No,4,Medium
C004825,P0569,Revenue Department,Khata Related Issue,Kadugodi,2026-05-03,Closed,1,0,No,Low,No,3,Low
C004826,P1859,Electrical,Street Light Not Working,Dasarahalli,2026-05-03,Resolved,108,6,No,Low,Yes,8,Medium
C004827,P2510,Health,Public Health Sanitation Issue,Hoodi,2026-05-03,Closed,750,238,Yes,Medium,No,4,Medium
C004828,P0393,Electrical,Street Light Not Working,Kadugodi,2026-05-03,Closed,9,0,No,Medium,Yes,4,Medium
C004829,P2446,Electrical,Street Light Not Working,Dasarahalli,2026-05-03,Closed,43,3,No,Low,Yes,8,Low
C004830,P2363,Electrical,Multiple Street Lights Not Working,JP Nagar,2026-05-03,Closed,60,1,No,Medium,Yes,3,Medium
C004831,P0708,Road Maintenance,Footpath Damage,Electronic City,2026-05-03,Resolved,25,3,No,Medium,Yes,6,Medium
C004832,P0518,Road Maintenance,Road Maintenance Required,Malleshwaram,2026-05-03,Closed,530,12,No,Medium,No,2,Low
C004833,P2776,Water Supply,Pipeline Leakage,Chamrajpet,2026-05-03,Closed,,34,No,High,No,8,High
C004834,P0514,Health,Public Health Sanitation Issue,Hoodi,2026-05-03,Closed,420,108,Yes,Medium,No,4,Medium
C004835,P2184,Water Supply,Pipeline Leakage,Chamrajpet,2026-05-03,Closed,110,32,No,High,No,8,High
C004836,P1159,Solid Waste Management,Sweeping Not Done,Mathikere,2026-05-04,Closed,19,1,No,None,No,4,Low
C004837,P0215,Sewerage,Sewer Line Blockage,Hoodi,2026-05-04,In Progress,99,12,Yes,Low,No,4,High
C004838,P2051,Sewerage,Sewer Line Blockage,Hoodi,2026-05-04,In Progress,99,9,Yes,Medium,Yes,6,High
C004839,P0412,Road Maintenance,Footpath Damage,Yelahanka,2026-05-04,Resolved,100,24,No,Low,No,12,Low
C004840,P2291,Electrical,Multiple Street Lights Not Working,JP Nagar,2026-05-04,Closed,60,1,No,Low,Yes,2,Medium
C004841,P1824,Electrical,Multiple Street Lights Not Working,JP Nagar,2026-05-04,Resolved,60,1,No,Medium,Yes,2,Medium
C004842,P2348,Road Maintenance,Road Surface Damage,Yeshwanthpur,2026-05-04,Resolved,1100,149,No,Low,No,8,Medium
C004843,P1157,Solid Waste Management,Garbage Vehicle Not Arrived,Sadashivanagar,2026-05-04,Closed,80,4,Yes,Low,No,2,Low
C004844,P0383,Street Infrastructure,Damaged Signboard,Hosahalli,2026-05-04,Closed,15,1,No,Low,Yes,4,Low
C004845,P1291,Solid Waste Management,Garbage Vehicle Not Arrived,Whitefield,2026-05-04,Resolved,73,,Yes,Medium,Yes,3,Medium
C004846,P0023,Electrical,Multiple Street Lights Not Working,Byatarayanapura,2026-05-04,Closed,120,2,No,Medium,No,4,Low
C004847,P1626,Water Supply,Pipeline Leakage,Chamrajpet,2026-05-04,Closed,110,29,No,High,No,8,High
C004848,P2866,Solid Waste Management,Garbage Dump,Anjanapura,2026-05-04,Resolved,30,7,Yes,Medium,Yes,3,Medium
C004849,P1950,Road Maintenance,Road Surface Damage,Kodigehalli,2026-05-04,Resolved,1060,66,No,Medium,Yes,36,Medium
C004850,P1120,Water Supply,No Water Supply,Padmanabhanagar,2026-05-04,Resolved,213,23,Yes,Critical,No,6,Critical
C004851,P0665,Solid Waste Management,Garbage Not Collected,Mathikere,2026-05-04,Resolved,60,8,Yes,High,Yes,1,High
C004852,P1409,Water Supply,Pipeline Leakage,Chamrajpet,2026-05-04,Closed,110,44,No,High,No,6,High
C004853,P0706,Public Sanitation,Public Toilet Not Maintained,Shantinagar,2026-05-04,Closed,290,8,Yes,Medium,No,6,Medium
C004854,P0003,Others,Miscellaneous Complaint,Rajajinagar,2026-05-04,Assigned,20,3,No,None,No,1,Low
C004855,P0945,Others,Stray Cattle on Road,HSR Layout,2026-05-04,Resolved,15,2,No,Low,No,2,Low
C004856,P2201,Solid Waste Management,Garbage Not Collected,Bellandur,2026-05-04,Resolved,15,2,Yes,Low,No,2,Low
C004857,P0133,Drainage,Damaged Drain,Marathahalli,2026-05-04,Resolved,87,11,No,Low,Yes,12,Low
C004858,P2930,Electrical,Multiple Street Lights Not Working,Byatarayanapura,2026-05-04,Resolved,110,3,No,Medium,No,4,Low
C004859,P0078,Drainage,Drain Overflow,Hosahalli,2026-05-04,Closed,110,32,Yes,High,No,4,High
C004860,P0665,Electrical,Street Light Not Working,Mathikere,2026-05-04,Closed,15,4,No,Medium,Yes,1,Medium
C004861,P2148,Solid Waste Management,Garbage Dump,Shivajinagar,2026-05-04,Resolved,30,3,,None,No,8,Medium
C004862,P2877,Electrical,Street Light Not Working,Mathikere,2026-05-04,Resolved,20,4,No,Medium,Yes,1,Medium
C004863,P2567,Solid Waste Management,Garbage Dumping in Vacant Site,Malleshwaram,2026-05-05,Resolved,51,3,No,Low,Yes,4,Low
C004864,P2070,Electrical,Street Light Not Working,Mathikere,2026-05-05,Closed,20,5,No,Medium,Yes,1,Medium
C004865,P2269,Electrical,Damaged Street Light,Mathikere,2026-05-05,Closed,4,0,No,None,No,4,Low
C004866,P0708,Road Maintenance,Road Maintenance Required,Shivajinagar,2026-05-05,Resolved,240,1,No,High,No,4,High
C004867,P2900,Electrical,Street Light Not Working,Kadugodi,2026-05-05,Closed,75,4,No,Low,Yes,4,Medium
C004868,P1682,Street Infrastructure,Bus Shelter Damaged,Shivajinagar,2026-05-05,Closed,120,1,No,High,Yes,3,High
C004869,P2656,Water Supply,No Water Supply,Padmanabhanagar,2026-05-05,Resolved,280,58,Yes,Critical,No,12,Critical
C004870,P1775,Water Supply,No Water Supply,HSR Layout,2026-05-05,Closed,181,17,Yes,Low,No,12,Low
C004871,P1054,Solid Waste Management,Garbage Not Collected,Padmanabhanagar,2026-05-05,Resolved,240,75,No,Low,Yes,4,Medium
C004872,P0814,Electrical,Damaged Street Light,JP Nagar,2026-05-05,Resolved,35,9,No,Medium,No,6,Medium
C004873,P1139,Water Supply,No Water Supply,Padmanabhanagar,2026-05-05,Closed,260,40,Yes,Critical,No,8,Critical
C004874,P1314,Solid Waste Management,Garbage Not Collected,Bommanahalli,2026-05-05,Closed,230,29,No,None,Yes,1,Medium
C004875,P0702,Electrical,Street Light Not Working,Kadugodi,2026-05-05,Closed,79,6,No,Low,Yes,3,Medium
C004876,P2481,Electrical,Damaged Street Light,JP Nagar,2026-05-05,Resolved,35,10,No,Medium,No,4,Medium
C004877,P0240,Electrical,Exposed Electrical Wires,Ulsoor,2026-05-05,Closed,36,7,No,Medium,No,,High
C004878,P1673,Others,Illegal Construction,Vasanthnagar,2026-05-05,Closed,100,8,No,Low,No,16,Low
C004879,P0497,Electrical,Street Light Not Working,Mathikere,2026-05-05,Closed,20,5,No,Medium,Yes,1,Medium
C004880,P1213,Road Maintenance,Pothole,Vasanthnagar,2026-05-05,Resolved,110,3,No,Low,Yes,2,Medium
C004881,P1715,Electrical,Street Light Not Working,Malleshwaram,2026-05-05,Closed,93,20,No,High,No,8,Medium
C004882,P0825,Electrical,Damaged Street Light,Mathikere,2026-05-05,Resolved,6,1,No,None,No,4,Low
C004883,P0064,Sewerage,Sewer Line Blockage,Sarakki,2026-05-05,In Progress,40,7,No,Medium,Yes,4,Low
C004884,P2939,Road Maintenance,Road Maintenance Required,Yelahanka,2026-05-05,In Progress,20,1,No,Medium,Yes,8,Low
C004885,P1791,Water Supply,No Water Supply,HSR Layout,2026-05-05,Resolved,210,23,Yes,None,No,8,Low
C004886,P0393,Road Infrastructure,Speed Breaker Required,Kadugodi,2026-05-05,In Progress,15,2,No,Critical,No,4,Critical
C004887,P2703,Electrical,Street Light Not Working,Malleshwaram,2026-05-05,Resolved,93,23,No,High,No,8,Medium
C004888,P0393,Street Infrastructure,Bus Shelter Damaged,Kadugodi,2026-05-05,Resolved,110,22,No,Low,Yes,4,High
C004889,P2992,Road Maintenance,Pothole,Mathikere,2026-05-06,Closed,95,2,No,High,No,12,Medium
C004890,P0938,Water Supply,Pipeline Leakage,Electronic City,2026-05-06,Closed,71,3,Yes,High,No,12,Critical
C004891,P1995,Electrical,Street Light Not Working,Jalahalli,2026-05-06,Resolved,32,2,No,Medium,No,3,Medium
C004892,P0379,Solid Waste Management,Garbage Not Collected,Malleshwaram,2026-05-06,In Progress,180,20,Yes,High,Yes,2,Medium
C004893,P1095,Public Sanitation,Public Toilet Not Maintained,Chamrajpet,2026-05-06,Resolved,90,8,No,None,No,4,Low
C004894,P1342,Solid Waste Management,Sweeping Not Done,Mathikere,2026-05-06,Resolved,19,,No,None,No,4,Low
C004895,P2144,Road Infrastructure,Speed Breaker Required,Hennur,2026-05-06,Resolved,65,11,No,High,No,8,High
C004896,P0938,Revenue Department,Khata Related Issue,Electronic City,2026-05-06,Resolved,2,0,No,None,Yes,0.5,Low
C004897,P0835,Road Maintenance,Pothole,Yelahanka,2026-05-06,Resolved,120,6,No,,No,2,Low
C004898,P1120,Solid Waste Management,Garbage Not Collected,Padmanabhanagar,2026-05-06,Closed,210,77,No,None,Yes,4,Medium
C004899,P0181,Road Maintenance,Pothole,Mathikere,2026-05-06,Resolved,95,2,No,,No,16,Medium
C004900,P1314,Solid Waste Management,Garbage Not Collected,Bommanahalli,2026-05-06,Closed,230,29,No,None,Yes,1,Medium
C004901,P0991,Others,Stray Cattle on Road,HSR Layout,2026-05-06,Resolved,8,1,No,Medium,No,2,Low
C004902,P1899,Street Infrastructure,Damaged Signboard,Ulsoor,2026-05-06,Closed,21,0,No,Medium,No,12,Medium
C004903,P0200,Electrical,Damaged Street Light,JP Nagar,2026-05-06,Closed,35,10,No,Medium,,4,Low
C004904,P1369,Road Infrastructure,Speed Breaker Required,Kadugodi,2026-05-06,In Progress,30,5,Yes,Critical,No,4,High
C004905,P0515,Drainage,Damaged Drain,Marathahalli,2026-05-06,Closed,70,8,No,Low,Yes,12,Low
C004906,P0696,Drainage,Open Drain,Ulsoor,2026-05-07,Closed,800,72,No,Critical,Yes,12,Critical
C004907,P0224,Water Supply,No Water Supply,HSR Layout,2026-05-07,Resolved,179,32,Yes,None,No,,Low
C004908,P1488,Electrical,Damaged Street Light,Rajajinagar,2026-05-07,Closed,30,4,Yes,Low,No,2,Low
C004909,P2235,Public Sanitation,Public Toilet Not Maintained,Chamrajpet,2026-05-07,Closed,90,7,No,None,No,4,Low
C004910,P0708,Water Supply,Pipeline Leakage,Electronic City,2026-05-07,Closed,75,5,Yes,High,No,12,Critical
C004911,P0143,Street Infrastructure,Damaged Footpath Railing,Sarakki,2026-05-07,Closed,25,,No,Low,No,24,Low
C004912,P2474,Drainage,Drain Overflow,Chamrajpet,2026-05-07,Resolved,390,63,Yes,Medium,No,1,Medium
C004913,P0870,Road Maintenance,Pothole,Dasarahalli,2026-05-07,Closed,80,5,No,High,No,8,Medium
C004914,P1125,Solid Waste Management,Garbage Not Collected,Bommanahalli,2026-05-07,Resolved,220,25,No,None,Yes,1,Medium
C004915,P0341,Sewerage,Sewage Overflow,Arekere,2026-05-07,Closed,25,13,No,High,Yes,4,High
C004916,P2364,Sewerage,Sewage Overflow,Arekere,2026-05-07,Resolved,20,8,No,,Yes,4,High
C004917,P1497,Road Maintenance,Road Maintenance Required,Shivajinagar,2026-05-07,Closed,260,1,No,Critical,No,3,High
C004918,P2156,Solid Waste Management,Garbage Not Collected,Kadugodi,2026-05-07,Resolved,,377,No,None,No,1,Low
C004919,P2393,Electrical,Street Light Not Working,Malleshwaram,2026-05-07,Closed,93,19,No,High,No,8,Medium
C004920,P0038,Solid Waste Management,Sweeping Not Done,Malleshwaram,2026-05-07,Resolved,65,3,No,Low,Yes,4,Medium
C004921,P0660,Solid Waste Management,Sweeping Not Done,Malleshwaram,2026-05-07,Closed,65,2,No,Low,Yes,4,Medium
C004922,P0787,Road Maintenance,Pothole,Mathikere,2026-05-07,Closed,95,2,No,High,No,12,Medium
C004923,P1329,Solid Waste Management,Garbage Dumping in Vacant Site,Malleshwaram,2026-05-07,Closed,60,3,No,Low,Yes,4,Low
C004924,P0706,Solid Waste Management,Garbage Not Collected,Shantinagar,2026-05-07,Assigned,370,1,No,Low,No,1,Low
C004925,P1510,Drainage,Damaged Drain,Bellandur,2026-05-07,Closed,25,1,No,,Yes,12,Low
C004926,P1368,Solid Waste Management,Garbage Vehicle Not Arrived,Hoodi,2026-05-07,In Progress,290,53,No,Low,Yes,2,Low
C004927,P1393,Road Infrastructure,Speed Breaker Required,HSR Layout,2026-05-07,In Progress,500,,No,None,No,8,Medium
C004928,P2418,Electrical,Street Light Not Working,Jalahalli,2026-05-07,Resolved,32,2,No,Medium,No,2,Medium
C004929,P1232,Solid Waste Management,Garbage Vehicle Not Arrived,Kadugodi,2026-05-07,Verified,43,3,No,None,Yes,4,Low
C004930,P1232,Solid Waste Management,Garbage Vehicle Not Arrived,Kadugodi,2026-05-07,Verified,45,3,No,Low,Yes,4,Low
C004931,P0566,Solid Waste Management,Garbage Not Collected,Kadugodi,2026-05-07,Closed,971,482,No,None,No,0.5,Low
C004932,P0555,Solid Waste Management,Garbage Vehicle Not Arrived,Hoodi,2026-05-07,Resolved,320,65,No,Medium,Yes,2,Low
C004933,P2901,Drainage,Damaged Drain,Bellandur,2026-05-07,Closed,20,0,No,Low,Yes,8,Low
C004934,P1182,Drainage,Drain Overflow,Chamrajpet,2026-05-07,Resolved,390,52,Yes,Medium,No,2,Medium
C004935,P0628,Solid Waste Management,Garbage Vehicle Not Arrived,Kadugodi,2026-05-07,Verified,43,6,No,None,Yes,,Low
C004936,P1455,Water Supply,Pipeline Leakage,Electronic City,2026-05-07,Closed,75,6,Yes,High,No,12,Critical
C004937,P1637,Solid Waste Management,Garbage Not Collected,Shantinagar,2026-05-07,In Progress,370,1,No,None,No,0.5,Low
C004938,P0397,Road Maintenance,Pothole,Sadashivanagar,2026-05-08,Resolved,160,8,No,Medium,No,24,Medium
C004939,P1316,Drainage,Drain Overflow,Chamrajpet,2026-05-08,Closed,390,72,Yes,Medium,No,2,Medium
C004940,P2508,Health,Public Health Sanitation Issue,Marathahalli,2026-05-08,Closed,460,49,No,None,No,12,Medium
C004941,P2805,Electrical,Multiple Street Lights Not Working,Kadugodi,2026-05-08,Resolved,1837,225,Yes,None,Yes,3,Medium
C004942,P2766,Public Sanitation,Garbage Burning,Sarakki,2026-05-08,Closed,75,2,No,High,No,2,Medium
C004943,P1141,Health,Public Health Sanitation Issue,Marathahalli,2026-05-08,Closed,540,85,No,None,No,16,Medium
C004944,P2339,Road Maintenance,Footpath Damage,Padmanabhanagar,2026-05-08,Resolved,130,7,No,Low,No,8,Medium
C004945,P1155,Road Maintenance,Pothole,Sadashivanagar,2026-05-08,Closed,120,6,No,Medium,Yes,24,Medium
C004946,P2088,Solid Waste Management,Garbage Not Collected,Mathikere,2026-05-08,Resolved,50,7,Yes,High,No,4,High
C004947,P1638,Road Maintenance,Road Surface Damage,Hosahalli,2026-05-08,In Progress,20,1,No,Low,No,16,Low
C004948,P0263,Public Sanitation,Public Toilet Not Maintained,Chamrajpet,2026-05-08,Closed,80,10,No,None,No,4,Low
C004949,P1872,Electrical,Multiple Street Lights Not Working,Kadugodi,2026-05-08,Closed,1500,332,Yes,None,Yes,4,Medium
C004950,P0071,Road Maintenance,Footpath Damage,Vijayanagar,2026-05-08,Resolved,190,5,No,Low,No,4,Low
C004951,P2485,Electrical,Street Light Not Working,HSR Layout,2026-05-08,Closed,26,4,No,Medium,No,2,Medium
C004952,P0362,Road Maintenance,Pothole,Dasarahalli,2026-05-08,Closed,55,5,No,Critical,No,8,Medium
C004953,P1760,Solid Waste Management,Garbage Vehicle Not Arrived,Kadugodi,2026-05-08,Assigned,43,4,No,None,Yes,4,Low
C004954,P1010,Health,Public Health Sanitation Issue,Koramangala,2026-05-08,In Progress,60,19,No,Low,No,4,Low
C004955,P2041,Public Sanitation,Garbage Burning,Sarakki,2026-05-08,Resolved,39,1,No,Medium,No,1,Medium
C004956,P2204,Solid Waste Management,Garbage Not Collected,Mathikere,2026-05-08,Closed,50,7,Yes,High,Yes,4,High
C004957,P0990,Electrical,Street Light Not Working,HSR Layout,2026-05-08,Closed,30,5,No,Medium,No,2,Medium
C004958,P1765,Others,Stray Cattle on Road,Bellandur,2026-05-08,Closed,12,1,No,None,No,8,Low
C004959,P0150,Electrical,Multiple Street Lights Not Working,Kadugodi,2026-05-08,Closed,2000,249,Yes,Low,Yes,4,Medium
C004960,P1206,Electrical,Street Light Not Working,Bellandur,2026-05-08,Resolved,40,2,Yes,Low,Yes,4,Low
C004961,P0115,Revenue Department,Property Tax Query,Ulsoor,2026-05-08,Closed,5,0,No,None,Yes,1,Low
C004962,P2150,Health,Stray Dog Menace,Sarakki,2026-05-08,Resolved,40,13,,None,No,4,Low
C004963,P2926,Electrical,Exposed Electrical Wires,Banaswadi,2026-05-08,Closed,45,4,No,High,Yes,2,Medium
C004964,P2675,Drainage,Damaged Drain,Peenya,2026-05-08,Resolved,30,3,No,Medium,Yes,24,High
C004965,P1176,Sewerage,Sewage Overflow,Arekere,2026-05-09,Closed,15,8,No,High,Yes,4,High
C004966,P2418,Solid Waste Management,Garbage Not Collected,Chamrajpet,2026-05-09,Closed,25,1,No,Low,No,4,Low
C004967,P0763,Drainage,Open Drain,Koramangala,2026-05-09,Closed,510,55,No,None,No,36,Medium
C004968,P0183,Road Maintenance,Pothole,Hosahalli,2026-05-09,Resolved,170,11,No,Low,Yes,,Low
C004969,P1095,Solid Waste Management,Garbage Not Collected,Chamrajpet,2026-05-09,Closed,15,0,No,None,No,4,Low
C004970,P1095,Solid Waste Management,Garbage Not Collected,Chamrajpet,2026-05-09,Closed,15,0,No,None,No,4,Low
C004971,P0349,Road Infrastructure,Road Cutting Not Restored,Electronic City,2026-05-09,Resolved,58,4,No,Low,Yes,16,Low
C004972,P1159,Solid Waste Management,Garbage Not Collected,Mathikere,2026-05-09,Closed,50,9,Yes,High,Yes,3,High
C004973,P2409,Road Maintenance,Pothole,Dasarahalli,2026-05-09,Resolved,50,,No,High,No,8,Medium
C004974,P0272,Road Maintenance,Pothole,Hosahalli,2026-05-09,Closed,190,13,No,Low,Yes,12,Low
C004975,P0078,Road Maintenance,Pothole,Hosahalli,2026-05-09,Closed,190,12,No,None,Yes,12,Low
C004976,P2124,Drainage,Damaged Drain,Bellandur,2026-05-09,Closed,20,0,No,Low,Yes,12,Low
C004977,P1729,Revenue Department,Trade Licence Issue,Peenya,2026-05-09,In Progress,1,0,No,None,No,1,Low
C004978,P2618,Electrical,Damaged Street Light,Mathikere,2026-05-09,Closed,27,2,No,Critical,Yes,3,Medium
C004979,P0895,Drainage,Open Drain,Koramangala,2026-05-09,Closed,510,,No,None,No,36,Medium
C004980,P2476,Solid Waste Management,Garbage Dump,Chamrajpet,2026-05-09,Closed,22,4,No,Medium,No,8,Medium
C004981,P2756,Solid Waste Management,Garbage Not Collected,Chamrajpet,2026-05-09,Resolved,20,0,No,Low,No,4,Low
C004982,P0383,Road Maintenance,Pothole,Hosahalli,2026-05-09,Resolved,181,11,No,Low,Yes,8,Low
C004983,P1266,Road Maintenance,Pothole,Sadashivanagar,2026-05-09,Closed,120,8,No,Medium,No,24,High
C004984,P1538,Solid Waste Management,Garbage Not Collected,Kadugodi,2026-05-09,Closed,971,347,No,None,No,1,Low
C004985,P2364,Sewerage,Sewage Overflow,Arekere,2026-05-09,Resolved,20,8,No,High,Yes,4,High
C004986,P0020,Electrical,Damaged Street Light,Rajajinagar,2026-05-09,Resolved,30,3,No,Low,No,2,Low
C004987,P2172,Health,Public Health Sanitation Issue,Marathahalli,2026-05-09,Resolved,300,54,No,None,No,12,Medium
C004988,P2926,Electrical,Street Light Not Working,Jalahalli,2026-05-09,Resolved,22,2,No,Low,Yes,2,Medium
C004989,P0642,Solid Waste Management,Garbage Not Collected,Chamrajpet,2026-05-09,Closed,20,0,No,Low,No,6,Low
C004990,P1525,Road Infrastructure ,Road Cutting Not Restored,Electronic City,2026-05-10,Closed,69,3,No,Low,No,12,Low
C004991,P0994,Solid Waste Management,Garbage Not Collected,Mahadevapura ,2026-05-10,Resolved,110,2,No,High,No,1,Medium
C004992,P2855,Solid Waste Management,Garbage Dump,Chamrajpet,2026-05-10,Resolved,22,3,No,Medium,No,8,Medium
C004993,P0635,Road Maintenance,Footpath Damage,Ulsoor,2026-05-10,Resolved,110,15,No,High,Yes,8,High
C004994,P0194,Road Maintenance,Pothole,Hosahalli,2026-05-10,Closed,190,20,No,Low,Yes,12,Low
C004995,P0747,Electrical,Multiple Street Lights Not Working,Hoodi,2026-05-10,Resolved,530,68,No,Low,No,6,Low
C004996,P0952,Solid Waste Management,Garbage Not Collected,Chamrajpet,2026-05-10,Closed,20,1,No,Low,No,4,Low
C004997,P2077,Road Infrastructure,Road Cutting Not Restored,Mathikere,2026-05-10,Closed,270,21,No,Low,No,16,Medium
C004998,P2967,Public Sanitation,Garbage Burning,Sarakki,2026-05-10,Resolved,65,2,No,Medium,No,2,Medium
C004999,P2967,Public Sanitation,Garbage Burning,Sarakki,2026-05-10,Registered,54,2,No,Medium,No,2,Medium
C005000,P2801,Road Maintenance,Pothole,Hosahalli,2026-05-10,Closed,190,15,No,Low,Yes,12,Low
C005001,P0412,Others,Illegal Construction,Yelahanka,2026-05-10,Closed,90,2,No,Low,Yes,16,Low
C005002,P2178,Solid Waste Management,Garbage Not Collected,Chamrajpet,2026-05-10,Closed,20,0,No,Low,No,4,Low
C005003,P0932,Electrical,Damaged Street Light,Varthur,2026-05-10,Closed,15,1,No,Low,Yes,4,Low
C005004,P2219,Electrical,Street Light Not Working,Mathikere,2026-05-10,Resolved,15,0,No,,Yes,2,Low
C005005,P1857,Solid Waste Management,Garbage Not Collected,Yelahanka,2026-05-10,Resolved,75,8,No,Low,No,2,Low
C005006,P0321,Solid Waste Management,Sweeping Not Done,Yelahanka,2026-05-10,Closed,40,1,No,None,Yes,2,Low
C005007,P0412,Solid Waste Management,Sweeping Not Done,Yelahanka,2026-05-10,Closed,55,2,No,None,,2,Low
C005008,P2259,Solid Waste Management,Garbage Not Collected,Chamrajpet,2026-05-10,Closed,15,0,No,Low,No,3,Low
C005009,P2476,Solid Waste Management,Garbage Dump,Chamrajpet,2026-05-10,Closed,22,4,No,Medium,No,8,Medium
C005010,P1483,Solid Waste Management,Garbage Not Collected,Chamrajpet,2026-05-10,Closed,20,0,No,Low,No,4,Low
C005011,P1483,Solid Waste Management,Garbage Not Collected,Chamrajpet,2026-05-10,Registered,20,0,No,Low,No,4,Low
C005012,P0883,Solid Waste Management,Garbage Not Collected,Mahadevapura,2026-05-10,Closed,95,2,Yes,Medium,No,1,Medium
C005013,P2326,Electrical,Street Light Not Working,Mathikere,2026-05-10,Resolved,9,0,No,Low,Yes,2,Low
C005014,P0439,Solid Waste Management,Sweeping Not Done,Yelahanka,2026-05-10,Closed,25,1,No,None,Yes,3,Low
C005015,P2955,Solid Waste Management,Garbage Not Collected,Chamrajpet,2026-05-10,Closed,15,0,No,Low,No,4,Low
C005016,P1175,Public Sanitation,Public Toilet Not Maintained,Mathikere,2026-05-10,In Progress,120,19,No,High,Yes,4,Medium
C005017,P2337,Electrical,Street Light Not Working,HSR Layout,2026-05-10,Closed,26,2,No,Medium,No,2,Medium
C005018,P1870,Solid Waste Management,Garbage Vehicle Not Arrived,Chickpet,2026-05-11,Closed,470,56,Yes,None,No,,Medium
C005019,P1524,Road Maintenance,Pothole,Hosahalli,2026-05-11,Closed,260,13,Yes,Low,Yes,8,Low
C005020,P1144,Solid Waste Management,Garbage Not Collected,Chamrajpet,2026-05-11,Closed,20,0,No,Low,No,4,Low
C005021,P2337,Electrical,Street Light Not Working,HSR Layout,2026-05-11,Closed,26,2,No,Medium,No,2,Medium
C005022,P0939,Water Supply,pipeline leakage,Whitefield,2026-05-11,Resolved,220,32,Yes,Medium,Yes,24,Critical
C005023,P1811,Water Supply,Pipeline Leakage,Whitefield,2026-05-11,Closed,,14,Yes,Medium,Yes,24,Critical
C005024,P2234,Street Infrastructure,Street Light Not Working,Shivajinagar,2026-05-11,In Progress,85,1,No,High,Yes,1,Medium
C005025,P1807,Sewerage,Sewer Line Blockage,Byatarayanapura,2026-05-11,Verified,180,9,Yes,Medium,Yes,8,Medium
C005026,P2178,Electrical,Multiple Street Lights Not Working,Chamrajpet,2026-05-11,Closed,72,2,No,Medium,No,8,Medium
C005027,P1762,Solid Waste Management,Garbage Not Collected,Yelahanka,2026-05-11,Closed,80,7,No,Medium,Yes,1,Medium
C005028,P0477,Solid Waste Management,Garbage Not Collected,Mahadevapura,2026-05-11,Closed,95,1,Yes,Medium,No,0.5,Medium
C005029,P1141,Solid Waste Management,Garbage Vehicle Not Arrived,Marathahalli,2026-05-11,Resolved,100,20,Yes,,No,1,Low
C005030,P1508,Road Maintenance,Pothole,Sarakki,2026-05-11,Closed,95,4,No,Medium,Yes,4,Medium
C005031,P0412,Solid Waste Management,Garbage Not Collected,Yelahanka,2026-05-11,Resolved,55,5,No,Low,No,2,Low
C005032,P0341,Water Supply,Pipeline Leakage,Whitefield,2026-05-11,In Progress,190,19,No,Medium,Yes,36,Critical
C005033,P0173,Electrical,Multiple Street Lights Not Working,Hoodi,2026-05-11,Closed,516,75,No,Low,No,8,Low
C005034,P2178,Solid Waste Management,Garbage Not Collected,Chamrajpet,2026-05-11,Closed,20,0,No,Low,No,4,Low
C005035,P0079,Health,Increase in Mosquito Density,HSR Layout ,2026-05-11,Closed,310,55,Yes,Low,Yes,6,Medium
C005036,P1153,Water Supply,Pipeline Leakage,Whitefield,2026-05-11,Closed,190,,Yes,Medium,Yes,24,Critical
C005037,P2285,Others,Illegal Construction,Sadashivanagar,2026-05-11,Resolved,50,8,No,Low,No,16,Medium
C005038,P1087,Water Supply,Pipeline Leakage,Whitefield,2026-05-11,Closed,190,15,Yes,Medium,Yes,24,Critical
C005039,P1813,Water Supply,Pipeline Leakage,Whitefield,2026-05-11,Closed,190,12,Yes,Medium,Yes,16,Critical
C005040,P0634,Solid Waste Management,Garbage Not Collected,Mahadevapura,2026-05-11,Closed,130,1,Yes,Medium,No,1,Medium
C005041,P0634,Solid Waste Management,Garbage Not Collected,Mahadevapura,2026-05-11,Closed,100,1,Yes,Medium,,1,Medium
C005042,P1524,Electrical,Damaged Street Light,Hosahalli,2026-05-11,Closed,65,10,No,High,Yes,2,Critical
C005043,P1485,Solid Waste Management,Garbage Not Collected,Yelahanka,2026-05-11,Closed,80,6,No,Medium,Yes,1,Medium
C005044,P2711,Road Infrastructure,Missing Manhole Cover,Jayanagar,2026-05-11,Resolved,55,0,No,High,No,2,Medium
C005045,P1445,Electrical,Multiple Street Lights Not Working,Hoodi,2026-05-11,Closed,516,58,No,Low,No,8,Low
C005046,P0918,Solid Waste Management,Garbage Dump,Dasarahalli,2026-05-12,Resolved,41,4,No,High,Yes,2,Medium
C005047,P0268,Water Supply,Pipeline Leakage,Whitefield,2026-05-12,Closed,190,23,Yes,Medium,Yes,24,Critical
C005048,P1012,Water Supply,Pipeline Leakage,Whitefield,2026-05-12,Resolved,170,12,Yes,High,Yes,24,Critical
C005049,P1920,Drainage,Drain Overflow,Bellandur,2026-05-12,Closed,95,12,No,None,Yes,3,Low
C005050,P1713,Solid Waste Management,Garbage Vehicle Not Arrived,Shivajinagar,2026-05-12,In Progress,190,15,No,None,No,1,Low
C005051,P0194,Sewerage,Sewer Line Blockage,Hosahalli,2026-05-12,Resolved,45,14,Yes,Medium,No,1,Medium
C005052,P1924,Public Sanitation,Public Toilet Not Maintained,Indiranagar,2026-05-12,Closed,25,3,No,None,No,12,Low
C005053,P2429,Water Supply,No Water Supply,Hosahalli,2026-05-12,Closed,76,1,Yes,Low,No,4,Medium
C005054,P0722,Health,Increase in Mosquito Density,HSR Layout,2026-05-12,Closed,320,127,Yes,None,No,6,Medium
C005055,P0983,Solid Waste Management,Garbage Vehicle Not Arrived,Kengeri,2026-05-12,Closed,370,77,Yes,Low,No,2,Low
C005056,P0242,Electrical,Street Light Not Working,Nagarbhavi,2026-05-12,Resolved,40,4,No,Medium,No,0.5,Medium
C005057,P0383,Water Supply,No Water Supply,Hosahalli,2026-05-12,Resolved,76,0,Yes,Low,No,4,Medium
C005058,P1899,Electrical,Multiple Street Lights Not Working,Ulsoor,2026-05-12,Closed,280,29,No,High,No,24,Critical
C005059,P2373,Water Supply,No Water Supply,Hosahalli,2026-05-12,Closed,45,1,Yes,Low,No,4,Medium
C005060,P2940,Electrical,Damaged Street Light,Mathikere,2026-05-12,Assigned,40,16,No,Medium,Yes,4,Medium
C005061,P0242,Road Maintenance,Footpath Damage,Nagarbhavi,2026-05-12,Resolved,65,6,No,High,Yes,8,High
C005062,P1170,Solid Waste Management,Garbage Vehicle Not Arrived,Marathahalli,2026-05-12,Closed,120,23,Yes,Low,No,1,Low
C005063,P2311,Sewerage,Sewage Overflow,Mathikere,2026-05-12,Resolved,30,3,No,High,Yes,12,High
C005064,P0063,Water Supply,Pipeline Leakage,Whitefield,2026-05-12,Closed,280,28,Yes,Medium,Yes,24,Critical
C005065,P0594,Water Supply,No Water Supply,Hosahalli,2026-05-12,Resolved,40,0,Yes,Medium,No,4,High
C005066,P0963,Water Supply,No Water Supply,Hosahalli,2026-05-12,In Progress,76,1,Yes,Medium,No,4,Medium
C005067,P0976,Water Supply,Pipeline Leakage,Whitefield,2026-05-12,Resolved,160,10,Yes,Medium,No,24,Critical
C005068,P2291,Solid Waste Management,Sweeping Not Done,JP Nagar,2026-05-12,Closed,15,2,No,Medium,Yes,1,Medium
C005069,P1817,Water Supply,No Water Supply,Hosahalli,2026-05-12,Closed,76,1,Yes,Medium,No,4,Medium
C005070,P1656,Drainage,Drain Overflow,Bellandur,2026-05-12,In Progress,75,11,No,None,Yes,3,Low
C005071,P2229,Water Supply,No Water Supply,Hosahalli,2026-05-12,Resolved,60,0,Yes,Low,No,4,Medium
C005072,P2100,Water Supply,No Water Supply,Hosahalli,2026-05-12,Closed,76,0,Yes,Low,No,4,Medium
C005073,P1208,Road Maintenance,Footpath Damage,Nagarbhavi,2026-05-12,Resolved,65,4,No,High,No,12,High
C005074,P0437,Solid Waste Management,Garbage Vehicle Not Arrived,Shivajinagar,2026-05-12,In Progress,160,20,No,None,No,2,Low
C005075,P2179,Water Supply,No Water Supply,Hosahalli,2026-05-12,Closed,76,0,Yes,Low,No,4,Medium
C005076,P0194,Water Supply,No Water Supply,Hosahalli,2026-05-12,Closed,75,1,Yes,Low,No,4,Medium
C005077,P0439,Health,Public Health Sanitation Issue,Electronic City,2026-05-12,Closed,40,5,Yes,High,Yes,4,High
C005078,P0422,Water Supply,Pipeline Leakage,BTM Layout,2026-05-12,Resolved,51,10,Yes,None,Yes,6,Medium
C005079,P1321,Drainage,Open Drain,Dasarahalli,2026-05-12,Closed,45,6,No,Medium,No,12,Medium
C005080,P0791,Health,Public Health Sanitation Issue,Electronic City,2026-05-12,Resolved,35,5,Yes,High,No,6,High
C005081,P0067,Solid Waste Management,Sweeping Not Done,Sarakki,2026-05-12,Closed,20,5,No,Low,No,1,Low
C005082,P1080,Water Supply,Pipeline Leakage,Whitefield,2026-05-13,Closed,190,21,Yes,Low,Yes,24,Critical
C005083,P1157,Solid Waste Management,Garbage Not Collected,Sadashivanagar,2026-05-13,Closed,280,16,Yes,Low,Yes,6,Low
C005084,P2027,Water Supply,No Water Supply,Hosahalli,2026-05-13,Closed,76,1,Yes,Low,No,4,Medium
C005085,P2223,Water Supply,No Water Supply,Hosahalli,2026-05-13,Closed,76,1,Yes,Low,No,4,Medium
C005086,P1491,Public Sanitation,Public Toilet Not Maintained,Indiranagar,2026-05-13,Resolved,20,2,No,None,No,8,Medium
C005087,P1884,Road Maintenance,Footpath Damage,Nagarbhavi,2026-05-13,Resolved,65,6,No,High,No,8,Medium
C005088,P2719,Solid Waste Management,Garbage Vehicle Not Arrived,Kengeri,2026-05-13,Closed,380,41,Yes,None,No,1,Low
C005089,P2813,Water Supply,No Water Supply,Hosahalli,2026-05-13,Resolved,75,,No,Low,,6,Medium
C005090,P0889,Road Maintenance,Footpath Damage,Nagarbhavi,2026-05-13,Closed,65,3,No,High,No,8,High
C005091,P1920,Drainage,Drain Overflow,Bellandur,2026-05-13,Closed,95,12,No,None,Yes,3,Low
C005092,P1517,Solid Waste Management,Garbage Not Collected,Sadashivanagar,2026-05-13,Resolved,300,12,Yes,None,Yes,6,Low
C005093,P0393,Health,Public Health Sanitation Issue,Kadugodi,2026-05-13,Resolved,240,18,No,High,No,12,High
C005094,P0702,Revenue Department,Trade Licence Issue,Kadugodi,2026-05-13,Closed,3,0,No,None,No,0.5,Low
C005095,P1687,Water Supply,No Water Supply,Hosahalli,2026-05-13,Resolved,85,0,Yes,Low,No,3,Medium
C005096,P2636,Solid Waste Management,Garbage Dump,Dasarahalli,2026-05-13,Resolved,40,4,No,Medium,Yes,2,Medium
C005097,P2578,Water Supply,No Water Supply ,Hosahalli,2026-05-13,Closed,68,0,Yes,Low,No,4,Medium
C005098,P2105,Electrical,Street Light Not Working,Malleshwaram,2026-05-13,Closed,50,7,No,Medium,Yes,1,Critical
C005099,P1495,Road Infrastructure,Speed Breaker Required,Sarakki,2026-05-13,In Progress,210,92,No,None,Yes,8,Medium
C005100,P0651,Water Supply,Pipeline Leakage,Whitefield,2026-05-13,Closed,260,25,Yes,Medium,Yes,24,Critical
C005101,P1669,Health,Public Health Sanitation Issue,Chamrajpet,2026-05-13,Resolved,55,7,No,None,Yes,2,Low
C005102,P1653,Solid Waste Management,Garbage Vehicle Not Arrived,Shivajinagar,2026-05-13,In Progress,150,12,No,None,No,2,Low
C005103,P0160,Solid Waste Management,Sweeping Not Done,Kadugodi,2026-05-13,Closed,41,0,No,High,Yes,2,High
C005104,P2671,Road Maintenance,Pothole,Jalahalli,2026-05-13,Closed,690,209,No,Medium,No,4,High
C005105,P0546,Electrical,Electric Pole Damaged,Hebbal,2026-05-13,Assigned,95,20,Yes,High,Yes,4,High
C005106,P0108,Water Supply,No Water Supply,Hosahalli,2026-05-13,Closed,76,0,Yes,Low,No,6,High
C005107,P1458,Solid Waste Management,Garbage Vehicle Not Arrived,Chickpet,2026-05-13,Closed,470,53,Yes,Low,No,4,Medium
C005108,P2691,Water Supply,No Water Supply,Hosahalli,2026-05-13,Closed,76,0,Yes,Low,No,4,Medium
C005109,P0635,Electrical,Multiple Street Lights Not Working,Ulsoor,2026-05-13,Resolved,370,44,No,High,No,24,High
C005110,P0105,Public Sanitation,Unclean Public Area,Sadashivanagar,2026-05-13,Closed,160,5,No,Low,No,4,Low
C005111,P2333,Solid Waste Management,Sweeping Not Done,JP Nagar,2026-05-13,Resolved,15,2,No,Medium,Yes,,Medium
C005112,P1802,Revenue Department,Khata Related Issue,Kadugodi,2026-05-13,Resolved,6,0,No,Low,Yes,0.5,Low
C005113,P0184,Water Supply,No Water Supply,Hosahalli,2026-05-13,Resolved,76,1,Yes,Low,No,4,Low
C005114,P0217,Road Infrastructure,Road Encroachment,Malleshwaram,2026-05-13,Closed,390,44,No,High,Yes,8,Critical
C005115,P2859,Drainage,Open Drain,Dasarahalli,2026-05-14,Closed,37,5,No,Medium,No,12,Low
C005116,P2935,Road Maintenance,Pothole,Jalahalli,2026-05-14,In Progress,690,209,Yes,Medium,No,8,High
C005117,P0906,Road Maintenance,Road Maintenance Required,Sadashivanagar,2026-05-14,Closed,140,2,No,Medium,No,4,Medium
C005118,P0860,Street Infrastructure,Damaged Footpath Railing,Indiranagar,2026-05-14,Resolved,85,4,,None,Yes,4,Low
C005119,P2400,Electrical,Damaged Street Light,Malleshwaram,2026-05-14,Resolved,20,3,No,Low,Yes,4,Medium
C005120,P1095,Electrical,Multiple Street Lights Not Working,Chamrajpet,2026-05-14,Closed,110,3,No,High,No,8,Medium
C005121,P1095,Electrical,Multiple Street Lights Not Working,Chamrajpet,2026-05-14,Closed,110,3,No,Critical,No,8,Medium
C005122,P2656,Water Supply,No Water Supply,Padmanabhanagar,2026-05-14,Assigned,217,29,Yes,High,No,4,High
C005123,P0242,Electrical,Street Light Not Working,Nagarbhavi,2026-05-14,Resolved,40,4,No,Medium,No,,Medium
C005124,P1350,Solid Waste Management,Garbage Not Collected,Kadugodi,2026-05-14,Closed,150,11,Yes,Critical,Yes,4,Critical
C005125,P0488,Solid Waste Management,Garbage Vehicle Not Arrived,Dasarahalli,2026-05-14,Closed,476,11,Yes,None,No,1,Low
C005126,P0078,Water Supply,No Water Supply,Hosahalli,2026-05-14,Closed,76,0,Yes,None,No,4,Medium
C005127,P1336,Electrical,Damaged Street Light,Malleshwaram,2026-05-14,Closed,25,2,No,Low,Yes,3,Medium
C005128,P0183,Water Supply,No Water Supply,Hosahalli,2026-05-14,Closed,76,1,Yes,Low,No,,Medium
C005129,P0951,Electrical,Street Light Not Working ,Malleshwaram,2026-05-14,Closed,45,4,No,Medium,,1,Critical
C005130,P1471,Road Maintenance,Pothole,Jalahalli,2026-05-14,Closed,810,,No,High,No,4,High
C005131,P0878,Solid Waste Management,Garbage Not Collected,Kadugodi,2026-05-14,Closed,150,14,Yes,Critical,Yes,4,Critical
C005132,P2342,Road Maintenance,Pothole,Yeshwanthpur,2026-05-14,Resolved,50,7,No,Medium,No,4,Medium
C005133,P2420,Solid Waste Management,Garbage Not Collected,Jalahalli,2026-05-14,Resolved,15,2,No,Medium,Yes,1,Medium
C005134,P1039,Road Maintenance,Road Maintenance Required,Arekere,2026-05-14,Closed,60,1,No,Low,No,3,Low
C005135,P0596,Solid Waste Management,Garbage Vehicle Not Arrived,Kengeri,2026-05-14,Closed,380,90,Yes,None,No,,Low
C005136,P0596,Solid Waste Management,Garbage Vehicle Not Arrived,Kengeri,2026-05-14,Closed,650,90,Yes,None,No,1,Low
C005137,P0165,Solid Waste Management,Garbage Vehicle Not Arrived,Begur,2026-05-14,Closed,170,9,No,None,No,1,Low
C005138,P2537,Water Supply,No Water Supply,Hosahalli,2026-05-14,Resolved,65,0,Yes,Low,No,4,Medium
C005139,P2015,Solid Waste Management,Garbage Not Collected,Sarakki,2026-05-15,Closed,15,0,Yes,Low,Yes,2,Medium
C005140,P2109,Sewerage,Sewer Line Blockage,Hennur,2026-05-15,Closed,35,3,No,None,Yes,1,Low
C005141,P0197,Solid Waste Management,Garbage Not Collected,Jalahalli,2026-05-15,Resolved,20,2,No,Low,Yes,1,Medium
C005142,P2135,Solid Waste Management,Garbage Not Collected,Kadugodi,2026-05-15,Resolved,130,8,Yes,Critical,Yes,3,Critical
C005143,P0726,Road Infrastructure,Missing Manhole Cover,Mathikere,2026-05-15,In Progress,40,5,No,Medium,No,4,Medium
C005144,P0631,Solid Waste Management,Garbage Not Collected,Sarakki,2026-05-15,Closed,10,0,Yes,Medium,Yes,2,Medium
C005145,P0497,Others,Illegal Construction,Mathikere,2026-05-15,In Progress,20,3,No,High,Yes,16,Low
C005146,P2955,Health,Public Health Sanitation Issue,Chamrajpet,2026-05-15,Closed,55,68,No,None,Yes,2,Low
C005147,P0649,Solid Waste Management,Garbage Not Collected,Sarakki,2026-05-15,Resolved,15,0,No,Low,Yes,2,Medium
C005148,P0197,Road Maintenance,Pothole,Jalahalli,2026-05-15,Resolved,690,300,No,Medium,No,6,High
C005149,P2464,Solid Waste Management,Garbage Not Collected,Sarakki,2026-05-15,Resolved,15,0,Yes,Low,Yes,1,Medium
C005150,P2155,Solid Waste Management,Garbage Not Collected,Sarakki,2026-05-15,Resolved,19,0,,Low,Yes,2,Medium
C005151,P1566,Solid Waste Management,Garbage Not Collected,Sarakki,2026-05-15,Closed,10,0,Yes,Low,Yes,2,Medium
C005152,P0091,Road Maintenance,Footpath Damage,Nagarbhavi,2026-05-15,Closed,110,5,No,Medium,No,6,High
C005153,P0145,Solid Waste Management,Garbage Not Collected,Sarakki,2026-05-15,Resolved,20,1,Yes,Low,Yes,1,Medium
C005154,P1248,Solid Waste Management,Sweeping Not Done,Gandhinagar,2026-05-15,Closed,50,2,No,Low,No,4,Low
C005155,P0346,Road Maintenance,Pothole,Yelahanka,2026-05-16,Closed,65,14,No,Medium,No,2,High
C005156,P1367,Electrical,Multiple Street Lights Not Working,JP Nagar,2026-05-16,Closed,25,1,No,Critical,Yes,12,High
C005157,P0406,Electrical,Multiple Street Lights Not Working,Jalahalli,2026-05-16,Closed,120,21,No,Low,Yes,4,Medium
C005158,P1031,Solid Waste Management,Garbage Not Collected,Sarakki,2026-05-16,Resolved,15,0,Yes,Low,Yes,2,High
C005159,P0347,Solid Waste Management,Garbage Not Collected,Sarakki,2026-05-16,Resolved,15,0,Yes,None,No,2,Medium
C005160,P0025,Street Infrastructure,Damaged Footpath Railing,Jayanagar,2026-05-16,Resolved,200,37,No,Low,No,8,High
C005161,P0025,Street Infrastructure,Damaged Footpath Railing,Jayanagar,2026-05-16,Resolved,200,37,No,Low,No,8,High
C005162,P0730,Road Infrastructure,Missing Manhole Cover,Electronic City,2026-05-16,Resolved,19,4,No,Critical,No,1,Critical
C005163,P1899,Road Maintenance,Pothole,Yelahanka,2026-05-16,Closed,70,20,No,Medium,No,1,High
C005164,P1383,Electrical,Multiple Street Lights Not Working,Jalahalli,2026-05-16,Resolved,150,31,No,None,Yes,3,Medium
C005165,P2018,Water Supply,Pipeline Leakage,Padmanabhanagar,2026-05-16,Closed,180,2,Yes,Medium,Yes,4,Critical
C005166,P0218,Solid Waste Management,Garbage Not Collected,Sarakki,2026-05-16,Closed,25,1,Yes,Medium,Yes,1,Medium
C005167,P0456,Sewerage,Sewer Line Blockage,Hennur,2026-05-16,Closed,49,5,No,None,Yes,3,Low
C005168,P2429,Health,Public Health Sanitation Issue,Hosahalli,2026-05-16,In Progress,45,2,Yes,High,Yes,6,High
C005169,P1348,Water Supply,No Water Supply,Koramangala,2026-05-16,Closed,820,101,Yes,High,No,3,Critical
C005170,P2813,Health,Public Health Sanitation Issue,Hosahalli,2026-05-16,Assigned,70,2,No,Critical,Yes,12,High
C005171,P1293,Solid Waste Management,Garbage Not Collected,Basavanagudi,2026-05-16,Closed,75,10,No,Medium,Yes,1,Medium
C005172,P2669,Electrical,Multiple Street Lights Not Working,JP Nagar,2026-05-16,Closed,30,2,No,Critical,,12,High
C005173,P2766,Solid Waste Management,Garbage Not Collected,Sarakki,2026-05-16,Closed,20,1,Yes,Low,Yes,2,Medium
C005174,P0144,Electrical,Multiple Street Lights Not Working,JP Nagar,2026-05-16,Closed,30,,No,Critical,Yes,12,High
C005175,P0456,Water Supply,Pipeline Leakage,Hennur,2026-05-16,Closed,100,7,Yes,High,No,168,High
C005176,P0200,Electrical,Multiple Street Lights Not Working,JP Nagar,2026-05-16,Resolved,30,2,No,Critical,Yes,12,High
C005177,P1308,Solid Waste Management,Garbage Not Collected,Kadugodi,2026-05-17,Closed,270,54,Yes,Medium,Yes,4,High
C005178,P1817,Solid Waste Management,Garbage Not Collected,Hosahalli,2026-05-17,Resolved,190,52,No,None,Yes,1,Low
C005179,P1995,Electrical,Multiple Street Lights Not Working,Jalahalli,2026-05-17,Closed,120,16,No,Low,Yes,4,Medium
C005180,P1872,Solid Waste Management,Garbage Not Collected,Kadugodi,2026-05-17,Closed,296,46,Yes,High,No,4,High
C005181,P2439,Solid Waste Management,Garbage Not Collected,Kadugodi,2026-05-17,Resolved,296,64,Yes,Medium,Yes,4,High
C005182,P2416,Solid Waste Management,Garbage Vehicle Not Arrived,Kengeri,2026-05-17,Closed,170,1,Yes,Low,Yes,3,Low
C005183,P0362,Solid Waste Management,Garbage Dump,Rajarajeshwari Nagar,2026-05-17,Closed,45,10,No,None,No,,Low
C005184,P1084,Electrical,Multiple Street Lights Not Working,Bellandur,2026-05-17,Closed,50,2,No,,No,8,Low
C005185,P0526,Electrical,Multiple Street Lights Not Working,Jalahalli,2026-05-17,Closed,120,17,No,Low,Yes,4,Medium
C005186,P2143,Solid Waste Management,Garbage Dump,Basavanagudi,2026-05-17,Closed,36,8,No,Low,Yes,8,Low
C005187,P0870,Solid Waste Management,Garbage Dump,Dasarahalli,2026-05-17,Resolved,89,22,No,High,Yes,12,High
C005188,P0829,Solid Waste Management,Garbage Dump,Dasarahalli,2026-05-17,Closed,95,32,No,High,Yes,8,High
C005189,P1716,Drainage,Open Drain,Mathikere,2026-05-17,Closed,190,16,No,Medium,Yes,8,Low
C005190,P2046,Electrical,Multiple Street Lights Not Working,Bellandur,2026-05-17,Closed,50,2,No,Medium,No,12,Low
C005191,P1993,Solid Waste Management,Garbage Vehicle Not Arrived,Kengeri,2026-05-17,Closed,160,1,Yes,Low,No,2,Low
C005192,P0573,Solid Waste Management,Garbage Dump,Dasarahalli,2026-05-17,In Progress,55,13,No,High,Yes,8,High
C005193,P1541,Solid Waste Management,Garbage Dump,Rajarajeshwari Nagar,2026-05-17,Closed,40,12,No,None,No,6,Low
C005194,P0707,Electrical,Multiple Street Lights Not Working,Jalahalli,2026-05-17,Closed,120,24,No,Low,Yes,4,Medium
C005195,P2074,Electrical,Multiple Street Lights Not Working,Jalahalli,2026-05-17,Resolved,108,28,No,Low,Yes,4,Medium
C005196,P0837,Health,Public Health Sanitation Issue,Hosahalli,2026-05-17,In Progress,70,2,No,Critical,Yes,8,High
C005197,P1498,Solid Waste Management,Garbage Not Collected,Basavanagudi,2026-05-17,Resolved,75,10,No,Medium,No,1,Medium
C005198,P1096,Solid Waste Management,Sweeping Not Done,Kadugodi,2026-05-17,Closed,190,13,No,None,No,1,Low
C005199,P1368,Electrical,Multiple Street Lights Not Working,Bellandur,2026-05-17,Resolved,50,3,No,High,No,8,Low
C005200,P2156,Electrical,Multiple Street Lights Not Working,Kadugodi,2026-05-18,Resolved,,12,No,Medium,No,6,High
C005201,P0992,Health,Public Health Sanitation Issue,Hosahalli,2026-05-18,In Progress,70,1,No,Critical,Yes,8,High
C005202,P2275,Solid Waste Management,Garbage Not Collected,Shantinagar,2026-05-18,Closed,40,7,No,None,No,8,Low
C005203,P2352,Public Sanitation,Public Toilet Not Maintained,Hoodi,2026-05-18,Closed,240,4,No,Medium,Yes,8,Low
C005204,P2739,Electrical,Multiple Street Lights Not Working,Kadugodi,2026-05-18,Resolved,417,9,No,Medium,Yes,4,High
C005205,P1096,Electrical,Multiple Street Lights Not Working,Kadugodi,2026-05-18,Closed,417,,No,High,Yes,4,High
C005206,P2656,Water Supply,Pipeline Leakage,Padmanabhanagar,2026-05-18,Resolved,230,3,Yes,High,No,4,Critical
C005207,P0444,Road Infrastructure,Road Cutting Not Restored,Hosahalli,2026-05-18,Closed,35,2,No,Low,No,,Low
C005208,P2398,Electrical,Street Light Not Working,Mathikere,2026-05-18,Closed,180,9,No,Medium,Yes,2,Medium
C005209,P0639,Solid Waste Management,Garbage Not Collected,Shantinagar,2026-05-18,Closed,25,4,No,None,No,8,Low
C005210,P2721,Sewerage,Sewage Overflow,Mahadevapura,2026-05-18,Closed,,189,Yes,High,No,12,Critical
C005211,P2016,Electrical,Multiple Street Lights Not Working,Jalahalli,2026-05-18,Closed,120,21,No,Low,Yes,4,Low
C005212,P0228,Electrical,Multiple Street Lights Not Working,Jalahalli,2026-05-18,Closed,180,25,No,Low,Yes,4,Medium
C005213,P1145,Electrical,Street Light Not Working,Kadugodi,2026-05-18,Resolved,55,2,No,Low,Yes,2,Medium
C005214,P2337,Solid Waste Management,Garbage Not Collected,HSR Layout,2026-05-18,Closed,190,68,Yes,Low,No,1,High
C005215,P0507,Health,public health sanitation issue,Hosahalli,2026-05-18,Assigned,70,2,No,Critical,Yes,6,High
C005216,P0507,Health,Public Health Sanitation Issue,Hosahalli,2026-05-18,Assigned,90,2,No,Critical,Yes,6,High
C005217,P0042,Electrical,Multiple Street Lights Not Working,Jalahalli,2026-05-18,Resolved,120,24,No,Low,Yes,3,Medium
C005218,P1074,Electrical,Damaged Street Light,Sadashivanagar,2026-05-18,Closed,15,3,No,Low,No,2,Low
C005219,P1440,Solid Waste Management,Garbage Dump,Rajarajeshwari Nagar,2026-05-18,Closed,45,12,No,None,No,6,Low
C005220,P1095,Solid Waste Management,Garbage Not Collected,HSR Layout,2026-05-18,In Progress,250,110,Yes,Medium,No,1,High
C005221,P1718,Public Sanitation,Garbage Burning,Hennur,2026-05-18,Closed,150,,No,Low,No,2,Low
C005222,P0123,Electrical,Multiple Street Lights Not Working,Kadugodi,2026-05-18,Closed,417,8,No,Medium,Yes,4,High
C005223,P0608,Road Maintenance,Road Maintenance Required,Ulsoor,2026-05-18,Resolved,80,5,No,None,No,1,Low
C005224,P0814,Electrical,Multiple Street Lights Not Working,JP Nagar,2026-05-18,Closed,35,2,No,High,Yes,12,High
C005225,P2899,Sewerage,Sewage Overflow,Mahadevapura,2026-05-18,Closed,3200,165,Yes,High,No,12,Critical
C005226,P0027,Solid Waste Management,Garbage Vehicle Not Arrived,Kengeri,2026-05-18,Closed,148,1,Yes,Low,Yes,2,Low
C005227,P0711,Water Supply,No Water Supply,Koramangala,2026-05-18,Closed,820,145,Yes,High,No,4,Critical
C005228,P1547,Electrical,Multiple Street Lights Not Working,Kadugodi,2026-05-18,Closed,440,8,No,Medium,No,4,High
C005229,P2972,Solid Waste Management,Garbage Vehicle Not Arrived,Kengeri,2026-05-18,Resolved,280,2,No,None,Yes,4,Low
C005230,P0376,Electrical,Multiple Street Lights Not Working,Jalahalli,2026-05-18,Closed,120,25,No,None,Yes,4,Low
C005231,P2660,Electrical,Multiple Street Lights Not Working,Kadugodi,2026-05-18,Closed,310,4,No,Medium,Yes,3,High
C005232,P1872,Electrical,Multiple Street Lights Not Working,Kadugodi,2026-05-18,Closed,417,6,No,Medium,Yes,4,High
C005233,P0571,Electrical,Multiple Street Lights Not Working,Kadugodi,2026-05-18,Resolved,556,18,No,Medium,Yes,4,High
C005234,P1633,Electrical,Multiple Street Lights Not Working,Jalahalli,2026-05-18,Closed,120,19,No,Low,Yes,4,Medium
C005235,P2352,Road Maintenance,Pothole,Hoodi,2026-05-18,In Progress,180,3,No,Low,Yes,6,Low
C005236,P0821,Health,Public Health Sanitation Issue,Malleshwaram,2026-05-18,Closed,200,18,Yes,None,Yes,1,High
C005237,P1445,Revenue Department,Khata Related Issue,Hoodi,2026-05-18,Closed,7,1,No,None,No,0.5,Low
C005238,P2315,Solid Waste Management,Garbage Vehicle Not Arrived,Kengeri,2026-05-18,Closed,170,1,Yes,Low,No,2,Low
C005239,P0883,Sewerage,Sewage Overflow,Mahadevapura,2026-05-18,Closed,3712,90,Yes,High,No,12,Critical
C005240,P0023,Electrical,Street Light Not Working,Byatarayanapura,2026-05-18,In Progress,130,12,No,Medium,Yes,4,High
C005241,P0127,Electrical,Multiple Street Lights Not Working,Kadugodi,2026-05-18,Closed,324,8,No,Medium,No,4,High
C005242,P2220,Solid Waste Management,Garbage Not Collected,Peenya,2026-05-19,Resolved,2200,21,Yes,Low,Yes,8,Medium
C005243,P1036,Sewerage,Sewage Overflow,Ulsoor,2026-05-19,Closed,42,7,No,,Yes,24,High
C005244,P2614,Public Sanitation,Public Toilet Not Maintained,Hebbal,2026-05-19,In Progress,45,1,Yes,Low,Yes,6,Medium
C005245,P2805,Electrical,Multiple Street Lights Not Working,Kadugodi,2026-05-19,Closed,302,4,No,Medium,Yes,4,High
C005246,P1807,Road Maintenance,Road Maintenance Required,Byatarayanapura,2026-05-19,Closed,75,2,No,Medium,Yes,2,Low
C005247,P0200,Solid Waste Management,Sweeping Not Done,JP Nagar,2026-05-19,Closed,15,0,No,None,Yes,1,Low
C005248,P2006,Others,Stray Cattle on Road,Jalahalli,2026-05-19,Resolved,35,7,No,None,Yes,8,Low
C005249,P1181,Solid Waste Management,Garbage Not Collected,Hosahalli,2026-05-19,Closed,107,21,No,Low,Yes,1,Low
C005250,P2163,Sewerage,Sewage Overflow,Mahadevapura,2026-05-19,Closed,3712,149,Yes,High,No,12,Critical
C005251,P0596,Drainage,Drain Overflow,Kengeri,2026-05-19,Assigned,410,23,Yes,Medium,No,8,High
C005252,P0619,Electrical,Multiple Street Lights Not Working,Kadugodi,2026-05-19,Resolved,320,7,No,High,Yes,3,High
C005253,P1538,Electrical,Multiple Street Lights Not Working,Kadugodi,2026-05-19,Resolved,410,7,No,Medium,Yes,4,High
C005254,P0393,Electrical,Multiple Street Lights Not Working,Kadugodi,2026-05-19,Closed,417,7,No,Medium,Yes,3,High
C005255,P0393,Electrical,Multiple Street Lights Not Working,Kadugodi,2026-05-19,Closed,340,7,No,Medium,Yes,3,High
C005256,P2553,Solid Waste Management,Garbage Not Collected,Gandhinagar,2026-05-19,Resolved,150,2,Yes,Low,No,8,Medium
C005257,P1433,Solid Waste Management,Garbage Dumping in Vacant Site,JP Nagar,2026-05-19,Closed,45,4,No,None,Yes,8,Medium
C005258,P1033,Electrical,Multiple Street Lights Not Working,Kadugodi,2026-05-19,Closed,417,,No,Medium,Yes,,High
C005259,P1664,Sewerage,Sewage Overflow,Ulsoor,2026-05-19,Closed,40,7,No,Critical,Yes,36,High
C005260,P2223,Solid Waste Management,Garbage Not Collected,Hosahalli,2026-05-19,Resolved,44,11,No,Low,Yes,1,Low
C005261,P2647,Solid Waste Management,Garbage Dump,Basavanagudi,2026-05-19,Closed,45,17,Yes,Low,Yes,8,Low
C005262,P2989,Drainage,Drain Overflow,Kengeri,2026-05-19,Assigned,410,27,Yes,High,No,8,High
C005263,P2138,Electrical,Multiple Street Lights Not Working,Kadugodi,2026-05-19,Resolved,417,10,No,Medium,Yes,4,High
C005264,P0994,Sewerage,Sewage Overflow,Mahadevapura,2026-05-19,Closed,3712,108,Yes,High,No,8,Critical
C005265,P1105,Solid Waste Management,Garbage Vehicle Not Arrived,Kengeri,2026-05-19,Resolved,150,2,No,None,Yes,4,Low
C005266,P1253,Sewerage,Sewage Overflow,Ulsoor,2026-05-19,Closed,,8,No,Critical,Yes,24,High
C005267,P1016,Drainage,Drain Overflow,Kengeri,2026-05-19,Assigned,490,52,Yes,Medium,No,8,High
C005268,P0838,Health,Public Health Sanitation Issue,Electronic City,2026-05-19,Resolved,210,49,Yes,None,Yes,12,Medium
C005269,P2070,Solid Waste Management,Garbage Not Collected,Peenya,2026-05-19,Resolved,2200,23,No,Low,Yes,8,Medium
C005270,P0024,Solid Waste Management,Garbage Dumping in Vacant Site,JP Nagar,2026-05-19,Resolved,60,6,No,None,Yes,8,Medium
C005271,P2538,Revenue Department,Property Tax Query,Shantinagar,2026-05-19,Resolved,1,0,No,None,No,1,Low
C005272,P2538,Revenue Department,Property Tax Query,Shantinagar,2026-05-19,Resolved,1,0,No,None,No,1,Low
C005273,P2711,Public Sanitation,Public Toilet Not Maintained,Jayanagar,2026-05-19,Resolved,110,10,No,Medium,Yes,4,Medium
C005274,P0569,Electrical,Multiple Street Lights Not Working,Kadugodi,2026-05-19,Resolved,417,9,Yes,Medium,Yes,4,High
C005275,P0805,Road Maintenance,Footpath Damage,Banaswadi,2026-05-19,Closed,40,1,No,Medium,No,4,Low
C005276,P2245,Solid Waste Management,Garbage Not Collected,Peenya,2026-05-19,Closed,2700,37,No,Low,Yes,6,Medium
C005277,P1314,Water Supply,Pipeline Leakage,Bommanahalli,2026-05-19,Resolved,80,13,Yes,Medium,No,24,Medium
C005278,P2487,Electrical,Exposed Electrical Wires,Hebbal,2026-05-19,In Progress,65,11,No,High,No,6,Low
C005279,P1145,Electrical,Multiple Street Lights Not Working,Kadugodi,2026-05-19,Closed,551,10,No,Medium,Yes,6,High
C005280,P0871,Revenue Department,Property Tax Query,Ulsoor,2026-05-19,Closed,1,0,No,None,Yes,1,Low
C005281,P1981,Solid Waste Management,Garbage Not Collected,Gandhinagar,2026-05-19,Closed,200,2,Yes,Low,No,8,Medium
C005282,P0571,Electrical,Multiple Street Lights Not Working,Kadugodi,2026-05-19,Resolved,556,18,No,Medium,Yes,4,High
C005283,P2994,Drainage,Drain Overflow,Kengeri,2026-05-19,Assigned,410,15,No,Medium,No,6,High
C005284,P1797,Solid Waste Management,Sweeping Not Done,Kadugodi,2026-05-19,Closed,190,11,No,None,No,1,Low
C005285,P0573,Others,Miscellaneous Complaint,Hosahalli,2026-05-20,Closed,30,0,No,Low,Yes,4,Low
C005286,P1509,Road Maintenance,Pothole,Hoodi,2026-05-20,In Progress,180,2,No,Medium,No,8,Low
C005287,P1783,Health,Stray Dog Menace,Electronic City,2026-05-20,Closed,40,9,Yes,High,No,12,High
C005288,P0163,Solid Waste Management,Garbage Not Collected,Peenya,2026-05-20,Resolved,1600,13,No,Low,Yes,12,High
C005289,P2576,Sewerage,Sewage Overflow,Mahadevapura,2026-05-20,Closed,3712,171,Yes,High,No,16,Critical
C005290,P2152,Electrical,Street Light Not Working,Mathikere,2026-05-20,Resolved,220,10,No,Medium,Yes,2,Medium
C005291,P0349,Road Maintenance,Road Surface Damage,Peenya,2026-05-20,Closed,270,2,No,Medium,No,4,Medium
C005292,P0591,Solid Waste Management,Garbage Not Collected,Gandhinagar,2026-05-20,Resolved,190,2,Yes,Low,No,8,Medium
C005293,P2043,Solid Waste Management,Garbage Not Collected,Peenya,2026-05-20,Closed,1700,17,No,Low,Yes,8,Medium
C005294,P0171,Water Supply,Pipeline Leakage,KR Puram,2026-05-20,Closed,45,1,Yes,Critical,No,24,Critical
C005295,P0868,Solid Waste Management,Garbage Not Collected,HSR Layout,2026-05-20,Closed,150,60,Yes,Medium,No,2,High
C005296,P2819,Drainage,Drain Overflow,Kengeri,2026-05-20,Assigned,310,13,Yes,Medium,No,8,High
C005297,P0601,Solid Waste Management,Garbage Not Collected,Peenya,2026-05-20,Resolved,2433,25,No,Low,Yes,8,Medium
C005298,P1632,Road Maintenance,Road Maintenance Required,Varthur,2026-05-20,Closed,130,26,No,Low,No,6,High
C005299,P1117,Road Maintenance,Road Maintenance Required,Varthur,2026-05-20,Closed,160,21,No,Low,No,8,High
C005300,P1172,Water Supply,Pipeline Leakage,KR Puram,2026-05-20,Closed,85,2,Yes,Critical,No,16,Critical
C005301,P2005,Health,Increase in Mosquito Density,Basavanagudi,2026-05-20,Closed,1100,207,No,Low,No,6,Medium
C005302,P2847,Electrical,Street Light Not Working,Ulsoor,2026-05-20,Closed,150,,No,Medium,No,1,Low
C005303,P2568,Road Maintenance,Road Maintenance Required,Byatarayanapura,2026-05-20,Resolved,75,2,No,Medium,Yes,3,Low
C005304,P1954,Electrical,Multiple Street Lights Not Working,Kadugodi,2026-05-20,In Progress,417,9,No,Medium,Yes,4,High
C005305,P1886,Electrical,Street Light Not Working,Kadugodi,2026-05-20,Closed,50,1,No,Low,Yes,1,Medium
C005306,P2194,Health,Public Health Sanitation Issue,Malleshwaram,2026-05-20,Resolved,230,18,Yes,Low,Yes,3,High
C005307,P1764,Water Supply,No Water Supply,Dasarahalli,2026-05-20,In Progress,190,24,Yes,Medium,Yes,8,High
C005308,P0972,Electrical,Street Light Not Working,Ulsoor,2026-05-20,Closed,150,13,No,High,Yes,2,Low
C005309,P2270,Water Supply,Pipeline Leakage,KR Puram,2026-05-20,Closed,95,2,Yes,Critical,No,24,Critical
C005310,P1338,Electrical,Street Light Not Working,Kadugodi,2026-05-20,Closed,55,2,No,Low,Yes,1,Medium
C005311,P1140,Solid Waste Management,Garbage Not Collected,HSR Layout,2026-05-20,Resolved,150,49,Yes,Medium,No,0.5,High
C005312,P0670,Health,Increase in Mosquito Density,Basavanagudi,2026-05-20,Closed,1300,353,No,Low,No,8,Medium
C005313,P1221,Electrical,Multiple Street Lights Not Working,Kadugodi,2026-05-20,Closed,550,15,No,Medium,No,4,High
C005314,P1979,Electrical,Street Light Not Working,Kodigehalli,2026-05-21,In Progress,10,1,No,Critical,No,3,High
C005315,P1519,Solid Waste Management,Sweeping Not Done,JP Nagar,2026-05-21,Closed,15,0,No,None,Yes,1,Low
C005316,P1054,Water Supply,Pipeline Leakage,KR PURAM,2026-05-21,Closed,60,2,Yes,Critical,No,24,Critical
C005317,P1054,Water Supply,Pipeline Leakage,KR Puram,2026-05-21,Closed,,2,Yes,Critical,No,24,Critical
C005318,P2135,Road Infrastructure,Road Encroachment,Kadugodi,2026-05-21,Closed,50,1,No,Low,No,8,Low
C005319,P0349,Road Maintenance,Road Surface Damage,Peenya,2026-05-21,Closed,270,2,No,Medium,No,4,Medium
C005320,P0026,Street Infrastructure,Damaged Signboard,Hosahalli,2026-05-21,Resolved,60,7,No,Critical,Yes,2,Medium
C005321,P0026,Street Infrastructure,Damaged Signboard,Hosahalli,2026-05-21,Resolved,60,7,No,Critical,Yes,2,Medium
C005322,P0880,Public Sanitation,Unclean Public Area,Mathikere,2026-05-21,Resolved,568,17,No,None,Yes,4,Low
C005323,P0349,Solid Waste Management,Garbage Not Collected,Peenya,2026-05-21,Closed,2200,17,No,Low,Yes,12,Medium
C005324,P0381,Electrical,Street Light Not Working,Varthur,2026-05-21,Closed,70,9,No,Medium,No,1,High
C005325,P1651,Road Maintenance,Road Surface Damage,Peenya,2026-05-21,Resolved,210,,No,Medium,No,4,Low
C005326,P0119,Sewerage,Sewage Overflow,Ulsoor,2026-05-21,Closed,40,11,No,High,Yes,24,High
C005327,P2270,Water Supply,Pipeline Leakage,KR Puram,2026-05-21,Closed,95,2,Yes,Critical,No,24,Critical
C005328,P0366,Electrical,Street Light Not Working,Byatarayanapura,2026-05-21,Resolved,140,25,No,Medium,Yes,6,Medium
C005329,P2232,Drainage,Drain Overflow,Kengeri,2026-05-21,Assigned,450,30,Yes,Medium,No,8,High
C005330,P2291,Solid Waste Management,Sweeping Not Done,JP Nagar,2026-05-21,Closed,15,0,No,None,Yes,1,Low
C005331,P2156,Revenue Department,Trade Licence Issue,Kadugodi,2026-05-21,Resolved,1,0,No,Low,Yes,2,Low
C005332,P2204,Solid Waste Management,Garbage Not Collected,Mathikere,2026-05-21,Closed,,1,No,Low,Yes,3,Low
C005333,P0026,Revenue Department,Trade Licence Issue,Hosahalli,2026-05-21,Closed,1,0,No,None,Yes,0.5,Low
C005334,P0878,Road Infrastructure,Road Encroachment,Kadugodi,2026-05-22,Resolved,26,0,No,Low,No,8,Low
C005335,P0370,Road Maintenance,Footpath Damage,Ulsoor,2026-05-22,Closed,30,1,No,Low,No,8,Low
C005336,P0018,Solid Waste Management,Garbage Not Collected,Hoodi,2026-05-22,Closed,240,32,No,Low,Yes,1,Low
C005337,P1117,Sewerage,Sewage Overflow,Mahadevapura,2026-05-22,Closed,3712,108,Yes,Medium,No,12,Critical
C005338,P0969,Drainage,Open Drain,Hosahalli,2026-05-22,Resolved,130,,No,Medium,Yes,8,High
C005339,P0891,Water Supply,Pipeline Leakage,KR Puram,2026-05-22,Resolved,60,2,Yes,Critical,No,36,Critical
C005340,P2014,Water Supply,Pipeline Leakage,KR Puram,2026-05-22,Resolved,25,1,Yes,Critical,No,24,Critical
C005341,P2567,Health,Public Health Sanitation Issue,Malleshwaram,2026-05-22,Closed,720,108,No,Medium,Yes,16,High
C005342,P0497,Electrical,Street Light Not Working,Mathikere,2026-05-22,Closed,50,11,No,High,Yes,0.5,High
C005343,P0497,Electrical,Street Light Not Working,Mathikere,2026-05-22,Registered,50,11,No,High,Yes,0.5,High
C005344,P0883,Water Supply,Pipeline Leakage,KR Puram,2026-05-22,Closed,55,1,Yes,Critical,No,36,Critical
C005345,P0702,Street Infrastructure,Damaged Signboard,Kadugodi,2026-05-22,Closed,30,3,No,Medium,No,4,Low
C005346,P0323,Electrical,Street Light Not Working,Ulsoor,2026-05-22,Resolved,260,23,No,Medium,No,1,Low
C005347,P0021,Public Sanitation,Unclean Public Area,Sadashivanagar,2026-05-22,Closed,470,17,No,Medium,No,2,Medium
C005348,P1420,Water Supply,No Water Supply,Dasarahalli,2026-05-22,Resolved,174,13,Yes,Medium,Yes,8,High
C005349,P1429,Electrical,Damaged Street Light,Kadugodi,2026-05-23,In Progress,,0,,Low,Yes,4,Low
C005350,P0274,Others,Illegal Construction,Padmanabhanagar,2026-05-23,Closed,41,11,No,High,No,16,Medium
C005351,P1809,Water Supply,No Water Supply,Shantinagar,2026-05-23,Resolved,60,11,Yes,High,No,6,High
C005352,P2156,Road Infrastructure,Road Encroachment,Kadugodi,2026-05-23,Resolved,35,1,No,None,No,8,Low
C005353,P1026,Electrical,Street Light Not Working,Mathikere,2026-05-23,Closed,45,7,No,High,Yes,1,Medium
C005354,P0639,Water Supply,No Water Supply,Shantinagar,2026-05-23,Closed,60,10,Yes,High,No,4,High
C005355,P2164,Electrical,Street Light Not Working,Mathikere,2026-05-23,Closed,50,8,No,Medium,Yes,0.5,High
C005356,P0474,Electrical,Street Light Not Working,Kodigehalli,2026-05-23,In Progress,8000,1,No,High,No,,Medium
C005357,P0545,Road Maintenance,Road Maintenance Required,Electronic City,2026-05-23,Closed,26,6,No,Low,No,16,Low
C005358,P2134,Electrical,Street Light Not Working,Hoodi,2026-05-23,Closed,100,2,No,Low,No,2,Low
C005359,P0878,Road Infrastructure,Road Encroachment,Kadugodi,2026-05-23,Resolved,26,0,No,Low,No,8,Low
C005360,P0422,Solid Waste Management,Garbage Not Collected,BTM Layout,2026-05-23,Closed,203,3,No,Low,No,,Low
C005361,P2705,Others,Miscellaneous Complaint,Rajajinagar,2026-05-23,Closed,35,10,Yes,None,Yes,2,Low
C005362,P1738,Electrical,Multiple Street Lights Not Working,Hoodi,2026-05-23,Resolved,120,5,No,Medium,No,6,High
C005363,P2763,Electrical,Multiple Street Lights Not Working,Hoodi,2026-05-23,Closed,148,5,No,Medium,No,6,High
C005364,P1284,Electrical,Multiple Street Lights Not Working,Hoodi,2026-05-23,Resolved,75,4,No,Medium,No,4,High
C005365,P0747,Electrical,Street Light Not Working,Hoodi,2026-05-23,Closed,70,2,No,None,No,1,Low
C005366,P2182,Public Sanitation,Unclean Public Area,Shivajinagar,2026-05-23,Resolved,30,2,No,Medium,No,2,Low
C005367,P0863,Public Sanitation,Public Toilet Not Maintained,Kadugodi,2026-05-23,Closed,55,6,No,None,Yes,4,Low
C005368,P1291,Electrical,Street Light Not Working,Hoodi,2026-05-23,Resolved,85,2,No,Medium,No,1,Low
C005369,P1907,Road Infrastructure,Speed Breaker Required,Nagarbhavi,2026-05-24,Closed,50,8,No,Low,No,16,Medium
C005370,P1269,Solid Waste Management,Garbage Dump,Shantinagar,2026-05-24,Closed,25,6,No,None,Yes,6,Low
C005371,P2419,Electrical,Street Light Not Working,Hoodi,2026-05-24,Resolved,90,2,No,Low,No,3,Low
C005372,P2538,Solid Waste Management,Garbage Dump,Shantinagar,2026-05-24,Closed,15,5,No,None,Yes,8,Low
C005373,P0416,Solid Waste Management,Garbage Vehicle Not Arrived,Vijayanagar,2026-05-24,Resolved,150,14,Yes,None,Yes,2,Low
C005374,P1792,Solid Waste Management,Garbage Dump,Shantinagar,2026-05-24,Closed,15,2,No,None,Yes,8,Low
C005375,P2599,Solid Waste Management,Garbage Not Collected,Mathikere,2026-05-24,Resolved,28,1,No,Low,Yes,1,Low
C005376,P0012,Sewerage,Sewage Overflow,Mahadevapura,2026-05-24,Resolved,3712,66,Yes,High,No,12,Critical
C005377,P2973,Road Maintenance,Footpath Damage,Domlur,2026-05-24,Resolved,10,1,No,Medium,No,12,Medium
C005378,P0379,Electrical,Electric Pole Damaged,Malleshwaram,2026-05-24,Closed,55,13,No,Critical,No,16,High
C005379,P1331,Public Sanitation,Unclean Public Area,Arekere,2026-05-24,Resolved,95,,No,Low,Yes,3,Low
C005380,P0369,Water Supply,Pipeline Leakage,Shantinagar,2026-05-24,Resolved,140,6,Yes,Medium,Yes,12,Medium
C005381,P0706,Solid Waste Management,Garbage Dump,Shantinagar,2026-05-24,Closed,15,3,No,None,Yes,12,Low
C005382,P1917,Water Supply,Pipeline Leakage,Sadashivanagar,2026-05-25,Closed,470,32,Yes,Critical,Yes,8,Critical
C005383,P2559,Road Infrastructure,Speed Breaker Required,Mathikere,2026-05-25,Closed,20,3,No,Medium,Yes,16,High
C005384,P1939,Water Supply,Pipeline Leakage,Shantinagar,2026-05-25,Closed,85,5,Yes,Medium,No,12,Medium
C005385,P1246,Public Sanitation,Unclean Public Area,Hebbal,2026-05-25,Closed,90,1,Yes,Low,Yes,8,High
C005386,P0428,Solid Waste Management,Garbage Vehicle Not Arrived,Basavanagudi,2026-05-25,In Progress,120,13,No,Low,Yes,3,Medium
C005387,P1979,Health,Increase in Mosquito Density,Kodigehalli,2026-05-25,Resolved,392,10,No,Medium,Yes,8,High
C005388,P2531,Public Sanitation,Unclean Public Area,Hebbal,2026-05-25,Closed,100,1,Yes,Medium,Yes,8,High
C005389,P0215,Electrical,Street Light Not Working,Hoodi,2026-05-25,Closed,85,2,No,Low,No,3,Low
C005390,P1126,Solid Waste Management,Sweeping Not Done,Hosahalli,2026-05-25,Closed,620,22,No,Low,Yes,3,Low
C005391,P0475,Water Supply,Pipeline Leakage,Sarakki,2026-05-25,Closed,94,7,Yes,Medium,No,12,High
C005392,P1231,Public Sanitation,Public Toilet Not Maintained,Kadugodi,2026-05-25,Resolved,55,6,No,None,Yes,4,Low
C005393,P0885,Solid Waste Management,Garbage Dumping in Vacant Site,Vasanthnagar,2026-05-25,In Progress,12,4,Yes,Critical,No,3,High
C005394,P2934,Public Sanitation,Unclean Public Area,Hebbal,2026-05-25,Closed,100,1,No,Medium,Yes,8,High
C005395,P0055,Street Infrastructure,Bus Shelter Damaged,Gandhinagar,2026-05-25,Closed,310,4,No,High,No,6,Medium
C005396,P1817,Solid Waste Management,Sweeping Not Done,Hosahalli,2026-05-25,Resolved,630,26,No,Low,Yes,2,Low
C005397,P1711,Road Maintenance,Road Maintenance Required,BTM Layout,2026-05-25,Resolved,32,7,No,Medium,No,8,Low
C005398,P0487,Public Sanitation,Unclean Public Area,Arekere,2026-05-25,Resolved,100,5,No,Low,Yes,4,Low
C005399,P2221,Street Infrastructure,Fallen Tree Branch,Chamrajpet,2026-05-25,Resolved,10,0,No,Medium,Yes,4,Medium
C005400,P1510,Road Maintenance,Road Maintenance Required,Bellandur,2026-05-25,Closed,45,21,No,Medium,No,2,High
C005401,P0524,Solid Waste Management,Garbage Vehicle Not Arrived,Vijayanagar,2026-05-25,Closed,150,20,Yes,None,Yes,2,Medium
C005402,P1607,Public Sanitation,Unclean Public Area,Arekere,2026-05-25,Closed,100,10,No,Low,Yes,4,Low
C005403,P0692,Public Sanitation,Garbage Burning,Hosahalli,2026-05-25,Closed,102,,No,Low,Yes,4,High
C005404,P1394,Road Infrastructure,Speed Breaker Required,Mathikere,2026-05-25,Resolved,45,10,No,Medium,No,16,Medium
C005405,P1394,Road Infrastructure ,Speed Breaker Required,Mathikere,2026-05-25,Resolved,45,10,No,Medium,No,16,Medium
C005406,P1813,Drainage,Damaged Drain,Whitefield,2026-05-25,Resolved,65,1,No,High,Yes,12,High
C005407,P1269,Health,Increase in Mosquito Density,Shantinagar,2026-05-25,Resolved,103,16,Yes,Low,No,2,Medium
C005408,P0704,Road Maintenance,Road Maintenance Required,Bellandur,2026-05-25,Closed,40,19,No,High,No,2,High
C005409,P0624,Electrical,Street Light Not Working,Hoodi,2026-05-25,Resolved,85,2,No,Medium,No,2,Low
C005410,P1441,Electrical,Street Light Not Working,Kodigehalli,2026-05-25,Assigned,10,1,No,High,No,2,Medium
C005411,P2064,Health,Increase in Mosquito Density,Bellandur,2026-05-26,Closed,,10,Yes,,No,2,Low
C005412,P2064,Health,Increase in Mosquito Density,Bellandur,2026-05-26,Closed,208,10,Yes,None,No,2,Low
C005413,P0511,Solid Waste Management,Garbage Vehicle Not Arrived,Kadugodi,2026-05-26,Resolved,75,7,No,Low,Yes,1,Low
C005414,P2280,Health,Increase in Mosquito Density,Kodigehalli,2026-05-26,Closed,392,12,No,Medium,Yes,6,High
C005415,P1157,Water Supply,Pipeline Leakage,Sadashivanagar,2026-05-26,Resolved,460,22,No,Critical,Yes,8,Critical
C005416,P2333,Electrical,Damaged Street Light,Ulsoor,2026-05-26,Resolved,30,5,,Medium,Yes,4,High
C005417,P1248,Street Infrastructure,Bus Shelter Damaged,Gandhinagar,2026-05-26,Closed,261,5,No,High,No,8,Medium
C005418,P2398,Solid Waste Management,Garbage Not Collected,Mathikere,2026-05-26,Resolved,220,41,No,Low,No,3,Medium
C005419,P1436,Electrical,Street Light Not Working,Hebbal,2026-05-26,Closed,25,1,No,Low,Yes,4,Low
C005420,P2855,Solid Waste Management,Garbage Vehicle Not Arrived,Chamrajpet,2026-05-26,Closed,41,5,No,Medium,Yes,4,Medium
C005421,P2351,Electrical,Multiple Street Lights Not Working,Hoodi,2026-05-26,Resolved,100,3,No,Medium,No,4,High
C005422,P0858,Solid Waste Management,Sweeping Not Done,HSR Layout,2026-05-26,Closed,95,19,No,Medium,No,4,Medium
C005423,P1253,Electrical,Damaged Street Light,Ulsoor,2026-05-26,Resolved,21,3,No,High,Yes,4,High
C005424,P0361,Road Maintenance,Road Surface Damage,Yeshwanthpur,2026-05-26,Resolved,790,,No,Medium,Yes,36,High
C005425,P2097,Revenue Department,Property Tax Query,Padmanabhanagar,2026-05-26,Closed,8,1,No,None,No,2,Low
C005426,P0551,Solid Waste Management,Garbage Vehicle Not Arrived,Vijayanagar,2026-05-26,Resolved,150,14,Yes,None,Yes,2,Low
C005427,P2478,Drainage,Drain Overflow,Jayanagar,2026-05-26,Closed,1600,246,No,Low,No,6,Medium
C005428,P2197,Solid Waste Management,Garbage Vehicle Not Arrived,Vijayanagar,2026-05-26,Resolved,200,11,Yes,None,Yes,2,Low
C005429,P2805,Solid Waste Management,Garbage Vehicle Not Arrived,Kadugodi,2026-05-26,Resolved,85,8,No,Low,Yes,2,Low
C005430,P2756,Solid Waste Management,Garbage Vehicle Not Arrived,Chamrajpet,2026-05-26,Resolved,41,3,No,Medium,Yes,4,Medium
C005431,P2841,Road Maintenance,Road Surface Damage,Yeshwanthpur,2026-05-26,Resolved,932,29,No,Medium,Yes,24,High
C005432,P2815,Drainage,Drain Blockage,Mathikere,2026-05-26,Resolved,35,1,No,None,No,1,Medium
C005433,P0955,Drainage,Drain Overflow,Mathikere,2026-05-26,Closed,100,18,No,Medium,Yes,4,High
C005434,P0483,Solid Waste Management,Garbage Dump,Banaswadi,2026-05-26,Closed,33,0,No,High,Yes,8,Medium
C005435,P0457,Road Infrastructure,Road Signage Missing,Koramangala,2026-05-26,Closed,150,4,No,Medium,No,8,Medium
C005436,P0369,Health,Increase in Mosquito Density,Shantinagar,2026-05-26,Resolved,150,25,Yes,Low,No,1,Medium
C005437,P2855,Street Infrastructure,Fallen Tree Branch,Chamrajpet,2026-05-26,Closed,10,0,No,Medium,Yes,6,Medium
C005438,P2319,Road Infrastructure,Road Encroachment,Kadugodi,2026-05-26,Closed,410,32,No,High,No,6,High
C005439,P0554,Electrical,Damaged Street Light,Ulsoor,2026-05-26,Resolved,,4,No,High,Yes,4,High
C005440,P1447,Solid Waste Management,Garbage Vehicle Not Arrived,Vijayanagar,2026-05-26,Closed,150,11,Yes,Low,Yes,2,Low
C005441,P2789,Public Sanitation,Public Toilet Not Maintained,Malleshwaram,2026-05-26,Resolved,200,14,No,Low,Yes,8,Low
C005442,P0884,Public Sanitation,Public Toilet Not Maintained,Malleshwaram,2026-05-26,Resolved,200,29,No,Low,Yes,8,Low
C005443,P0193,Road Maintenance,Road Surface Damage,Malleshwaram,2026-05-27,Resolved,2700,87,No,None,No,24,Low
C005444,P0843,Public Sanitation,Unclean Public Area,Sadashivanagar,2026-05-27,Closed,55,1,No,None,Yes,12,Low
C005445,P1655,Water Supply,Pipeline Leakage,BTM Layout,2026-05-27,Closed,120,3,Yes,None,Yes,24,Medium
C005446,P0824,Electrical,Multiple Street Lights Not Working,Chamrajpet,2026-05-27,Resolved,60,11,No,Low,Yes,3,Medium
C005447,P2150,Solid Waste Management,Garbage Not Collected,Sarakki,2026-05-27,Closed,190,20,Yes,None,Yes,2,Medium
C005448,P2255,Health,Increase in Mosquito Density,Bellandur,2026-05-27,Closed,180,5,Yes,None,Yes,3,Medium
C005449,P1850,Water Supply,Pipeline Leakage,Hoodi,2026-05-27,Resolved,4897,272,No,Low,No,36,Low
C005450,P2955,Solid Waste Management,Garbage Vehicle Not Arrived,Chamrajpet,2026-05-27,In Progress,41,3,No,Medium,Yes,4,Medium
C005451,P1215,Solid Waste Management ,Garbage Not Collected,Sarakki,2026-05-27,Closed,,10,Yes,None,Yes,2,Medium
C005452,P1610,Solid Waste Management,Garbage Not Collected,Mathikere,2026-05-27,Closed,220,33,No,Low,No,6,Medium
C005453,P1610,Solid Waste Management,Garbage Not Collected,Mathikere,2026-05-27,Closed,220,33,No,Low,No,6,Medium
C005454,P1968,Drainage,Drain Blockage,Mathikere,2026-05-27,Resolved,35,,No,None,Yes,120,Medium
C005455,P2337,Solid Waste Management,Sweeping Not Done,HSR Layout,2026-05-27,Closed,75,23,No,Medium,No,4,Medium
C005456,P2215,Drainage,Damaged Drain,Begur,2026-05-27,Closed,85,1,No,None,No,,Low
C005457,P2162,Drainage ,Drain Overflow,Jayanagar,2026-05-27,Resolved,1500,120,No,Low,No,4,Medium
C005458,P0266,Revenue Department,Trade Licence Issue,Arekere,2026-05-27,Resolved,1,0,No,None,No,0.5,Low
C005459,P1886,Solid Waste Management,Garbage Vehicle Not Arrived,Kadugodi,2026-05-27,Closed,50,6,No,Low,Yes,1,Low
C005460,P0747,Public Sanitation,Unclean Public Area,Hoodi,2026-05-27,Closed,200,8,Yes,Medium,No,2,High
C005461,P0383,Road Maintenance,Footpath Damage,Hosahalli,2026-05-27,Resolved,85,14,,Low,No,6,Medium
C005462,P1087,Electrical,Multiple Street Lights Not Working,Koramangala,2026-05-27,In Progress,250,16,No,Low,No,12,High
C005463,P2737,Road Maintenance,Road Maintenance Required,Mathikere,2026-05-27,In Progress,20,1,No,Low,Yes,12,Low
C005464,P0266,Public Sanitation,Unclean Public Area,Arekere,2026-05-27,Closed,100,5,No,None,Yes,4,Low
C005465,P0041,Water Supply,Pipeline Leakage,BTM Layout,2026-05-27,Resolved,120,2,Yes,Low,Yes,24,Medium
C005466,P0985,Electrical,Multiple Street Lights Not Working,Koramangala,2026-05-27,Closed,230,11,No,Medium,No,12,High
C005467,P2587,Solid Waste Management,Garbage Not Collected,Sarakki,2026-05-27,Resolved,190,16,Yes,None,No,1,Medium
C005468,P0383,Road Maintenance,Pothole,Hosahalli,2026-05-27,Assigned,75,1,No,Medium,,8,High
C005469,P2595,Electrical,Street Light Not Working,Hebbal,2026-05-27,Closed,25,1,No,Low,Yes,4,Low
C005470,P1314,Road Maintenance,Pothole,Bommanahalli,2026-05-27,Assigned,45,10,No,Low,No,8,Medium
C005471,P0031,Solid Waste Management,Garbage Vehicle Not Arrived,Kadugodi,2026-05-27,Closed,45,2,No,Low,Yes,2,Low
C005472,P2262,Electrical,Street Light Not Working,Jayanagar,2026-05-27,Closed,160,28,No,Medium,No,2,Critical
C005473,P0457,Electrical,Multiple Street Lights Not Working,Koramangala,2026-05-27,Closed,250,15,,Medium,No,12,High
C005474,P1291,Water Supply,Pipeline Leakage,Hoodi,2026-05-27,Closed,4200,191,Yes,Medium,No,36,Medium
C005475,P0044,Electrical,Street Light Not Working,Jayanagar,2026-05-27,Resolved,160,42,No,Medium,No,2,High
C005476,P2658,Solid Waste Management,Garbage Not Collected,Mathikere,2026-05-28,Closed,25,1,No,Low,Yes,3,Low
C005477,P2538,Health,Increase in Mosquito Density,Bellandur,2026-05-28,Closed,210,15,Yes,Low,No,2,Medium
C005478,P0220,Electrical,Multiple Street Lights Not Working,Koramangala,2026-05-28,Closed,330,20,,Medium,No,12,High
C005479,P2539,Drainage,Damaged Drain,Begur,2026-05-28,Resolved,69,1,No,None,No,12,Low
C005480,P0013,Water Supply,Pipeline Leakage,BTM Layout,2026-05-28,Resolved,127,2,Yes,None,Yes,24,Medium
C005481,P0554,Electrical,Damaged Street Light,Ulsoor,2026-05-28,Resolved,20,4,No,High,Yes,4,High
C005482,P1467,Electrical,Multiple Street Lights Not Working,Chamrajpet,2026-05-28,Resolved,60,16,No,Low,Yes,2,Medium
C005483,P2824,Sewerage,Sewage Overflow,Bellandur,2026-05-28,Closed,16,1,Yes,Medium,No,12,Low
C005484,P0930,Electrical,Street Light Not Working,Nagarbhavi,2026-05-28,Closed,97,5,No,None,Yes,2,Low
C005485,P2105,Road Maintenance,Pothole,Malleshwaram,2026-05-28,Closed,80,1,No,Low,,2,Low
C005486,P0534,Solid Waste Management,Garbage Not Collected,Sarakki,2026-05-28,Closed,,28,Yes,None,Yes,,Medium
C005487,P1159,Solid Waste Management,Garbage Not Collected,Mathikere,2026-05-28,Resolved,25,1,No,Low,,4,Low
C005488,P2893,Drainage,Drain Blockage,Mathikere,2026-05-28,Resolved,35,1,No,None,No,2,Medium
C005489,P2673,Water Supply,Pipeline Leakage,BTM Layout,2026-05-28,Closed,116,,Yes,Low,Yes,24,Medium
C005490,P1785,Electrical,Multiple Street Lights Not Working,Chamrajpet,2026-05-28,Closed,87,15,No,Low,,2,Medium
C005491,P1444,Electrical,Multiple Street Lights Not Working,Koramangala,2026-05-28,Closed,432,21,No,High,No,12,High
C005492,P1342,Solid Waste Management,Garbage Not Collected,Mathikere,2026-05-28,Resolved,25,1,No,Low,Yes,4,Low
C005493,P2758,Road Maintenance,Road Surface Damage,Yeshwanthpur,2026-05-28,Closed,790,24,No,High,Yes,24,High
C005494,P1938,Electrical,Multiple Street Lights Not Working,Koramangala,2026-05-28,Closed,250,12,No,Medium,No,8,High
C005495,P1704,Others,Miscellaneous Complaint,Mathikere,2026-05-28,Resolved,15,2,No,Low,No,2,Low
C005496,P1484,Solid Waste Management,Garbage Dump,Banaswadi,2026-05-28,Closed,33,1,No,Medium,Yes,8,Medium
C005497,P2724,Road Infrastructure,Road Encroachment,Sadashivanagar,2026-05-28,Resolved,160,12,No,High,No,16,Medium
C005498,P0578,Drainage,Damaged Drain,Begur,2026-05-28,Closed,69,1,No,None,No,12,Low
C005499,P1761,Road Maintenance,Road Surface Damage,Bellandur,2026-05-28,Resolved,111,2,No,High,No,8,High
C005500,P2893,Public Sanitation,Garbage Burning,Mathikere,2026-05-28,Closed,110,7,No,Medium,Yes,6,Medium
C005501,P1368,Road Maintenance,Road Surface Damage,Bellandur,2026-05-28,Closed,130,3,No,High,No,8,High
C005502,P0210,Road Maintenance,Pothole,Begur,2026-05-28,Resolved,15,2,No,Low,No,4,Medium
C005503,P1205,Drainage,Drain Overflow,Jayanagar,2026-05-28,Resolved,1500,261,No,Low,No,8,Medium
C005504,P0478,Drainage,Damaged Drain,Begur,2026-05-28,Closed,69,1,No,Low,No,16,Low
C005505,P1817,Public Sanitation,Public Toilet Not Maintained,Hosahalli,2026-05-28,Closed,25,3,No,Low,No,2,Low
C005506,P1132,Water Supply,Pipeline Leakage,BTM Layout,2026-05-28,Resolved,120,2,Yes,None,Yes,24,Medium
C005507,P2859,Electrical,Multiple Street Lights Not Working,Shantinagar,2026-05-28,Closed,110,9,No,Medium,Yes,2,Medium
C005508,P2291,Water Supply,Pipeline Leakage,BTM Layout,2026-05-28,Resolved,120,2,Yes,Low,Yes,24,Medium
C005509,P0398,Electrical,Damaged Street Light,Vasanthnagar,2026-05-29,Resolved,140,31,No,,No,6,High
C005510,P2012,Solid Waste Management,Garbage Not Collected,Hosahalli,2026-05-29,Closed,130,8,No,Low,Yes,2,Low
C005511,P1896,Road Infrastructure,Pothole,Malleshwaram,2026-05-29,Closed,80,1,No,Low,Yes,2,Medium
C005512,P0398,Sewerage,Sewage Overflow,Vasanthnagar,2026-05-29,Closed,140,6,Yes,None,No,12,Low
C005513,P0883,Solid Waste Management,Garbage Not Collected,Mahadevapura,2026-05-29,Closed,140,22,Yes,High,No,3,High
C005514,P0282,Road Maintenance,Road Surface Damage,Hoodi,2026-05-29,Closed,85,1,No,Medium,No,8,Medium
C005515,P0216,Road Maintenance,Footpath Damage,Yelahanka,2026-05-29,Closed,25,2,No,Medium,Yes,24,Medium
C005516,P2524,Solid Waste Management,Sweeping Not Done,Whitefield,2026-05-29,Resolved,30,14,No,High,No,1,High
C005517,P2684,Electrical,Multiple Street Lights Not Working,Koramangala,2026-05-29,Closed,250,18,No,Medium,No,12,Medium
C005518,P0883,Solid Waste Management,Garbage Not Collected,KR Puram,2026-05-29,Closed,85,31,No,Low,Yes,8,Low
C005519,P2339,Drainage,Open Drain,Padmanabhanagar,2026-05-29,Resolved,20,3,No,Low,Yes,36,Low
C005520,P2558,Solid Waste Management,Garbage Vehicle Not Arrived,Basavanagudi,2026-05-29,Closed,130,25,No,Medium,Yes,1,Medium
C005521,P1886,Solid Waste Management,Garbage Vehicle Not Arrived,Kadugodi,2026-05-29,Closed,0,6,No,Low,Yes,1,Low
C005522,P0599,Road Maintenance,Pothole,Marathahalli,2026-05-29,Assigned,239,7,No,High,No,8,High
C005523,P1690,Road Maintenance,Pothole,Marathahalli,2026-05-29,Assigned,280,7,No,High,No,6,High
C005524,P0341,Solid Waste Management,Sweeping Not Done,Whitefield,2026-05-29,Resolved,25,6,No,Critical,Yes,1,High
C005525,P0651,Solid Waste Management,Sweeping Not Done,Whitefield,2026-05-29,Resolved,28,15,No,High,Yes,2,High
C005526,P0191,Electrical,Multiple Street Lights Not Working,Koramangala,2026-05-29,Closed,240,15,No,Medium,No,12,High
C005527,P2012,Electrical,Street Light Not Working,Hosahalli,2026-05-29,Closed,25,4,No,None,Yes,1,Medium
C005528,P2618,Road Maintenance,Pothole,Bommanahalli,2026-05-29,Assigned,42,9,No,Low,,8,Medium
C005529,P0423,Solid Waste Management,Garbage Not Collected,Mahadevapura,2026-05-29,Closed,110,16,Yes,Critical,No,4,High
C005530,P0038,Solid Waste Management,Garbage Not Collected,Sarakki,2026-05-29,Closed,350,30,Yes,None,Yes,1,Medium
C005531,P1257,Solid Waste Management,Garbage Dump,Kadugodi,2026-05-29,Resolved,35,5,No,Medium,Yes,4,Medium
C005532,P0422,Road Infrastructure,Road Cutting Not Restored,BTM Layout,2026-05-29,Closed,40,0,No,Low,No,8,Medium
C005533,P1329,Public Sanitation,Public Toilet Not Maintained,Malleshwaram,2026-05-29,Closed,15,2,No,None,Yes,8,Low
C005534,P2899,Others,Miscellaneous Complaint,Mahadevapura,2026-05-29,In Progress,15,4,No,High,No,4,Low
C005535,P0573,Public Sanitation,Public Toilet Not Maintained,Hosahalli,2026-05-29,Closed,20,3,No,Low,No,3,Medium
C005536,P1778,Electrical,Multiple Street Lights Not Working,Koramangala,2026-05-29,Closed,250,13,No,Medium,No,12,High
C005537,P2212,Road Maintenance,Pothole,Hosahalli,2026-05-29,Assigned,151,3,No,Medium,Yes,8,High
C005538,P1889,Road Maintenance,Road Maintenance Required,Mathikere,2026-05-29,Resolved,7,1,No,Medium,Yes,,Medium
C005539,P2132,Drainage,Damaged Drain,Shantinagar,2026-05-29,Resolved,170,9,Yes,High,Yes,6,Critical
C005540,P2789,Road Maintenance,Pothole,Malleshwaram,2026-05-29,In Progress,70,0,No,Low,Yes,2,Low
C005541,P2132,Electrical,Multiple Street Lights Not Working,Shantinagar,2026-05-29,Closed,110,10,No,High,Yes,2,Medium
C005542,P0711,Electrical,Multiple Street Lights Not Working,Koramangala,2026-05-29,Resolved,250,19,No,Medium,No,12,High
C005543,P0711,Electrical,Multiple Street Lights Not Working,Koramangala,2026-05-29,Resolved,230,19,No,Medium,No,12,High
C005544,P1889,Revenue Department,Trade Licence Issue,Mathikere,2026-05-29,Closed,1,0,No,None,Yes,1,Low
C005545,P1141,Road Maintenance,Pothole,Marathahalli,2026-05-29,In Progress,200,7,No,Medium,No,12,High
C005546,P0201,Solid Waste Management,Garbage Not Collected,Electronic City,2026-05-30,Closed,50,3,No,Low,No,4,Low
C005547,P0955,Electrical,Street Light Not Working,Mathikere,2026-05-30,Resolved,35,3,No,High,Yes,1,Medium
C005548,P0182,Road Maintenance,Pothole,Begur,2026-05-30,Closed,15,3,No,Low,No,6,Low
C005549,P0858,Road Maintenance,Road Maintenance Required,Varthur,2026-05-30,Closed,30,3,No,Low,Yes,2,Medium
C005550,P2205,Drainage,Drain Overflow,Bellandur,2026-05-30,Closed,177,26,No,None,No,4,Low
C005551,P1711,Public Sanitation,Public Toilet Not Maintained,Hosahalli,2026-05-30,Closed,15,1,No,Low,No,2,Low
C005552,P1609,Solid Waste Management,Garbage Not Collected,Electronic City,2026-05-30,Closed,40,3,No,Medium,No,4,Low
C005553,P0497,Drainage,Drain Blockage,Mathikere,2026-05-30,In Progress,55,2,No,Medium,Yes,4,Low
C005554,P0645,Drainage,Drain Overflow,Bellandur,2026-05-30,Closed,190,55,No,None,No,4,Low
C005555,P1887,Solid Waste Management,Garbage Not Collected,Electronic City,2026-05-30,Closed,50,3,No,Medium,No,4,Low
C005556,P1918,Road Maintenance,Footpath Damage,Yelahanka,2026-05-30,Resolved,25,2,No,Medium,Yes,24,Medium
C005557,P2581,Sewerage,Sewage Overflow,Vasanthnagar,2026-05-30,Resolved,140,,No,None,No,12,Low
C005558,P1054,Solid Waste Management,Garbage Not Collected,KR Puram,2026-05-31,Closed,75,15,No,Low,,8,Low
C005559,P2849,Drainage,Drain Overflow,Marathahalli,2026-05-31,Resolved,360,28,Yes,High,No,2,Critical
C005560,P2631,Health,Public Health Sanitation Issue,Indiranagar,2026-05-31,Closed,15,,Yes,None,No,12,Low
C005561,P1889,Road Maintenance,Road Maintenance Required,Mathikere,2026-05-31,Resolved,7,1,No,Medium,Yes,2,Medium
C005562,P2423,Drainage,Drain Overflow,Marathahalli,2026-05-31,Resolved,,12,Yes,High,No,2,Critical
C005563,P2501,Road Infrastructure,Missing Manhole Cover,Rajajinagar,2026-05-31,Resolved,30,0,No,Critical,Yes,3,High
C005564,P2789,Public Sanitation,Public Toilet Not Maintained,Malleshwaram,2026-05-31,Resolved,15,1,No,None,Yes,8,Low
C005565,P2732,Solid Waste Management,Garbage Vehicle Not Arrived,Varthur,2026-05-31,Closed,80,12,Yes,None,No,2,Medium
C005566,P0573,Road Infrastructure,Missing Manhole Cover,Dasarahalli,2026-05-31,Resolved,40,1,No,High,,1,Low
C005567,P1141,Drainage,Drain Overflow,Marathahalli,2026-05-31,Resolved,220,10,Yes,High,No,2,Critical
C005568,P0637,Solid Waste Management,Garbage Not Collected,Electronic City,2026-05-31,Closed,50,2,No,Medium,No,4,Low
C005569,P0637,Solid Waste Management,Garbage Not Collected,Electronic City,2026-05-31,Closed,45,2,No,Medium,No,4,Low
C005570,P1887,Solid Waste Management,Garbage Not Collected,Electronic City,2026-05-31,Closed,50,3,No,Medium,No,4,Low
C005571,P0515,Drainage,Drain Overflow,Marathahalli,2026-05-31,Closed,360,27,Yes,High,No,2,Critical
C005572,P0780,Road Maintenance,Pothole,Gandhinagar,2026-05-31,Resolved,110,9,No,Medium,No,8,Medium
C005573,P2462,Road Maintenance,Pothole,Malleshwaram,2026-05-31,Closed,80,1,,Low,Yes,1,Medium
C005574,P2462,Road Maintenance,Pothole,Malleshwaram,2026-05-31,Closed,80,1,No,Low,Yes,1,Medium
C005575,P2582,Drainage,Drain Overflow,Marathahalli,2026-05-31,Resolved,550,35,Yes,High,No,2,High
C005576,P2432,Street Infrastructure,Damaged Signboard,Mathikere,2026-06-01,Resolved,20,0,No,Low,No,2,Low
C005577,P2452,Electrical,Street Light Not Working,Padmanabhanagar,2026-06-01,Closed,45,2,No,Low,Yes,2,High
C005578,P2789,Electrical,Street Light Not Working,Malleshwaram,2026-06-01,Closed,110,6,No,Medium,Yes,1,Medium
C005579,P2947,Health,Increase in Mosquito Density,Ulsoor,2026-06-01,In Progress,890,137,Yes,Medium,No,3,High
C005580,P2921,Road Infrastructure,Road Encroachment,Rajajinagar,2026-06-01,Resolved,2100,89,No,Medium,No,6,Medium
C005581,P1634,Drainage,Drain Overflow,Marathahalli,2026-06-01,Resolved,270,17,Yes,High,No,1,Critical
C005582,P0997,Solid Waste Management,Garbage Vehicle Not Arrived,Varthur,2026-06-01,Closed,160,36,Yes,None,Yes,2,Medium
C005583,P1170,Drainage,Drain Overflow,Marathahalli,2026-06-01,Resolved,360,22,Yes,High,No,2,Critical
C005584,P2837,Sewerage,Drain Blockage,Sadashivanagar,2026-06-01,Closed,85,6,No,Low,No,12,Medium
C005585,P0363,Electrical,Exposed Electrical Wires,Ulsoor,2026-06-01,Resolved,60,12,No,Medium,No,1,Low
C005586,P1157,Drainage,Drain Blockage,Sadashivanagar,2026-06-01,Closed,85,6,No,Low,No,12,Medium
C005587,P1525,Electrical,Street Light Not Working,Electronic City,2026-06-01,Resolved,30,3,No,High,No,0.5,Medium
C005588,P1263,Sewerage,Sewage Overflow,Vasanthnagar,2026-06-01,Resolved,110,5,Yes,Low,No,12,Low
C005589,P1567,Drainage,Drain Blockage,Mathikere,2026-06-01,Assigned,40,2,No,Medium,Yes,4,Low
C005590,P0931,Road Maintenance,Road Maintenance Required,Kengeri,2026-06-01,Verified,70,3,No,Critical,Yes,6,Critical
C005591,P2333,Health,Increase in Mosquito Density,Ulsoor,2026-06-01,In Progress,870,156,Yes,Medium,No,4,High
C005592,P2934,Drainage,Open Drain,Hebbal,2026-06-01,Resolved,83,7,Yes,High,Yes,16,Critical
C005593,P0349,Electrical,Street Light Not Working,Electronic City,2026-06-01,Closed,30,5,No,High,No,,Low
C005594,P1118,Drainage,Drain Overflow,Marathahalli,2026-06-02,Resolved,300,12,Yes,High,No,2,Critical
C005595,P2474,Solid Waste Management,Garbage Not Collected,Chamrajpet,2026-06-02,Closed,120,3,No,Low,Yes,2,Low
C005596,P1957,Drainage,Drain Blockage,Sadashivanagar,2026-06-02,Closed,85,5,No,Low,No,12,Medium
C005597,P0194,Electrical,Street Light Not Working,Hosahalli,2026-06-02,In Progress,,2,No,Medium,No,4,High
C005598,P2937,Drainage,Drain Blockage,Sadashivanagar,2026-06-02,Closed,25000,6,No,None,No,12,Medium
C005599,P1284,Sewerage,Sewage Overflow,Hoodi,2026-06-02,Resolved,610,104,No,Low,Yes,8,High
C005600,P0079,Electrical,Street Light Not Working,Electronic City,2026-06-02,Resolved,30,4,No,High,No,0.5,Medium
C005601,P1890,Sewerage,Manhole Overflow,Peenya,2026-06-02,Assigned,127,7,Yes,Low,Yes,2,Low
C005602,P1054,Solid Waste Management,Garbage Not Collected,KR Puram,2026-06-02,Closed,75,15,No,Low,Yes,8,Low
C005603,P2666,Water Supply,No Water Supply,BTM Layout,2026-06-02,Resolved,85,7,Yes,Medium,No,3,High
C005604,P1024,Electrical,Street Light Not Working,Padmanabhanagar,2026-06-02,Closed,60,4,No,Low,Yes,2,High
C005605,P0666,Electrical,Street Light Not Working,Padmanabhanagar,2026-06-02,Resolved,20,3,No,Low,Yes,3,Medium
C005606,P1604,Solid Waste Management,Garbage Vehicle Not Arrived,Whitefield,2026-06-02,Closed,60,3,Yes,High,Yes,2,High
C005607,P1871,Road Infrastructure,Speed Breaker Required,Malleshwaram,2026-06-02,Resolved,640,109,No,Low,Yes,8,Low
C005608,P0177,Road Infrastructure,Road Encroachment,Rajajinagar,2026-06-02,Resolved,1000,38,No,Medium,No,6,Medium
C005609,P0081,Drainage,Drain Overflow,Marathahalli,2026-06-02,Closed,360,30,Yes,High,No,2,Critical
C005610,P0536,Electrical,Street Light Not Working,Bellandur,2026-06-02,Closed,6,0,No,None,Yes,2,Low
C005611,P0322,Electrical,Street Light Not Working,Electronic City,2026-06-02,In Progress,37,7,No,Medium,No,1,Medium
C005612,P0422,Water Supply,No Water Supply,BTM Layout,2026-06-02,Resolved,75,7,Yes,Medium,No,4,High
C005613,P2419,Sewerage,Sewage Overflow,Hoodi,2026-06-02,Closed,420,170,No,Low,Yes,6,High
C005614,P2656,Solid Waste Management,Garbage Not Collected,Padmanabhanagar,2026-06-02,Closed,190,8,No,None,,2,Low
C005615,P1095,Solid Waste Management,Garbage Not Collected,Chamrajpet,2026-06-02,Closed,141,5,No,Low,Yes,2,Low
C005616,P0277,Sewerage,Sewage Overflow,Vasanthnagar,2026-06-03,Closed,600,62,No,High,Yes,24,Critical
C005617,P2950,Electrical,Damaged Street Light,Jayanagar,2026-06-03,Assigned,97,12,Yes,Medium,No,1,Medium
C005618,P0850,Road Maintenance,Pothole,Banaswadi,2026-06-03,Resolved,62,5,No,Low,Yes,2,Medium
C005619,P2291,Water Supply,No Water Supply,BTM Layout,2026-06-03,Resolved,,15,Yes,Medium,No,4,High
C005620,P1291,Solid Waste Management,Garbage Not Collected,Whitefield,2026-06-03,Closed,30,1,,Medium,Yes,1,Low
C005621,P1226,Road Maintenance,Pothole,Banaswadi,2026-06-03,Resolved,62,6,No,Low,Yes,2,Medium
C005622,P2594,Road Maintenance,Footpath Damage,Hoodi,2026-06-03,Resolved,62,3,No,Low,No,6,Low
C005623,P1892,Health,Increase in Mosquito Density,Hosahalli,2026-06-03,Closed,710,55,No,None,No,6,Medium
C005624,P0482,Electrical,Exposed Electrical Wires,Rajajinagar,2026-06-03,Resolved,30,,No,Medium,No,2,Medium
C005625,P0516,Health,Increase in Mosquito Density,Rajarajeshwari Nagar,2026-06-03,Resolved,510,149,Yes,Medium,No,3,Critical
C005626,P1440,Health,Increase in Mosquito Density,Rajarajeshwari Nagar,2026-06-03,Closed,510,,Yes,Medium,No,4,Critical
C005627,P1354,Drainage,Drain Blockage,Kadugodi,2026-06-03,Closed,170,10,No,Low,No,8,Medium
C005628,P0908,Health,Increase in Mosquito Density,Mathikere,2026-06-03,Closed,65,6,Yes,None,No,16,Medium
C005629,P0473,Drainage,Drain Blockage,Kadugodi,2026-06-03,Resolved,105,7,No,Low,No,8,Medium
C005630,P1129,Drainage,Drain Overflow,Marathahalli,2026-06-03,Resolved,480,32,Yes,High,No,2,Critical
C005631,P0591,Sewerage,Sewage Overflow,Vasanthnagar,2026-06-03,Closed,630,61,No,Critical,Yes,16,Critical
C005632,P0115,Health,Increase in Mosquito Density,Ulsoor,2026-06-03,In Progress,750,220,Yes,Medium,No,3,High
C005633,P0672,Water Supply,No Water Supply,BTM Layout,2026-06-03,In Progress,85,7,Yes,Medium,No,4,High
C005634,P0163,Sewerage,Manhole Overflow,Peenya,2026-06-03,Assigned,100,5,Yes,Low,Yes,2,Low
C005635,P0878,Drainage,Drain Blockage,Kadugodi,2026-06-03,Closed,97,4,No,Low,No,6,Medium
C005636,P0681,Solid Waste Management,Garbage Not Collected,Padmanabhanagar,2026-06-03,Closed,55,5,No,None,No,2,Low
C005637,P1229,Electrical,Street Light Not Working,Padmanabhanagar,2026-06-03,Closed,50,3,No,Low,Yes,2,High
C005638,P0371,Electrical,Street Light Not Working,Hosahalli,2026-06-03,In Progress,40,2,No,Medium,No,4,Medium
C005639,P1683,Road Maintenance,Pothole,Vijayanagar,2026-06-03,Resolved,15,1,No,Low,No,8,Low
C005640,P2902,Drainage,Drain Blockage,Bellandur,2026-06-03,Closed,35,8,Yes,Low,No,6,Medium
C005641,P0908,Drainage,Drain Blockage,Mathikere,2026-06-03,Closed,15,1,No,Low,No,12,Medium
C005642,P2245,Sewerage,Manhole Overflow,Peenya,2026-06-03,Assigned,120,5,Yes,Low,Yes,2,Low
C005643,P2798,Sewerage,Sewage Overflow,Vasanthnagar,2026-06-03,Resolved,630,47,No,High,Yes,24,Critical
C005644,P2401,Road Maintenance,Pothole,Vijayanagar,2026-06-03,Resolved,16,1,No,Low,No,6,Low
C005645,P2119,Solid Waste Management,Garbage Dumping in Vacant Site,Ulsoor,2026-06-03,Resolved,200,8,No,Medium,No,12,Low
C005646,P1208,Road Infrastructure,Missing Manhole Cover,Nagarbhavi,2026-06-03,In Progress,50,10,No,Medium,No,0.5,Medium
C005647,P0845,Sewerage,Sewage Overflow,Vasanthnagar,2026-06-03,Closed,630,48,No,High,Yes,24,Critical
C005648,P0123,Drainage,Drain Blockage,Kadugodi,2026-06-03,Resolved,110,10,No,Low,No,8,Medium
C005649,P2789,Solid Waste Management,Garbage Dump,Malleshwaram,2026-06-03,Closed,80,3,Yes,None,No,4,Low
C005650,P0049,Solid Waste Management,Garbage Not Collected,Whitefield,2026-06-04,Closed,40,1,No,Low,Yes,2,Low
C005651,P1566,Street Infrastructure,Fallen Tree Branch,Sarakki,2026-06-04,Resolved,33,1,No,High,No,12,Medium
C005652,P1899,Road Maintenance,Pothole,Yelahanka,2026-06-04,Closed,75,1,Yes,Critical,Yes,8,Medium
C005653,P0154,Road Maintenance,Pothole,Hoodi,2026-06-04,Resolved,887,21,No,Critical,No,8,Critical
C005654,P0154,Road Maintenance,Footpath Damage,Hoodi,2026-06-04,Resolved,81,4,No,Low,No,8,Low
C005655,P1917,Street Infrastructure,Fallen Tree Branch,Sadashivanagar,2026-06-04,Resolved,,1,No,High,No,12,High
C005656,P1141,Sewerage,Manhole Overflow,Marathahalli,2026-06-04,Closed,220,3,No,Medium,No,2,Medium
C005657,P2703,Street Infrastructure,Fallen Tree Branch,Malleshwaram,2026-06-04,In Progress,50,13,No,None,No,12,Medium
C005658,P2810,Sewerage,Manhole Overflow,Yeshwanthpur,2026-06-04,Closed,140,6,Yes,High,No,8,Medium
C005659,P2937,Public Sanitation,Public Toilet Not Maintained,Sadashivanagar,2026-06-04,Closed,170,9,No,Low,No,4,Low
C005660,P2238,Street Infrastructure,Fallen Tree Branch,Malleshwaram,2026-06-04,Closed,70,18,No,None,Yes,12,Medium
C005661,P1495,Street Infrastructure,Fallen Tree Branch,Sarakki,2026-06-04,Resolved,35,1,No,High,No,16,Low
C005662,P2398,Health,Increase in Mosquito Density,Mathikere,2026-06-04,Closed,45,8,Yes,None,No,24,Medium
C005663,P0217,Sewerage,Sewage Overflow,Malleshwaram,2026-06-04,Closed,177,31,Yes,High,No,4,High
C005664,P0436,Solid Waste Management,Garbage Not Collected,Padmanabhanagar,2026-06-04,Resolved,45,4,No,Low,No,1,Low
C005665,P0597,Sewerage,Manhole Overflow,Dasarahalli,2026-06-04,Resolved,480,7,Yes,High,No,8,High
C005666,P1608,Solid Waste Management,Garbage Dump,Kadugodi,2026-06-04,Closed,15,1,No,None,Yes,4,Medium
C005667,P0789,Solid Waste Management,Garbage Dump,Anjanapura,2026-06-04,Closed,106,38,No,None,Yes,4,Medium
C005668,P1872,Drainage,Drain Blockage,Kadugodi,2026-06-04,In Progress,105,5,No,Low,No,8,Medium
C005669,P2171,Drainage,Drain Blockage,Kadugodi,2026-06-04,Resolved,90,7,No,Low,No,8,Medium
C005670,P0081,Sewerage,Manhole Overflow,Marathahalli,2026-06-04,Resolved,250,5,No,Low,No,1,Medium
C005671,P0194,Health,Increase in Mosquito Density,Hosahalli,2026-06-04,Resolved,760,65,No,None,No,6,Medium
C005672,P2805,Drainage,Drain Blockage,Kadugodi,2026-06-04,Resolved,105,5,No,Low,No,8,Medium
C005673,P0651,Solid Waste Management,Garbage Vehicle Not Arrived,Whitefield,2026-06-04,Resolved,65,2,Yes,High,No,2,High
C005674,P1855,Sewerage,Sewage Overflow,Bellandur,2026-06-04,Closed,870,211,Yes,Low,Yes,6,Medium
C005675,P1295,Road Maintenance,Pothole,BTM Layout,2026-06-04,Resolved,7,1,No,High,Yes,2,Medium
C005676,P2241,Sewerage,Manhole Overflow,Yeshwanthpur,2026-06-04,Closed,323,13,Yes,Medium,No,8,Medium
C005677,P1797,Drainage,Drain Blockage,Kadugodi,2026-06-04,Resolved,105,6,No,Low,No,8,Medium
C005678,P0115,Electrical,Multiple Street Lights Not Working,Ulsoor,2026-06-04,Closed,,6,No,Low,Yes,6,Low
C005679,P1145,Drainage,Drain Blockage,Kadugodi,2026-06-04,Closed,105,9,No,Low,No,8,Medium
C005680,P0814,Water Supply,No Water Supply,JP Nagar,2026-06-04,Resolved,580,36,Yes,Low,No,12,Medium
C005681,P2691,Health,Increase in Mosquito Density,Hosahalli,2026-06-04,Resolved,760,58,No,None,No,6,Medium
C005682,P0133,Drainage,Drain Overflow,Marathahalli,2026-06-04,Resolved,354,19,Yes,Critical,No,2,Critical
C005683,P0018,Road Maintenance,Pothole,Bellandur,2026-06-04,In Progress,15,4,No,Medium,Yes,4,Low
C005684,P1911,Drainage,Drain Overflow,Shivajinagar,2026-06-04,Closed,110,16,Yes,None,No,4,Medium
C005685,P2849,Sewerage,Manhole Overflow,Marathahalli,2026-06-04,Resolved,250,3,No,Medium,No,2,Medium
C005686,P1033,Health,Stray Dog Menace,Kadugodi,2026-06-04,Assigned,30,5,No,None,No,8,Low
C005687,P1453,Solid Waste Management,Garbage Not Collected,Padmanabhanagar,2026-06-04,Closed,59,10,No,Medium,No,2,Low
C005688,P2317,Drainage,Drain Blockage,Kadugodi,2026-06-04,Closed,105,6,No,Low,No,12,Medium
C005689,P0237,Health,Stray Dog Menace,Sarakki,2026-06-05,Closed,50,10,No,Medium,Yes,2,Medium
C005690,P1702,Solid Waste Management,Sweeping Not Done,Vijayanagar,2026-06-05,Closed,161,13,No,None,No,1,Low
C005691,P2767,Health,Increase in Mosquito Density,Koramangala,2026-06-05,Resolved,610,55,No,High,No,4,High
C005692,P1383,Road Maintenance,Pothole,BTM Layout,2026-06-05,Resolved,,1,No,High,No,2,Low
C005693,P2907,Solid Waste Management,Garbage Dump,Kadugodi,2026-06-05,Resolved,15,0,No,None,Yes,4,Medium
C005694,P1873,Road Infrastructure,Road Signage Missing,Hebbal,2026-06-05,Resolved,20,5,No,Low,No,2,Low
C005695,P2316,Health,Increase in Mosquito Density,Mathikere,2026-06-05,Closed,65,6,Yes,None,No,16,Medium
C005696,P0847,Drainage,Drain Blockage,Dasarahalli,2026-06-05,Closed,120,,No,None,No,12,Medium
C005697,P2274,Electrical,Exposed Electrical Wires,Vijayanagar,2026-06-05,Closed,40,1,No,Medium,No,8,Low
C005698,P0226,Road Maintenance,Pothole,BTM Layout,2026-06-05,Resolved,9,1,No,High,No,2,Medium
C005699,P1011,Drainage,Drain Blockage,Mathikere,2026-06-05,Closed,15,2,No,Low,No,12,Medium
C005700,P0009,Drainage,Drain Overflow,Vasanthnagar,2026-06-05,Closed,1700,367,Yes,High,No,6,Critical
C005701,P0009,Drainage,Drain Overflow,Vasanthnagar,2026-06-05,Closed,1700,,Yes,High,No,6,Critical
C005702,P0016,Drainage,Drain Blockage,Dasarahalli,2026-06-05,Resolved,200,10,No,Low,No,12,Medium
C005703,P1011,Road Maintenance,Pothole,Mathikere,2026-06-05,Resolved,145,12,Yes,Low,No,,Medium
C005704,P2839,Drainage,Damaged Drain,Dasarahalli,2026-06-05,Closed,150,13,No,Medium,No,48,Low
C005705,P0035,Electrical,Multiple Street Lights Not Working,Kodigehalli,2026-06-05,Closed,680,70,No,Critical,Yes,6,High
C005706,P1881,Drainage,Drain Blockage,Kadugodi,2026-06-05,Closed,105,8,Yes,Low,No,8,Medium
C005707,P1867,Drainage,Drain Blockage,Kadugodi,2026-06-05,Resolved,105,6,No,Low,No,6,Medium
C005708,P0118,Electrical,Multiple Street Lights Not Working,Jalahalli,2026-06-05,Closed,749,102,No,Low,Yes,8,Medium
C005709,P0118,Electrical,Multiple Street Lights Not Working,Jalahalli,2026-06-05,Closed,749,102,No,Low,Yes,8,Medium
C005710,P2827,Drainage,Drain Blockage,Kadugodi,2026-06-05,Closed,55,5,No,Low,Yes,8,Low
C005711,P2017,Health,Increase in Mosquito Density,Rajarajeshwari Nagar,2026-06-05,Resolved,510,122,Yes,Medium,No,4,Critical
C005712,P2754,Drainage,Drain Overflow,Vasanthnagar,2026-06-05,Resolved,25000,279,Yes,High,No,8,Critical
C005713,P2810,Sewerage,Manhole Overflow,Yeshwanthpur,2026-06-05,Closed,140,6,Yes,High,No,8,Medium
C005714,P2839,Sewerage,Manhole Overflow,Dasarahalli,2026-06-05,Resolved,550,6,Yes,High,No,8,High
C005715,P0825,Sewerage,Sewage Overflow,Mathikere,2026-06-05,Closed,24,4,Yes,Medium,Yes,8,Medium
C005716,P1096,Drainage,Drain Blockage,Kadugodi,2026-06-05,Closed,105,8,No,Low,No,8,Medium
C005717,P1948,Public Sanitation,Unclean Public Area,Shantinagar,2026-06-05,Closed,65,1,No,Medium,No,4,Low
C005718,P0908,Sewerage,Sewage Overflow,Mathikere,2026-06-06,Closed,25,5,Yes,Low,Yes,8,Medium
C005719,P1950,Electrical,Multiple Street Lights Not Working,Kodigehalli,2026-06-06,Closed,590,62,Yes,Critical,Yes,4,Critical
C005720,P1950,Electrical,Multiple Street Lights Not Working,Kodigehalli,2026-06-06,Registered,490,62,Yes,Critical,Yes,4,Critical
C005721,P1979,Electrical,Multiple Street Lights Not Working,Kodigehalli,2026-06-06,Resolved,660,64,No,Critical,Yes,4,Critical
C005722,P0878,Solid Waste Management,Garbage Dump,Kadugodi,2026-06-06,Resolved,22,1,No,None,Yes,4,Medium
C005723,P1916,Road Maintenance,Pothole,Hosahalli,2026-06-06,Assigned,85,8,No,High,Yes,8,High
C005724,P1702,Electrical,Exposed Electrical Wires,Vijayanagar,2026-06-06,Closed,55,1,No,Medium,No,8,Low
C005725,P1348,Drainage,Drain Overflow,Koramangala,2026-06-06,Closed,910,46,No,High,Yes,12,High
C005726,P0293,Electrical,Street Light Not Working,Hennur,2026-06-06,Closed,9,1,No,Low,Yes,2,Low
C005727,P2348,Road Maintenance,Pothole,Yeshwanthpur,2026-06-06,Assigned,190,19,No,Low,Yes,6,Critical
C005728,P2089,Electrical,Multiple Street Lights Not Working,Kodigehalli,2026-06-06,Closed,430,53,No,Critical,Yes,4,Critical
C005729,P2140,Road Maintenance,Road Surface Damage,Whitefield,2026-06-06,Closed,900,179,No,Medium,No,36,High
C005730,P2045,Road Maintenance,Pothole,Yeshwanthpur,2026-06-06,Assigned,146,18,No,Medium,Yes,4,Critical
C005731,P1323,Road Maintenance,Road Surface Damage,Varthur,2026-06-06,Closed,210,1,Yes,High,Yes,48,High
C005732,P2059,Road Maintenance,Pothole,Yeshwanthpur,2026-06-06,Assigned,146,16,No,Medium,Yes,4,Critical
C005733,P0437,Drainage,Drain Overflow,Shivajinagar,2026-06-06,Closed,150,15,Yes,None,No,4,Medium
C005734,P2291,Electrical,Damaged Street Light,JP Nagar,2026-06-06,In Progress,4,0,Yes,Medium,Yes,4,High
C005735,P2152,Road Maintenance,Pothole,Mathikere,2026-06-06,Resolved,160,14,No,Low,No,4,Medium
C005736,P1348,Health,Increase in Mosquito Density,Koramangala,2026-06-06,Closed,610,,No,High,No,3,High
C005737,P0753,Electrical,Street Light Not Working,Hennur,2026-06-06,Resolved,15,1,No,Low,Yes,2,Low
C005738,P1798,Sewerage,Manhole Overflow,Yeshwanthpur,2026-06-06,Closed,245,16,Yes,Medium,No,8,Medium
C005739,P1828,Drainage,Drain Overflow,Marathahalli,2026-06-06,Closed,180,9,Yes,Medium,No,3,Critical
C005740,P1547,Street Infrastructure,Damaged Signboard,Kadugodi,2026-06-06,Resolved,10,0,No,None,Yes,8,Low
C005741,P1148,Solid Waste Management,Garbage Dump,Anjanapura,2026-06-06,Resolved,102,,No,Medium,Yes,2,Medium
C005742,P2326,Sewerage,Sewage Overflow,Mathikere,2026-06-06,Resolved,25,5,Yes,Low,Yes,8,Medium
C005743,P0746,Road Maintenance,Pothole,Yeshwanthpur,2026-06-06,Assigned,146,18,No,Medium,Yes,3,Critical
C005744,P0052,Solid Waste Management,Garbage Not Collected,Varthur,2026-06-07,Closed,90,4,No,None,No,4,Low
C005745,P1211,Water Supply,Water Leakage,Hebbal,2026-06-07,In Progress,59,1,Yes,Low,No,8,Medium
C005746,P1992,Solid Waste Management,Garbage Dump,Anjanapura,2026-06-07,Resolved,150,44,No,Critical,Yes,2,Medium
C005747,P1012,Road Maintenance,Road Surface Damage,Varthur,2026-06-07,Closed,300,3,Yes,High,Yes,48,High
C005748,P1420,Sewerage,Sewage Overflow,Dasarahalli,2026-06-07,Closed,98,39,Yes,High,No,16,Critical
C005749,P2171,Sewerage,Manhole Overflow,Kadugodi,2026-06-07,Closed,400,104,Yes,Critical,No,6,Critical
C005750,P2191,Health,Increase in Mosquito Density,Koramangala,2026-06-07,Closed,660,79,No,Critical,No,4,High
C005751,P2245,Water Supply,Water Leakage,Hebbal,2026-06-07,Assigned,65,3,Yes,Low,No,8,Medium
C005752,P2571,Sewerage,Sewage Overflow,Dasarahalli,2026-06-07,Resolved,120,31,Yes,Critical,No,12,Critical
C005753,P1223,Road Maintenance,Road Surface Damage,Varthur,2026-06-07,Resolved,170,2,Yes,High,Yes,48,High
C005754,P2142,Road Infrastructure,Road Cutting Not Restored,Yeshwanthpur,2026-06-07,Closed,160,51,No,Medium,No,24,High
C005755,P0197,Sewerage,Sewer Line Blockage,Jalahalli,2026-06-07,Resolved,150,8,No,,Yes,4,Medium
C005756,P2446,Sewerage,Sewage Overflow,Dasarahalli,2026-06-07,In Progress,230,53,Yes,High,No,12,Critical
C005757,P2345,Sewerage,Sewage Overflow,Dasarahalli,2026-06-07,Resolved,95,23,Yes,Medium,No,12,Critical
C005758,P0597,Sewerage,Sewage Overflow,Dasarahalli,2026-06-07,Resolved,120,44,,High,No,12,Critical
C005759,P2202,Road Maintenance,Pothole,Sadashivanagar,2026-06-07,Resolved,85,2,No,Medium,No,8,Low
C005760,P0346,Road Maintenance,Road Surface Damage,Varthur,2026-06-07,Closed,190,2,Yes,High,Yes,48,High
C005761,P1087,Drainage,Drain Overflow,Koramangala,2026-06-07,Resolved,770,41,No,High,Yes,12,High
C005762,P1238,Sewerage,Manhole Overflow,Kadugodi,2026-06-07,Closed,310,91,Yes,Critical,No,4,Critical
C005763,P0350,Sewerage,Sewage Overflow,Dasarahalli,2026-06-07,Resolved,130,39,Yes,High,No,8,Critical
C005764,P0680,Road Maintenance,Pothole,Shantinagar,2026-06-07,Closed,230,6,No,Medium,No,2,High
C005765,P2526,Water Supply,No Water Supply,BTM Layout,2026-06-07,Resolved,130,27,Yes,Medium,Yes,8,High
C005766,P0828,Road Maintenance,Pothole,Shantinagar,2026-06-07,Closed,200,4,,Medium,No,2,High
C005767,P1360,Electrical,Electric Pole Damaged,Anjanapura,2026-06-07,Closed,25,3,No,Critical,No,24,High
C005768,P2595,Water Supply,Water Leakage,Hebbal,2026-06-07,Assigned,65,1,Yes,Low,No,8,Medium
C005769,P0482,Road Infrastructure,Road Encroachment,Rajajinagar,2026-06-07,Closed,30,0,No,None,Yes,4,Low
C005770,P1223,Solid Waste Management,Garbage Not Collected,Varthur,2026-06-07,Closed,110,3,No,Low,No,4,Low
C005771,P0605,Solid Waste Management,Garbage Not Collected,Domlur,2026-06-08,Closed,430,8,Yes,None,No,8,Low
C005772,P2123,Sewerage,Sewage Overflow,Dasarahalli,2026-06-08,Closed,120,28,Yes,High,No,12,Critical
C005773,P0533,Water Supply,Pipeline Leakage,Mathikere,2026-06-08,Resolved,200,6,No,Critical,Yes,4,Critical
C005774,P2908,Water Supply,No Water Supply,Gandhinagar,2026-06-08,Resolved,290,14,No,High,No,2,Critical
C005775,P0548,Sewerage,Sewage Overflow,Dasarahalli,2026-06-08,Closed,120,34,Yes,High,No,16,Critical
C005776,P1163,Road Maintenance,Pothole,Koramangala,2026-06-08,Closed,30,2,No,Medium,Yes,2,High
C005777,P2633,Road Maintenance,Pothole,Koramangala,2026-06-08,Resolved,40,4,No,Medium,No,3,Medium
C005778,P1600,Road Maintenance,Pothole,Koramangala,2026-06-08,Closed,25,4,No,Medium,Yes,2,Medium
C005779,P0745,Water Supply,Water Leakage,Hebbal,2026-06-08,Assigned,90,3,Yes,Low,No,8,Low
C005780,P1070,Sewerage,Sewage Overflow,Dasarahalli,2026-06-08,Closed,120,29,Yes,High,No,12,Critical
C005781,P0541,Health,Stray Dog Menace,Dasarahalli,2026-06-08,Resolved,15,1,No,Critical,Yes,2,Medium
C005782,P2701,Public Sanitation,Public Toilet Not Maintained,Nagarbhavi,2026-06-08,Closed,15,1,No,None,No,2,Low
C005783,P0651,Street Infrastructure,Bus Shelter Damaged,Whitefield,2026-06-08,Closed,141,6,No,Low,No,8,Medium
C005784,P2013,Road Infrastructure,Road Cutting Not Restored,Dasarahalli,2026-06-08,Closed,160,0,No,Low,No,16,Medium
C005785,P1496,Others,Stray Cattle on Road,Koramangala,2026-06-08,Assigned,30,4,No,Low,No,8,Low
C005786,P0497,Road Infrastructure,Speed Breaker Required,Mathikere,2026-06-08,Resolved,948,16,No,Critical,No,36,High
C005787,P0497,Water Supply,Pipeline Leakage,Mathikere,2026-06-08,Resolved,200,6,No,Critical,Yes,4,Critical
C005788,P1503,Sewerage,Sewage Overflow,Dasarahalli,2026-06-08,Closed,120,33,Yes,High,No,16,Critical
C005789,P0306,Public Sanitation,Public Toilet Not Maintained,Shantinagar,2026-06-08,Closed,210,11,No,High,Yes,8,Medium
C005790,P2226,Solid Waste Management,Garbage Dumping in Vacant Site,Basavanagudi,2026-06-08,Resolved,100,2,Yes,Medium,Yes,2,Critical
C005791,P2186,Water Supply,No Water Supply,Gandhinagar,2026-06-08,Closed,230,7,Yes,Medium,No,2,Critical
C005792,P1566,Electrical,Multiple Street Lights Not Working,Sarakki,2026-06-08,Closed,674,22,No,High,No,24,High
C005793,P1505,Water Supply,No Water Supply,Rajajinagar,2026-06-08,Resolved,180,54,No,High,Yes,4,Critical
C005794,P2125,Road Maintenance,Pothole,Hosahalli,2026-06-08,Assigned,85,9,No,High,Yes,12,High
C005795,P1016,Solid Waste Management,Garbage Not Collected,Kengeri,2026-06-08,Closed,140,19,No,Low,No,8,Low
C005796,P2867,Sewerage,Sewer Line Blockage,Sadashivanagar,2026-06-08,Closed,65,6,Yes,Medium,No,4,Medium
C005797,P1145,Solid Waste Management,Garbage Not Collected,Domlur,2026-06-08,Closed,530,6,Yes,None,Yes,12,Low
C005798,P2180,Solid Waste Management,Garbage Not Collected,Kengeri,2026-06-08,Closed,140,9,No,Low,No,8,Low
C005799,P1920,Road Infrastructure,Speed Breaker Required,Bellandur,2026-06-08,Assigned,30,4,No,Medium,Yes,8,High
C005800,P1758,Sewerage,Sewage Overflow,Dasarahalli,2026-06-08,Resolved,120,27,Yes,High,No,12,Critical
C005801,P0055,Water Supply,No Water Supply,Gandhinagar,2026-06-08,Closed,230,6,Yes,High,No,2,Critical
C005802,P0632,Road Maintenance,Pothole,Koramangala,2026-06-08,Closed,30,5,No,Medium,Yes,2,Medium
C005803,P2666,Water Supply,No Water Supply,BTM Layout,2026-06-08,Closed,130,13,Yes,Medium,Yes,8,High
C005804,P1662,Road Infrastructure,Road Cutting Not Restored,Yeshwanthpur,2026-06-08,Closed,160,32,Yes,High,No,24,High
C005805,P1489,Sewerage,Sewage Overflow,Dasarahalli,2026-06-08,Resolved,120,36,Yes,High,No,16,Critical
C005806,P1495,Solid Waste Management,Garbage Not Collected,Kengeri,2026-06-08,Closed,120,9,No,None,No,6,Low
C005807,P0094,Water Supply,No Water Supply,Gandhinagar,2026-06-08,In Progress,150,3,Yes,High,No,2,Critical
C005808,P1962,Sewerage,Sewage Overflow,Dasarahalli,2026-06-08,Resolved,160,161,Yes,High,No,12,Critical
C005809,P2143,Solid Waste Management,Garbage Vehicle Not Arrived,Basavanagudi,2026-06-09,Closed,291,64,Yes,Medium,No,1,Medium
C005810,P1321,Sewerage,Sewage Overflow,Dasarahalli,2026-06-09,Resolved,120,24,Yes,High,No,8,Critical
C005811,P1943,Sewerage,Sewer Line Blockage,Jalahalli,2026-06-09,Closed,150,8,No,Medium,Yes,4,Medium
C005812,P0240,Sewerage,Manhole Overflow,Kengeri,2026-06-09,Closed,0,32,Yes,High,No,4,High
C005813,P1232,Sewerage,Manhole Overflow,Kadugodi,2026-06-09,Closed,350,86,Yes,Critical,No,3,Critical
C005814,P0293,Sewerage,Sewage Overflow,Dasarahalli,2026-06-09,Closed,120,27,Yes,,No,12,Critical
C005815,P1432,Solid Waste Management,Garbage Not Collected,Kengeri,2026-06-09,Resolved,140,18,No,None,No,12,Low
C005816,P2223,Solid Waste Management,Garbage Vehicle Not Arrived,Hosahalli,2026-06-09,Closed,130,1,Yes,None,Yes,2,Medium
C005817,P1577,Road Maintenance,Pothole,Shantinagar,2026-06-09,Closed,30,2,No,Low,Yes,8,Low
C005818,P0576,Road Maintenance,Pothole,Koramangala,2026-06-09,Resolved,30,3,No,Low,Yes,2,Medium
C005819,P1656,Solid Waste Management,Garbage Dumping in Vacant Site,Bellandur,2026-06-09,Closed,30,3,No,None,No,8,Low
C005820,P1661,Solid Waste Management,Garbage Dumping in Vacant Site,Basavanagudi,2026-06-09,Resolved,80,2,No,Medium,Yes,3,High
C005821,P1051,Solid Waste Management,Garbage Not Collected,Kengeri,2026-06-09,Closed,140,14,No,None,No,8,Low
C005822,P0918,Others,Miscellaneous Complaint,Dasarahalli,2026-06-09,Closed,4,1,No,Medium,Yes,2,Medium
C005823,P1845,Water Supply,No Water Supply,Gandhinagar,2026-06-09,Resolved,230,8,Yes,High,No,,Critical
C005824,P2579,Solid Waste Management,Garbage Vehicle Not Arrived,Basavanagudi,2026-06-09,Closed,420,66,Yes,Medium,No,0.5,Medium
C005825,P2579,Solid Waste Management,Garbage Vehicle Not Arrived,Basavanagudi,2026-06-09,Registered,420,66,Yes,Medium,No,0.5,Medium
C005826,P0510,Sewerage,Sewer Line Blockage,Sadashivanagar,2026-06-09,Closed,82,10,Yes,High,No,4,Medium
C005827,P1538,Sewerage,Manhole Overflow,Kadugodi,2026-06-09,Closed,334,59,Yes,Critical,No,4,Critical
C005828,P0816,Sewerage,Sewage Overflow,Dasarahalli,2026-06-09,Closed,120,39,Yes,,No,12,Critical
C005829,P2223,Solid Waste Management,Garbage Not Collected,Hosahalli,2026-06-09,In Progress,240,25,No,None,Yes,3,Low
C005830,P0907,Sewerage,Sewage Overflow,Dasarahalli,2026-06-09,Closed,140,56,Yes,High,No,12,Critical
C005831,P1626,Road Maintenance,Pothole,Anjanapura,2026-06-09,In Progress,90,3,No,Medium,Yes,4,Medium
C005832,P1340,Public Sanitation,Public Toilet Not Maintained,Nagarbhavi,2026-06-09,Closed,15,1,No,None,No,2,Low
C005833,P0606,Sewerage,Sewage Overflow,Dasarahalli,2026-06-09,Resolved,120,43,Yes,High,No,,Critical
C005834,P1788,Solid Waste Management,Garbage Not Collected,KENGERI,2026-06-09,Closed,120,11,No,Low,No,,Low
C005835,P0004,Sewerage,Sewage Overflow,Dasarahalli,2026-06-09,Resolved,180,31,Yes,High,Yes,12,Critical
C005836,P1431,Solid Waste Management,Garbage Not Collected,Kengeri,2026-06-09,Closed,140,12,No,Low,No,12,Low
C005837,P1407,Water Supply,Pipeline Leakage,Yeshwanthpur,2026-06-09,Closed,45,8,Yes,Medium,No,8,Medium
C005838,P2205,Road Maintenance,Pothole,Shantinagar,2026-06-09,Closed,20,,No,Low,Yes,8,Low
C005839,P2755,Road Maintenance,Pothole,Sadashivanagar,2026-06-09,In Progress,90,1,No,Medium,No,8,Low
C005840,P1661,Solid Waste Management,Garbage Vehicle Not Arrived,Basavanagudi,2026-06-09,Resolved,291,52,Yes,Medium,No,1,High
C005841,P0655,Solid Waste Management,Garbage Not Collected,Mathikere,2026-06-10,In Progress,140,9,No,High,Yes,4,High
C005842,P1156,Solid Waste Management,Garbage Not Collected,Domlur,2026-06-10,Closed,890,16,Yes,None,Yes,16,Low
C005843,P0825,Drainage,Drain Overflow,Mathikere,2026-06-10,Closed,170,10,Yes,Medium,Yes,3,Medium
C005844,P0169,Water Supply,Water Leakage,Hebbal,2026-06-10,In Progress,90,3,Yes,Low,No,8,Medium
C005845,P0414,Solid Waste Management,Sweeping Not Done,Basavanagudi,2026-06-10,Closed,150,5,No,Low,No,2,Medium
C005846,P0228,Solid Waste Management,Garbage Not Collected,Jalahalli,2026-06-10,Resolved,230,2,Yes,High,Yes,8,Critical
C005847,P1256,Electrical,Multiple Street Lights Not Working,Sarakki,2026-06-10,Closed,410,22,No,High,No,36,High
C005848,P2233,Road Maintenance,Road Surface Damage,Malleshwaram,2026-06-10,In Progress,430,7,No,Critical,Yes,24,High
C005849,P2040,Solid Waste Management,Garbage Vehicle Not Arrived,Basavanagudi,2026-06-10,Resolved,230,42,Yes,Medium,No,1,Medium
C005850,P0428,Solid Waste Management,Garbage Vehicle Not Arrived,Basavanagudi,2026-06-10,Resolved,280,48,Yes,Medium,No,1,Medium
C005851,P2311,Solid Waste Management,Garbage Not Collected,Mathikere,2026-06-10,In Progress,90,9,No,Medium,Yes,4,High
C005852,P0348,Solid Waste Management,Garbage Not Collected,Jalahalli,2026-06-10,Closed,95,17,Yes,None,Yes,4,Medium
C005853,P1353,Road Maintenance,Footpath Damage,Rajarajeshwari Nagar,2026-06-10,Closed,150,39,No,Medium,Yes,12,High
C005854,P2949,Drainage,Drain Blockage,Mathikere,2026-06-10,Assigned,95,15,Yes,High,Yes,12,High
C005855,P0750,Public Sanitation,Public Toilet Not Maintained,Yeshwanthpur,2026-06-10,Resolved,40,6,No,Medium,No,4,Medium
C005856,P0665,Drainage,Drain Overflow,Mathikere,2026-06-10,Resolved,170,25,Yes,Medium,Yes,3,Medium
C005857,P1430,Others,Miscellaneous Complaint,Peenya,2026-06-10,In Progress,15,0,No,None,No,3,Low
C005858,P1475,Road Maintenance,Pothole,Koramangala,2026-06-10,Resolved,30,4,No,High,Yes,2,Medium
C005859,P2864,Solid Waste Management,Garbage Not Collected,Jalahalli,2026-06-10,Closed,95,11,No,None,Yes,4,Medium
C005860,P1383,Solid Waste Management,Garbage Not Collected,Jalahalli,2026-06-10,Resolved,230,1,Yes,High,Yes,8,Critical
C005861,P0617,Water Supply,No Water Supply,Gandhinagar,2026-06-10,Closed,240,7,Yes,Critical,No,1,Critical
C005862,P1398,Solid Waste Management,Garbage Vehicle Not Arrived,Basavanagudi,2026-06-10,Closed,291,45,Yes,Medium,No,1,Medium
C005863,P1028,Solid Waste Management,Garbage Vehicle Not Arrived,Basavanagudi,2026-06-10,Closed,291,48,Yes,Medium,No,0.5,Medium
C005864,P2556,Solid Waste Management,Garbage Dumping in Vacant Site,Koramangala,2026-06-10,Resolved,79,5,No,Low,No,6,Medium
C005865,P1799,Sewerage,Sewer Line Blockage,Hoodi,2026-06-10,Closed,150,20,Yes,High,Yes,12,High
C005866,P2070,Others,Miscellaneous Complaint,Peenya,2026-06-10,In Progress,15,0,No,None,No,3,Low
C005867,P1475,Solid Waste Management,Garbage Dumping in Vacant Site,Koramangala,2026-06-10,Closed,75,5,No,Low,No,8,Medium
C005868,P0520,Drainage,Drain Overflow,Mathikere,2026-06-10,Closed,200,51,Yes,High,Yes,2,Medium
C005869,P0428,Solid Waste Management,Garbage Dumping in Vacant Site,Basavanagudi,2026-06-10,Closed,80,2,No,Medium,Yes,3,High
C005870,P2537,Solid Waste Management,Garbage Vehicle Not Arrived,Hosahalli,2026-06-11,Closed,220,2,Yes,None,Yes,0.5,Medium
C005871,P1729,Drainage,Drain Blockage,Peenya,2026-06-11,Closed,55,0,No,Medium,No,8,Medium
C005872,P2601,Solid Waste Management,Garbage Vehicle Not Arrived,Basavanagudi,2026-06-11,Closed,291,,Yes,Medium,No,1,Medium
C005873,P0682,Solid Waste Management,Garbage Vehicle Not Arrived,Basavanagudi,2026-06-11,Closed,291,51,Yes,Medium,No,1,Medium
C005874,P0437,Electrical,Damaged Street Light,Shivajinagar,2026-06-11,Resolved,15,3,No,Low,No,8,Medium
C005875,P0163,Drainage,Drain Blockage,Peenya,2026-06-11,Closed,65,0,No,Critical,Yes,6,Medium
C005876,P0900,Road Maintenance,Footpath Damage,Rajarajeshwari Nagar,2026-06-11,Closed,80,28,No,Medium,Yes,8,High
C005877,P0394,Road Maintenance,Footpath Damage,Rajarajeshwari Nagar,2026-06-11,Resolved,160,30,,Medium,Yes,8,High
C005878,P2667,Public Sanitation,Garbage Burning,Nagarbhavi,2026-06-11,Resolved,220,24,Yes,High,No,4,High
C005879,P2740,Road Maintenance,Road Maintenance Required,Sadashivanagar,2026-06-11,Resolved,360,3,No,Low,No,6,Low
C005880,P2125,Sewerage,Sewage Overflow,Hosahalli,2026-06-11,Closed,110,52,Yes,Medium,No,12,Critical
C005881,P1979,Road Maintenance,Pothole,Kodigehalli,2026-06-11,Resolved,,3,Yes,High,Yes,8,Medium
C005882,P2691,Sewerage,Sewage Overflow,Hosahalli,2026-06-11,Resolved,110,39,Yes,High,Yes,12,Critical
C005883,P1915,Sewerage,Sewage Overflow,Hosahalli,2026-06-11,Resolved,,39,Yes,Medium,No,8,Critical
C005884,P2147,Solid Waste Management,Garbage Dumping in Vacant Site,Mathikere,2026-06-11,Assigned,20,10,No,Low,Yes,3,Low
C005885,P2550,Road Maintenance,Road Surface Damage,Mathikere,2026-06-11,Resolved,95,13,No,Medium,No,24,High
C005886,P2550,Road Maintenance,Road Surface Damage,Mathikere,2026-06-11,Resolved,95,13,No,Medium,No,24,High
C005887,P0243,Drainage,Drain Overflow,Mathikere,2026-06-11,Closed,120,13,Yes,Medium,Yes,2,Low
C005888,P2040,Solid Waste Management,Sweeping Not Done,BASAVANAGUDI,2026-06-11,Resolved,131,,No,Low,No,2,Medium
C005889,P0762,Electrical,Damaged Street Light,Hoodi,2026-06-11,Resolved,20,2,No,Medium,No,4,Low
C005890,P0405,Sewerage,Sewer Line Blockage,Hoodi,2026-06-11,Closed,140,18,No,High,Yes,12,High
C005891,P1916,Sewerage,Sewer Line Blockage,Hosahalli,2026-06-12,In Progress,60,,No,High,,4,High
C005892,P2701,Public Sanitation,Garbage Burning,Nagarbhavi,2026-06-12,In Progress,270,31,Yes,High,No,4,High
C005893,P1467,Drainage,Drain Blockage,Peenya,2026-06-12,Closed,55,0,Yes,High,Yes,6,Medium
C005894,P2151,Drainage,Damaged Drain,Mathikere,2026-06-12,Resolved,20,1,No,Low,No,8,Low
C005895,P1934,Street Infrastructure,Damaged Signboard,Yelahanka,2026-06-12,In Progress,20,1,No,Low,No,1,Low
C005896,P0412,Water Supply,Pipeline Leakage,Yelahanka,2026-06-12,In Progress,131,35,Yes,Medium,No,12,Medium
C005897,P1039,Solid Waste Management,Garbage Dumping in Vacant Site,Arekere,2026-06-12,Closed,15,2,No,High,No,4,High
C005898,P2270,Solid Waste Management,Garbage Not Collected,Jalahalli,2026-06-12,Closed,220,3,Yes,High,Yes,12,Critical
C005899,P2079,Solid Waste Management,Garbage Not Collected,Mathikere,2026-06-12,In Progress,130,11,No,High,Yes,4,High
C005900,P2082,Water Supply,No Water Supply,Hoodi,2026-06-12,Assigned,760,43,Yes,,Yes,6,High
C005901,P0909,Solid Waste Management,Garbage Not Collected,Jalahalli,2026-06-12,Resolved,230,2,Yes,High,,8,Critical
C005902,P2704,Water Supply,No Water Supply,Hoodi,2026-06-12,In Progress,650,50,Yes,Low,Yes,8,High
C005903,P1903,Water Supply,No Water Supply,Gandhinagar,2026-06-12,Closed,,10,No,Critical,No,2,Critical
C005904,P1995,Solid Waste Management,Garbage Not Collected,Jalahalli,2026-06-12,Resolved,210,2,Yes,High,Yes,8,Critical
C005905,P1995,Solid Waste Management,Garbage Not Collected,Jalahalli,2026-06-12,Resolved,240,2,Yes,High,Yes,8,Critical
C005906,P2415,Public Sanitation,Garbage Burning,Malleshwaram,2026-06-12,Registered,80,3,No,Medium,Yes,2,Low
C005907,P1015,Water Supply,No Water Supply,Hoodi,2026-06-12,In Progress,760,42,Yes,Low,Yes,8,High
C005908,P1176,Solid Waste Management,Garbage Dumping in Vacant Site,Arekere,2026-06-12,Closed,20,3,No,High,No,4,High
C005909,P2309,Solid Waste Management,Garbage Vehicle Not Arrived,Hosahalli,2026-06-13,Resolved,60,1,No,Low,Yes,1,Medium
C005910,P0043,Water Supply,No Water Supply,Hoodi,2026-06-13,Assigned,500,23,Yes,None,Yes,8,High
C005911,P0150,Water Supply,No Water Supply,Kadugodi,2026-06-13,Closed,510,68,No,High,Yes,12,Critical
C005912,P1445,Water Supply,No Water Supply,Hoodi,2026-06-13,Assigned,760,45,Yes,Medium,Yes,8,High
C005913,P0461,Street Infrastructure,Damaged Signboard,Chickpet,2026-06-13,Resolved,45,7,No,High,No,8,Medium
C005914,P2568,Road Maintenance,Pothole,Kodigehalli,2026-06-13,Closed,385,2,No,High,Yes,6,Medium
C005915,P2878,Road Infrastructure,Speed Breaker Required,Kadugodi,2026-06-13,Closed,950,193,No,Medium,Yes,16,High
C005916,P0771,Sewerage,Sewer Line Blockage,Varthur,2026-06-13,Resolved,430,11,No,Medium,No,3,Medium
C005917,P0771,Sewerage,Sewer Line Blockage,Varthur,2026-06-13,Resolved,500,11,No,Medium,No,3,Medium
C005918,P1556,Health,Stray Dog Menace,Rajajinagar,2026-06-13,Closed,110,32,No,High,Yes,4,Critical
C005919,P0806,Sewerage,Sewer Line Blockage,Begur,2026-06-13,Resolved,58,5,No,Low,Yes,2,Medium
C005920,P0062,Water Supply,Water Leakage,Malleshwaram,2026-06-13,Closed,75,14,Yes,Low,No,8,Low
C005921,P0842,Solid Waste Management,Garbage Dumping in Vacant Site,Arekere,2026-06-14,Resolved,20,3,No,High,No,4,High
C005922,P2215,Electrical,Street Light Not Working,Jayanagar,2026-06-14,Resolved,10,1,Yes,None,Yes,4,Low
C005923,P2890,Electrical,Street Light Not Working,BTM Layout,2026-06-14,Closed,40,10,No,Low,No,8,Medium
C005924,P1899,Road Infrastructure,Road Encroachment,Yelahanka,2026-06-14,Resolved,50,5,No,None,No,4,Low
C005925,P1015,Water Supply,No Water Supply,Hoodi,2026-06-14,In Progress,760,42,Yes,Low,Yes,8,High
C005926,P2718,Drainage,Open Drain,Marathahalli,2026-06-14,Resolved,65,19,Yes,High,No,12,High
C005927,P1113,Street Infrastructure,Damaged Signboard,Chickpet,2026-06-14,Resolved,53,7,No,High,No,8,Medium
C005928,P2526,Electrical,Street Light Not Working,BTM Layout,2026-06-14,Closed,40,7,Yes,Medium,No,8,Medium
C005929,P1095,Others,Stray Cattle on Road,Chamrajpet,2026-06-14,Closed,15,,No,Medium,Yes,4,Low
C005930,P1283,Road Maintenance,Pothole,Nagarbhavi,2026-06-14,Resolved,169,3,No,Medium,No,4,Medium
C005931,P0341,Sewerage,Manhole Overflow,Whitefield,2026-06-14,Resolved,40,6,Yes,Critical,Yes,2,Critical
C005932,P2291,Electrical,Street Light Not Working,BTM Layout,2026-06-14,Closed,40,8,No,Medium,No,12,High
C005933,P1117,Electrical,Street Light Not Working,Mahadevapura,2026-06-14,Closed,25,7,No,None,Yes,1,Medium
C005934,P1369,Solid Waste Management,Garbage Not Collected,Kadugodi,2026-06-14,In Progress,70,6,No,None,No,1,Low
C005935,P1209,Health,Stray Dog Menace,Bellandur,2026-06-14,Resolved,25,2,No,Low,No,4,Low
C005936,P0997,Sewerage,Sewer Line Blockage,Varthur,2026-06-14,Closed,430,7,No,Medium,No,4,Medium
C005937,P2770,Solid Waste Management,Garbage Not Collected,Kadugodi,2026-06-14,Closed,85,,No,None,Yes,1,Low
C005938,P1429,Water Supply,No Water Supply,Kadugodi,2026-06-14,Closed,510,69,Yes,High,Yes,12,Critical
C005939,P0883,Electrical,Street Light Not Working,Mahadevapura,2026-06-14,Resolved,25,7,No,None,No,1,Medium
C005940,P2131,Health,Stray Dog Menace,Rajajinagar,2026-06-14,Resolved,50,16,No,High,Yes,4,Critical
C005941,P2162,Electrical,Street Light Not Working,Jayanagar,2026-06-14,Resolved,10,1,Yes,None,Yes,4,Low
C005942,P0578,Sewerage,Sewer Line Blockage,Begur,2026-06-14,Closed,40,2,No,Low,Yes,2,Medium
C005943,P2355,Sewerage,Sewer Line Blockage,Varthur,2026-06-14,Resolved,477,12,,Medium,No,4,Medium
C005944,P0852,Revenue Department,Khata Related Issue,Electronic City,2026-06-15,Resolved,2,0,No,Low,Yes,2,Low
C005945,P0868,Water Supply,No Water Supply,HSR Layout,2026-06-15,Resolved,51,21,Yes,None,Yes,4,High
C005946,P1145,Solid Waste Management,Garbage Not Collected,Kadugodi,2026-06-15,Closed,80,7,No,None,No,1,Low
C005947,P1314,Electrical,Street Light Not Working,Varthur,2026-06-15,Resolved,9,1,No,None,Yes,1,Low
C005948,P2206,Health,Stray Dog Menace,Rajajinagar,2026-06-15,Closed,110,51,No,High,Yes,6,Critical
C005949,P0559,Electrical,Electric Pole Damaged,Indiranagar,2026-06-15,Resolved,35,2,No,High,No,8,High
C005950,P2578,Road Maintenance,Pothole,Hosahalli,2026-06-15,Resolved,45,15,No,None,Yes,2,Low
C005951,P0785,Health,Stray Dog Menace,Rajajinagar,2026-06-15,Closed,110,27,No,High,Yes,6,Critical
C005952,P2795,Public Sanitation,Garbage Burning,Hoodi,2026-06-15,Resolved,299,110,No,Low,No,3,Low
C005953,P2309,Solid Waste Management,Garbage Dump,Hosahalli,2026-06-15,Resolved,180,18,No,None,No,6,Low
C005954,P0352,Others,Stray Cattle on Road,Padmanabhanagar,2026-06-15,Closed,62,9,No,Medium,No,8,Medium
C005955,P1865,Road Maintenance,Pothole,Hosahalli,2026-06-15,Resolved,55,17,No,None,Yes,1,Low
C005956,P2873,Public Sanitation,Public Toilet Not Maintained,Jalahalli,2026-06-15,Resolved,57,3,Yes,Low,No,12,Medium
C005957,P1012,Road Maintenance,Road Maintenance Required,Whitefield,2026-06-15,Closed,84,8,No,Medium,Yes,8,Medium
C005958,P2828,Road Maintenance,Road Maintenance Required,Hosahalli,2026-06-15,Closed,30,0,No,Medium,Yes,16,Low
C005959,P2835,Solid Waste Management,Garbage Not Collected,Mathikere,2026-06-15,Resolved,85,2,Yes,Medium,Yes,8,High
C005960,P1797,Solid Waste Management,Garbage Vehicle Not Arrived,Kadugodi,2026-06-15,Closed,245,0,Yes,None,Yes,4,Low
C005961,P1688,Sewerage,Sewer Line Blockage,Begur,2026-06-15,Resolved,70,6,No,Low,Yes,3,Low
C005962,P2384,Road Infrastructure,Road Cutting Not Restored,Shantinagar,2026-06-15,Resolved,320,40,No,High,Yes,16,High
C005963,P2976,Health,Stray Dog Menace,Rajajinagar,2026-06-15,Closed,200,88,No,High,Yes,4,Critical
C005964,P0679,Electrical,Street Light Not Working,Kodigehalli,2026-06-15,Closed,75,10,No,High,No,4,Medium
C005965,P0871,Electrical,Multiple Street Lights Not Working,Ulsoor,2026-06-15,Resolved,54,7,No,Critical,Yes,2,Critical
C005966,P0956,Electrical,Multiple Street Lights Not Working,Ulsoor,2026-06-15,Closed,100,2,No,Low,Yes,4,Low
C005967,P0293,Electrical,Multiple Street Lights Not Working,Hennur,2026-06-15,Closed,63,4,No,Low,No,8,Medium
C005968,P0512,Electrical,Multiple Street Lights Not Working,Hennur,2026-06-15,Resolved,87,,No,Medium,No,8,Medium
C005969,P1163,Electrical,Electric Pole Damaged,Indiranagar,2026-06-15,Resolved,15,1,No,High,No,6,High
C005970,P1615,Electrical,Street Light Not Working,Bellandur,2026-06-16,Resolved,5,1,No,Low,No,2,Low
C005971,P0573,Solid Waste Management,Garbage Dump,Dasarahalli,2026-06-16,Closed,95,1,No,None,No,4,Low
C005972,P0871,Electrical,Exposed Electrical Wires,Domlur,2026-06-16,Resolved,80,24,No,Critical,,2,High
C005973,P0115,Electrical,Multiple Street Lights Not Working,Ulsoor,2026-06-16,Resolved,100,,No,Low,Yes,4,Low
C005974,P2945,Water Supply,Pipeline Leakage,Kadugodi,2026-06-16,Resolved,190,13,Yes,Low,No,12,High
C005975,P1855,Electrical,Street Light Not Working,Bellandur,2026-06-16,Resolved,5,1,No,Medium,No,1,Low
C005976,P0665,Health,Public Health Sanitation Issue,Mathikere,2026-06-16,Verified,130,12,No,Medium,No,4,Medium
C005977,P2583,Electrical,Street Light Not Working,Chamrajpet,2026-06-16,In Progress,63,9,No,Low,Yes,0.5,Medium
C005978,P1817,Solid Waste Management,Sweeping Not Done,Hosahalli,2026-06-16,Resolved,20,1,,High,Yes,4,High
C005979,P1817,Drainage,Drain Blockage,Hosahalli,2026-06-16,Closed,26,1,No,Low,No,2,Low
C005980,P2869,Solid Waste Management,Garbage Dump,Dasarahalli,2026-06-16,Closed,95,0,No,Low,No,,Low
C005981,P2156,Water Supply,Pipeline Leakage,Kadugodi,2026-06-16,Resolved,198,20,Yes,Low,No,12,High
C005982,P2119,Electrical,Multiple Street Lights Not Working,Ulsoor,2026-06-16,Resolved,100,2,No,Low,Yes,4,Medium
C005983,P2119,Electrical,Multiple Street Lights Not Working,Ulsoor,2026-06-16,Resolved,130,2,No,Low,Yes,4,Medium
C005984,P2147,Solid Waste Management,Garbage Not Collected,Mathikere,2026-06-16,Resolved,85,3,No,Medium,Yes,8,High
C005985,P2855,Drainage,Drain Overflow,Chamrajpet,2026-06-16,Closed,280,,Yes,High,Yes,8,High
C005986,P2099,Road Maintenance,Footpath Damage,Ulsoor,2026-06-16,Assigned,120,9,No,Medium,,12,Medium
C005987,P0610,Public Sanitation,Unclean Public Area,Vasanthnagar,2026-06-16,Closed,320,61,No,Low,No,8,Low
C005988,P2912,Electrical,Electric Pole Damaged,Indiranagar,2026-06-16,Resolved,40,2,No,High,No,8,High
C005989,P0547,Sewerage,Sewer Line Blockage,Jalahalli,2026-06-16,Closed,36,7,No,Low,Yes,8,Low
C005990,P1001,Road Maintenance,Footpath Damage,Hennur,2026-06-16,Resolved,65,7,No,Low,No,12,Medium
C005991,P2582,Electrical,Multiple Street Lights Not Working,Marathahalli,2026-06-16,Closed,160,24,No,Low,No,12,Medium
C005992,P0921,Electrical,Exposed Electrical Wires,Bellandur,2026-06-16,Resolved,10,1,Yes,Medium,No,4,High
C005993,P1507,Street Infrastructure,Damaged Footpath Railing,Yeshwanthpur,2026-06-16,Resolved,7,0,No,Medium,No,16,Low
C005994,P0264,Solid Waste Management,Unclean Public Area,Vasanthnagar,2026-06-16,Closed,380,41,No,Low,No,8,Low
C005995,P2578,Solid Waste Management,Garbage Dump,Hosahalli,2026-06-16,Resolved,180,18,No,None,No,8,Low
C005996,P1899,Drainage,Open Drain,Ulsoor,2026-06-16,Resolved,10,0,No,Medium,Yes,48,Medium
C005997,P2449,Road Maintenance,Pothole,Hosahalli,2026-06-16,Closed,85,20,No,Low,No,8,Low
C005998,P2300,Public Sanitation,Unclean Public Area,Vasanthnagar,2026-06-16,Closed,320,36,No,Low,No,8,Low
C005999,P2373,Road Maintenance,Pothole,Hosahalli,2026-06-16,Resolved,45,11,No,None,Yes,2,Low
C006000,P2067,Road Infrastructure,Road Signage Missing,Rajajinagar,2026-06-16,Closed,160,18,No,Low,No,4,Medium
C006001,P0547,Solid Waste Management,Garbage Dump,Jalahalli,2026-06-16,In Progress,60,5,No,Low,Yes,4,Low
C006002,P1718,Road Infrastructure,Speed Breaker Required,Hennur,2026-06-16,Closed,25,7,No,High,Yes,24,High
C006003,P2860,Electrical,Street Light Not Working,JP Nagar,2026-06-16,Closed,25,3,No,Low,Yes,4,Medium
C006004,P2796,Water Supply,Pipeline Leakage,Kadugodi,2026-06-16,Resolved,260,19,Yes,Low,No,12,High
C006005,P2423,Electrical,Multiple Street Lights Not Working,Marathahalli,2026-06-17,Closed,690,16,No,High,Yes,8,High
C006006,P2223,Road Maintenance,Pothole,Hosahalli,2026-06-17,Closed,45,14,No,None,Yes,2,Low
C006007,P1570,Health,Public Health Sanitation Issue,Mathikere,2026-06-17,Assigned,180,14,Yes,High,No,4,Medium
C006008,P2856,Solid Waste Management,Garbage Not Collected,Jalahalli,2026-06-17,Resolved,150,5,No,Medium,Yes,8,Medium
C006009,P1283,Electrical,Electric Pole Damaged,Nagarbhavi,2026-06-17,Resolved,100,19,No,High,No,2,High
C006010,P0019,Electrical,Multiple Street Lights Not Working,Marathahalli,2026-06-17,Resolved,180,23,No,,No,12,Medium
C006011,P0562,Electrical,Exposed Electrical Wires,Bellandur,2026-06-17,Closed,15,1,No,High,No,4,Medium
C006012,P1213,Public Sanitation,Unclean Public Area,Vasanthnagar,2026-06-17,Resolved,380,44,No,Low,No,8,Low
C006013,P0839,Solid Waste Management,Garbage Dump,Dasarahalli,2026-06-17,Resolved,70,0,No,None,No,4,Low
C006014,P1039,Water Supply,No Water Supply,Arekere,2026-06-17,Resolved,2700,107,Yes,None,No,12,High
C006015,P2154,Street Infrastructure,Fallen Tree Branch,Vijayanagar,2026-06-17,Closed,82,1,No,None,No,2,Low
C006016,P2909,Electrical,Multiple Street Lights Not Working,Marathahalli,2026-06-17,Resolved,140,16,No,Low,No,8,Medium
C006017,P2856,Public Sanitation,Public Toilet Not Maintained,Jalahalli,2026-06-17,Closed,45,1,Yes,Low,No,8,Medium
C006018,P0805,Others,Miscellaneous Complaint,Banaswadi,2026-06-17,Resolved,15,1,No,Low,No,3,Low
C006019,P0027,Road Maintenance,Road Maintenance Required,Kengeri,2026-06-17,Resolved,130,4,No,Medium,Yes,16,High
C006020,P1572,Road Maintenance,Footpath Damage,Hennur,2026-06-17,Closed,45,7,No,Low,No,8,Medium
C006021,P1855,Electrical,Street Light Not Working,Bellandur,2026-06-17,Resolved,5,1,No,Medium,No,1,Low
C006022,P0393,Road Maintenance,Pothole,Kadugodi,2026-06-17,Resolved,65,1,No,Low,No,6,Low
C006023,P0393,Road Maintenance,Pothole,Kadugodi,2026-06-17,Resolved,65,1,No,Low,No,6,Low
C006024,P0073,Street Infrastructure,Fallen Tree Branch,JP Nagar,2026-06-17,Resolved,35,2,Yes,High,No,8,Medium
C006025,P2044,Public Sanitation,Public Toilet Not Maintained,Jayanagar,2026-06-17,In Progress,230,5,No,None,No,2,Low
C006026,P1095,Drainage,Open Drain,Chamrajpet,2026-06-17,Resolved,108,20,No,Medium,No,12,High
C006027,P0248,Water Supply,No Water Supply,Arekere,2026-06-17,Resolved,2300,99,Yes,Low,No,12,High
C006028,P0351,Water Supply,No Water Supply,Arekere,2026-06-17,Resolved,2300,86,Yes,Low,No,12,High
C006029,P0197,Others,Miscellaneous Complaint,Shantinagar,2026-06-18,Closed,15,3,No,None,Yes,2,Low
C006030,P2922,Water Supply,No Water Supply,HSR Layout,2026-06-18,Resolved,80,28,Yes,None,Yes,3,High
C006031,P0621,Electrical,Multiple Street Lights Not Working,Marathahalli,2026-06-18,Resolved,180,22,No,Low,No,12,Medium
C006032,P1887,Road Maintenance,Footpath Damage,Electronic City,2026-06-18,Resolved,20,0,No,Low,Yes,16,Low
C006033,P1207,Electrical,Electric Pole Damaged,Nagarbhavi,2026-06-18,Resolved,52,10,No,Medium,No,2,High
C006034,P2251,Health,Public Health Sanitation Issue,Basavanagudi,2026-06-18,Resolved,1000,497,Yes,Medium,No,4,High
C006035,P0454,Sewerage,Sewer Line Blockage,Jalahalli,2026-06-18,Closed,33,15,No,Medium,Yes,8,Low
C006036,P1807,Public Sanitation,Garbage Burning,Byatarayanapura,2026-06-18,Resolved,330,76,No,Medium,No,1,Critical
C006037,P0838,Public Sanitation,Unclean Public Area,Electronic City,2026-06-18,Closed,65,2,No,Medium,No,8,Low
C006038,P0838,Public Sanitation,Unclean Public Area,Electronic City,2026-06-18,Closed,65,2,No,Medium,No,8,Low
C006039,P0983,Electrical,exposed electrical wires,Bellandur,2026-06-18,Closed,6,0,,High,No,4,Medium
C006040,P2113,Public Sanitation,Public Toilet Not Maintained,BTM Layout,2026-06-18,Closed,25,3,No,None,No,2,Low
C006041,P2644,Road Maintenance,Road Maintenance Required,Kengeri,2026-06-18,Resolved,190,7,No,Medium,Yes,16,High
C006042,P0764,Road Maintenance,Pothole,Hosahalli,2026-06-18,Resolved,85,16,No,Low,No,8,Low
C006043,P1367,Solid Waste Management,Sweeping Not Done,JP Nagar,2026-06-18,Closed,43,3,No,Medium,Yes,2,Medium
C006044,P0983,Solid Waste Management,Garbage Vehicle Not Arrived,Bellandur,2026-06-18,Resolved,55,6,No,None,Yes,2,Low
C006045,P1570,Health,Public Health Sanitation Issue,Mathikere,2026-06-18,Assigned,180,14,Yes,High,No,4,Medium
C006046,P0057,Road Maintenance,Pothole,Hosahalli,2026-06-18,Closed,150,29,No,Medium,Yes,36,Low
C006047,P0483,Road Maintenance,Road Maintenance Required,Rajajinagar,2026-06-18,Resolved,214,14,No,High,Yes,8,High
C006048,P2449,Street Infrastructure,Bus Shelter Damaged,Hosahalli,2026-06-18,Resolved,120,11,No,High,No,8,Medium
C006049,P2291,Revenue Department,Khata Related Issue,BTM Layout,2026-06-18,Resolved,3,0,No,None,No,0.5,Low
C006050,P0950,Sewerage,Sewage Overflow,Vasanthnagar,2026-06-18,Resolved,130,34,No,Medium,Yes,12,High
C006051,P2738,Road Maintenance,Road Maintenance Required,Mathikere,2026-06-18,Resolved,220,38,No,Medium,Yes,6,High
C006052,P1615,Electrical,Street Light Not Working,Bellandur,2026-06-18,Resolved,5,1,No,Low,No,2,Low
C006053,P2777,Drainage,Open Drain,Ulsoor,2026-06-18,Resolved,9,0,No,Medium,Yes,48,Medium
C006054,P0499,Solid Waste Management,Garbage Vehicle Not Arrived,Bellandur,2026-06-18,Resolved,75,9,No,None,Yes,2,Low
C006055,P2390,Revenue Department,Khata Related Issue,BTM Layout,2026-06-18,Closed,3,0,No,None,No,0.5,Low
C006056,P0613,Road Maintenance,Pothole,Hosahalli,2026-06-18,Resolved,150,20,No,Low,Yes,36,Low
C006057,P2078,Electrical,Street Light Not Working,Hennur,2026-06-19,Resolved,55,11,No,Low,No,1,Medium
C006058,P1139,Drainage,Drain Blockage,Padmanabhanagar,2026-06-19,In Progress,142,,No,None,No,2,Low
C006059,P1139,Drainage,Drain Blockage,Padmanabhanagar,2026-06-19,In Progress,69,3,No,None,No,2,Low
C006060,P0055,Sewerage,Sewage Overflow,Vasanthnagar,2026-06-19,Closed,120,30,No,Medium,Yes,12,High
C006061,P0591,Sewerage,Sewage Overflow,Vasanthnagar,2026-06-19,Resolved,100,20,No,Medium,No,8,High
C006062,P0786,Solid Waste Management,Garbage Vehicle Not Arrived,Kadugodi,2026-06-19,Resolved,110,,Yes,Medium,Yes,2,Medium
C006063,P2279,Sewerage,Sewage Overflow,Hosahalli,2026-06-19,Closed,97,13,,High,No,2,Medium
C006064,P2380,Sewerage,Sewage Overflow,Vasanthnagar,2026-06-19,Resolved,100,38,No,Medium,Yes,12,High
C006065,P0716,Solid Waste Management,Garbage Vehicle Not Arrived,Kadugodi,2026-06-19,Closed,110,8,Yes,High,Yes,2,High
C006066,P0716,Solid Waste Management,Garbage Vehicle Not Arrived,Kadugodi,2026-06-19,Closed,110,8,Yes,High,Yes,2,High
C006067,P2109,Solid Waste Management,Garbage Vehicle Not Arrived,Hennur,2026-06-19,Resolved,40,0,Yes,Medium,No,3,Low
C006068,P1669,Drainage,Open Drain,Chamrajpet,2026-06-19,Closed,200,54,No,Medium,No,12,Medium
C006069,P1281,Public Sanitation,Public Toilet Not Maintained,BTM Layout,2026-06-19,Resolved,25,3,,None,No,2,Low
C006070,P1716,Road Maintenance,Pothole,Mathikere,2026-06-19,Closed,75,3,No,Low,Yes,8,Low
C006071,P1129,Water Supply,No Water Supply,Marathahalli,2026-06-19,Closed,3400,264,Yes,None,No,12,Medium
C006072,P1813,Road Infrastructure,Speed Breaker Required,Whitefield,2026-06-19,Resolved,110,27,No,Low,No,12,Medium
C006073,P0785,Public Sanitation,Public Toilet Not Maintained,Jayanagar,2026-06-19,In Progress,160,5,No,None,No,2,Low
C006074,P0345,Water Supply,Pipeline Leakage,Kodigehalli,2026-06-19,Resolved,250,38,Yes,None,Yes,8,Medium
C006075,P2162,Water Supply,No Water Supply,Kodigehalli,2026-06-19,Closed,1000,97,Yes,Low,No,8,Medium
C006076,P2361,Water Supply,No Water Supply,Marathahalli,2026-06-19,Closed,2400,218,Yes,None,No,12,Medium
C006077,P2605,Road Maintenance,Road Maintenance Required,Rajajinagar,2026-06-19,Resolved,214,17,No,High,No,12,High
C006078,P0618,Electrical,Multiple Street Lights Not Working,Mathikere,2026-06-19,Resolved,75,2,No,Medium,Yes,12,Medium
C006079,P2449,Sewerage,Sewage Overflow,Hosahalli,2026-06-19,Closed,97,9,Yes,High,No,2,Medium
C006080,P2291,Sewerage,Sewer Line Blockage,JP Nagar,2026-06-19,Closed,440,58,Yes,None,Yes,3,High
C006081,P0438,Water Supply,No Water Supply,Kodigehalli,2026-06-19,Resolved,1000,86,Yes,Low,No,6,Medium
C006082,P0946,Public Sanitation,Public Toilet Not Maintained,Jayanagar,2026-06-19,In Progress,160,4,No,None,No,2,Low
C006083,P0732,Public Sanitation,Garbage Burning,Byatarayanapura,2026-06-20,Closed,240,61,No,Medium,No,1,Critical
C006084,P1119,Public Sanitation,Unclean Public Area,Electronic City,2026-06-20,Closed,30,1,No,Medium,No,8,Low
C006085,P0738,Solid Waste Management,Garbage Vehicle Not Arrived,Bellandur,2026-06-20,Resolved,,5,Yes,None,Yes,2,Low
C006086,P0772,Sewerage,Sewer Line Blockage,JP Nagar,2026-06-20,Resolved,620,84,Yes,Low,Yes,3,High
C006087,P1285,Road Maintenance,Footpath Damage,Hosahalli,2026-06-20,Closed,10,1,No,Medium,No,4,Medium
C006088,P1797,Solid Waste Management,Garbage Vehicle Not Arrived,Kadugodi,2026-06-20,Closed,50,3,Yes,High,Yes,2,Medium
C006089,P1039,Road Infrastructure,Road Encroachment,Arekere,2026-06-20,Closed,100,2,No,Medium,No,4,High
C006090,P1383,Water Supply,Low Water Pressure,BTM Layout,2026-06-20,Resolved,110,16,No,None,No,4,Low
C006091,P0043,Water Supply,Water Leakage,Hoodi,2026-06-20,Resolved,260,14,Yes,Medium,No,4,High
C006092,P0497,Electrical,Multiple Street Lights Not Working,Mathikere,2026-06-20,Closed,75,5,No,High,Yes,8,Medium
C006093,P0422,Water Supply,Low Water Pressure,BTM Layout,2026-06-20,Resolved,118,,No,None,No,4,Low
C006094,P2547,Water Supply,No Water Supply,Marathahalli,2026-06-20,Resolved,1700,100,Yes,None,No,16,Medium
C006095,P0243,Solid Waste Management,Sweeping Not Done,Mathikere,2026-06-20,Closed,60,10,No,Low,Yes,4,Medium
C006096,P2068,Drainage,Drain Blockage,Sadashivanagar,2026-06-20,Resolved,390,70,No,Low,No,2,Medium
C006097,P1367,Sewerage,Sewer Line Blockage,JP Nagar,2026-06-20,Closed,490,139,Yes,Low,No,3,High
C006098,P1106,Road Maintenance,Pothole,Mathikere,2026-06-20,Resolved,75,3,No,Low,Yes,8,Low
C006099,P1106,Electrical,Street Light Not Working,Mathikere,2026-06-20,Registered,10,4,No,Critical,No,1,High
C006100,P0613,Road Maintenance,Pothole,Hosahalli,2026-06-20,Resolved,150,20,No,Low,Yes,36,Low
C006101,P1546,Solid Waste Management,Garbage Not Collected,HSR Layout,2026-06-20,Resolved,150,20,No,Low,Yes,2,Medium
C006102,P2215,Sewerage,Sewer Line Blockage,Begur,2026-06-20,Closed,65,5,No,Critical,No,6,High
C006103,P1155,Drainage,Drain Blockage,Sadashivanagar,2026-06-21,Closed,600,97,No,Medium,Yes,2,Medium
C006104,P1797,Water Supply,Water Leakage,Kadugodi,2026-06-21,Resolved,430,76,No,Low,Yes,2,Medium
C006105,P1038,Water Supply,Water Leakage,Hoodi,2026-06-21,Closed,260,22,Yes,Medium,No,4,High
C006106,P2835,Drainage,Drain Overflow,Mathikere,2026-06-21,Closed,75,14,Yes,High,Yes,4,High
C006107,P2045,Sewerage,Sewer Line Blockage,Begur,2026-06-21,Closed,63,4,No,High,No,4,High
C006108,P0383,Electrical,Street Light Not Working,Hosahalli,2026-06-21,Resolved,15,4,No,High,Yes,8,Medium
C006109,P1054,Solid Waste Management,Garbage Not Collected,Padmanabhanagar,2026-06-21,Resolved,210,10,Yes,Medium,Yes,2,Medium
C006110,P2293,Electrical,Street Light Not Working,Hosahalli,2026-06-21,Closed,20,5,No,Medium,Yes,8,Medium
C006111,P0662,Drainage,Drain Overflow,Mathikere,2026-06-21,Closed,80,16,Yes,High,Yes,4,High
C006112,P0352,Solid Waste Management,Garbage Not Collected,Padmanabhanagar,2026-06-21,Closed,310,26,No,Low,Yes,2,Medium
C006113,P1291,Water Supply,Water Leakage,Hoodi,2026-06-21,Closed,260,16,Yes,Medium,No,4,High
C006114,P2560,Water Supply,Low Water Pressure,Begur,2026-06-21,Closed,98,7,Yes,Medium,No,6,High
C006115,P0798,Water Supply,Low Water Pressure,Sarakki,2026-06-21,Closed,134,32,Yes,Low,,4,High
C006116,P0783,Solid Waste Management,Garbage Vehicle Not Arrived,Kadugodi,2026-06-21,Resolved,120,7,Yes,High,Yes,2,Medium
C006117,P0783,Solid Waste Management,Garbage Vehicle Not Arrived,Kadugodi,2026-06-21,Resolved,120,7,Yes,High,Yes,2,Medium
C006118,P1479,Water Supply,Low Water Pressure,Sarakki,2026-06-21,In Progress,90,27,Yes,Low,No,6,High
C006119,P1886,Electrical,Damaged Street Light,Kadugodi,2026-06-21,Closed,45,5,No,Critical,Yes,4,High
C006120,P2732,Solid Waste Management,Garbage Vehicle Not Arrived,Varthur,2026-06-21,Resolved,110,8,No,Medium,Yes,2,Low
C006121,P2693,Street Infrastructure,Damaged Signboard,Jalahalli,2026-06-22,Closed,193,1,No,Low,No,8,Low
C006122,P2204,Sewerage,Manhole Overflow,Mathikere,2026-06-22,Resolved,70,13,No,Low,No,8,High
C006123,P1572,Solid Waste Management,Garbage Vehicle Not Arrived,Hennur,2026-06-22,Closed,70,2,Yes,,Yes,2,Low
C006124,P2039,Water Supply ,No Water Supply,Shivajinagar,2026-06-22,In Progress,960,117,Yes,None,No,8,High
C006125,P1536,Revenue Department,Property Tax Query,Sadashivanagar,2026-06-22,Closed,3,0,No,None,No,2,Low
C006126,P1054,Drainage,Drain Blockage,Padmanabhanagar,2026-06-22,Resolved,25,3,Yes,Low,Yes,2,Medium
C006127,P1176,Water Supply,Water Leakage,Arekere,2026-06-22,Resolved,15,2,,Low,Yes,12,Medium
C006128,P0708,Water Supply,No Water Supply,Shivajinagar,2026-06-22,Closed,960,98,Yes,Low,No,12,Critical
C006129,P2859,Solid Waste Management,Garbage Vehicle Not Arrived,Shantinagar,2026-06-22,Resolved,81,16,Yes,Medium,Yes,1,Medium
C006130,P1031,Water Supply,Low Water Pressure,Sarakki,2026-06-22,Closed,90,24,Yes,Low,No,6,High
C006131,P0369,Health,Increase in Mosquito Density,Shantinagar,2026-06-22,Resolved,,114,No,None,Yes,8,Medium
C006132,P0293,Solid Waste Management,Garbage Vehicle Not Arrived,Hennur,2026-06-22,Resolved,65,3,Yes,Low,Yes,2,Low
C006133,P1389,Solid Waste Management,Garbage Dump,Mathikere,2026-06-22,Resolved,95,1,No,Low,Yes,4,Low
C006134,P0268,Drainage,Damaged Drain,Whitefield,2026-06-22,Resolved,75,24,No,Low,Yes,12,Medium
C006135,P0899,Health,Increase in Mosquito Density ,Shantinagar,2026-06-22,Closed,390,,No,None,No,8,Medium
C006136,P0796,Electrical,Street Light Not Working,Koramangala,2026-06-22,Closed,550,197,No,Medium,Yes,0.5,Medium
C006137,P2628,Solid Waste Management,Garbage Dump,Mathikere,2026-06-22,Resolved,190,2,Yes,Low,Yes,4,Low
C006138,P1510,Solid Waste Management,Garbage Vehicle Not Arrived,Bellandur,2026-06-22,Closed,150,31,Yes,Low,Yes,1,Medium
C006139,P1903,Health,Public Health Sanitation Issue,Gandhinagar,2026-06-22,Closed,20,4,No,Medium,No,8,Low
C006140,P2398,Health,Public Health Sanitation Issue,Mathikere,2026-06-22,Resolved,60,8,No,High,Yes,6,High
C006141,P1646,Water Supply,No Water Supply,Shivajinagar,2026-06-22,In Progress,960,108,Yes,Low,No,16,High
C006142,P1035,Solid Waste Management,Garbage Vehicle Not Arrived,Hennur,2026-06-22,Closed,65,3,Yes,Low,Yes,2,Low
C006143,P1039,Road Infrastructure,Road Encroachment,Arekere,2026-06-22,Closed,100,2,No,Medium,No,4,High
C006144,P0864,Solid Waste Management,Garbage Vehicle Not Arrived,Hennur,2026-06-22,Resolved,65,1,Yes,Low,Yes,2,Low
C006145,P0107,Road Maintenance,Footpath Damage,Shantinagar,2026-06-22,Resolved,490,14,No,Medium,No,4,Medium
C006146,P2381,Solid Waste Management,Garbage Not Collected,Padmanabhanagar,2026-06-22,Closed,240,12,Yes,Low,,2,Low
C006147,P0651,Solid Waste Management,Garbage Vehicle Not Arrived,Whitefield,2026-06-22,Resolved,85,7,No,Low,No,1,Low
C006148,P0160,Solid Waste Management,Garbage Vehicle Not Arrived,Hennur,2026-06-22,Closed,80,2,Yes,Low,Yes,2,Low
C006149,P1588,Solid Waste Management,Garbage Vehicle Not Arrived,Varthur,2026-06-22,Resolved,110,6,No,Medium,Yes,1,Low
C006150,P1891,Road Infrastructure,Road Encroachment,Arekere,2026-06-22,Closed,95,3,No,Medium,No,6,High
C006151,P0148,Solid Waste Management,Garbage Not Collected,Anjanapura,2026-06-23,Resolved,120,12,Yes,None,No,4,Low
C006152,P2263,Solid Waste Management,Garbage Vehicle Not Arrived,Hennur,2026-06-23,Resolved,60,2,Yes,Low,No,2,Low
C006153,P2099,Electrical,Street Light Not Working,Yelahanka,2026-06-23,Closed,120,2,No,Low,Yes,0.5,Medium
C006154,P0456,Solid Waste Management,Garbage Vehicle Not Arrived,Hennur,2026-06-23,Resolved,72,2,Yes,Low,Yes,2,Low
C006155,P0637,Water Supply,Pipeline Leakage,Electronic City,2026-06-23,Resolved,35,4,Yes,High,Yes,8,High
C006156,P0325,Solid Waste Management,Garbage Vehicle Not Arrived,Hennur,2026-06-23,Resolved,59,2,Yes,Low,Yes,2,Low
C006157,P1727,Health,Increase in Mosquito Density,Shantinagar,2026-06-23,Resolved,322,68,No,None,Yes,8,Medium
C006158,P2660,Electrical,Damaged Street Light,Kadugodi,2026-06-23,Closed,45,6,No,Critical,Yes,4,High
C006159,P0338,Solid Waste Management,Garbage Vehicle Not Arrived,Hennur,2026-06-23,Closed,95,2,Yes,Low,Yes,2,Low
C006160,P0535,Solid Waste Management,Garbage Vehicle Not Arrived,Hennur,2026-06-23,Closed,65,2,Yes,Low,Yes,3,Low
C006161,P2641,Water Supply,No Water Supply,Bellandur,2026-06-23,Resolved,200,24,No,Low,No,3,High
C006162,P0116,Solid Waste Management,Sweeping Not Done,Hosahalli,2026-06-23,Resolved,120,2,No,None,Yes,1,Low
C006163,P1314,Solid Waste Management,Garbage Vehicle Not Arrived,Varthur,2026-06-23,Resolved,150,8,No,Low,Yes,1,Low
C006164,P1255,Electrical,Street Light Not Working,Yelahanka,2026-06-23,Closed,180,2,No,Low,Yes,1,Medium
C006165,P2849,Sewerage,Sewage Overflow,Marathahalli,2026-06-23,Assigned,420,65,Yes,High,No,8,Critical
C006166,P1881,Sewerage,Sewer Line Blockage,Kadugodi,2026-06-23,Closed,120,1,Yes,Medium,Yes,2,Low
C006167,P0201,Water Supply,Pipeline Leakage,Electronic City,2026-06-23,Resolved,35,3,Yes,High,Yes,8,High
C006168,P2981,Solid Waste Management,Garbage Dumping in Vacant Site,Hebbal,2026-06-23,Closed,21,1,No,Medium,Yes,4,Medium
C006169,P2187,Solid Waste Management,Garbage Not Collected,Anjanapura,2026-06-23,Resolved,,32,Yes,None,No,4,Low
C006170,P0256,Solid Waste Management,Garbage Not Collected,Anjanapura,2026-06-24,Resolved,120,28,Yes,None,No,4,Low
C006171,P2835,Street Infrastructure,Damaged Footpath Railing,Mathikere,2026-06-24,Assigned,90,7,No,Critical,No,16,Medium
C006172,P1556,Water Supply,Pipeline Leakage,Jalahalli,2026-06-24,Closed,,,No,Critical,No,36,Medium
C006173,P1418,Road Maintenance,Footpath Damage,Hennur,2026-06-24,Resolved,20,0,No,High,Yes,4,Medium
C006174,P0692,Sewerage,Sewage Overflow,Hosahalli,2026-06-24,Resolved,441,148,Yes,Medium,Yes,12,High
C006175,P2835,Drainage,Damaged Drain,Mathikere,2026-06-24,Closed,150,4,Yes,None,Yes,36,Low
C006176,P2423,Sewerage,Sewage Overflow,Marathahalli,2026-06-24,Assigned,450,71,Yes,Critical,No,8,Critical
C006177,P2084,Electrical,Electric Pole Damaged,Hosahalli,2026-06-24,Resolved,4,2,No,High,No,4,Low
C006178,P1871,Road Maintenance,Pothole,Malleshwaram,2026-06-24,Closed,42,3,No,Medium,Yes,6,Medium
C006179,P0048,Solid Waste Management,Garbage Not Collected,Anjanapura,2026-06-24,Closed,120,16,Yes,None,Yes,4,Low
C006180,P0871,Water Supply,Low Water Pressure,Ulsoor,2026-06-24,Assigned,180,18,No,Low,No,2,Low
C006181,P1341,Solid Waste Management,Garbage Vehicle Not Arrived,Hennur,2026-06-24,Closed,60,2,Yes,Low,Yes,2,Low
C006182,P2160,Public Sanitation,Unclean Public Area,Chickpet,2026-06-24,Resolved,110,13,No,Low,No,8,Low
C006183,P1758,Solid Waste Management,Garbage Vehicle Not Arrived,Hennur,2026-06-24,Closed,60,1,Yes,Low,Yes,2,Low
C006184,P1247,Water Supply,No Water Supply,Shivajinagar,2026-06-24,Resolved,960,137,Yes,Low,No,12,High
C006185,P2179,Electrical,Street Light Not Working,Hosahalli,2026-06-24,Closed,15,6,No,Medium,Yes,12,Medium
C006186,P0369,Solid Waste Management,Garbage Vehicle Not Arrived,Shantinagar,2026-06-24,Closed,81,18,Yes,Medium,No,2,Medium
C006187,P2078,Solid Waste Management,Garbage Vehicle Not Arrived,Hennur,2026-06-24,Closed,65,2,Yes,Low,Yes,2,Low
C006188,P0407,Road Maintenance,Pothole,Malleshwaram,2026-06-24,Resolved,45,3,No,Medium,Yes,8,Medium
C006189,P0407,Road Maintenance,Pothole,Malleshwaram,2026-06-24,Resolved,45,3,No,High,Yes,8,Medium
C006190,P0369,Road Infrastructure,Road Signage Missing,Shantinagar,2026-06-24,Assigned,100,3,No,Low,No,4,Low
C006191,P2805,Sewerage,Sewer Line Blockage,Kadugodi,2026-06-24,Closed,115,2,Yes,Medium,Yes,2,Low
C006192,P1103,Public Sanitation,Unclean Public Area,Chickpet,2026-06-24,Closed,110,12,No,Low,No,8,Low
C006193,P1900,Solid Waste Management,Sweeping Not Done,Sarakki,2026-06-25,Closed,50,4,No,None,Yes,2,Low
C006194,P1992,Solid Waste Management,Garbage Not Collected,Anjanapura,2026-06-25,Closed,120,16,Yes,None,No,6,Low
C006195,P2375,Water Supply,Pipeline Leakage,Electronic City,2026-06-25,Resolved,20,2,Yes,High,Yes,8,High
C006196,P0304,Solid Waste Management,Garbage Not Collected,Hosahalli,2026-06-25,Resolved,160,13,No,Medium,No,8,Medium
C006197,P0074,Sewerage,Sewage Overflow,Yeshwanthpur,2026-06-25,Closed,140,12,Yes,Medium,No,8,Medium
C006198,P0502,Sewerage,Sewer Line Blockage,Kadugodi,2026-06-25,In Progress,115,1,No,High,Yes,1,Low
C006199,P2432,Road Maintenance,Road Surface Damage,Mathikere,2026-06-25,Closed,75,2,No,High,Yes,36,High
C006200,P0982,Electrical,Street Light Not Working,Domlur,2026-06-25,Closed,40,3,No,None,No,4,Low
C006201,P0361,Sewerage,Sewage Overflow,Yeshwanthpur,2026-06-25,Resolved,180,21,No,Medium,No,8,High
C006202,P0772,Road Maintenance,Pothole,Domlur,2026-06-25,Resolved,190,,No,Low,No,3,Low
C006203,P0424,Electrical,Street Light Not Working,Sarakki,2026-06-25,Closed,7,1,No,Low,Yes,1,Medium
C006204,P0814,Road Maintenance,Pothole,Domlur,2026-06-25,Resolved,190,15,No,Low,No,1,Low
C006205,P2999,Electrical,Street Light Not Working,Domlur,2026-06-25,Resolved,45,2,No,Low,No,4,Low
C006206,P2361,Sewerage,Sewage Overflow,Marathahalli,2026-06-25,Assigned,330,37,Yes,Critical,No,8,Critical
C006207,P0463,Sewerage,Sewage Overflow,Hosahalli,2026-06-25,Closed,441,149,Yes,Medium,Yes,12,High
C006208,P1196,Water Supply,Water Leakage,Gandhinagar,2026-06-25,Resolved,90,6,No,High,Yes,8,Critical
C006209,P0764,Road Maintenance,Road Surface Damage,Hosahalli,2026-06-25,Closed,40,1,No,,Yes,36,Medium
C006210,P2064,Water Supply,No Water Supply,Bellandur,2026-06-25,Resolved,190,17,No,Low,Yes,2,High
C006211,P1644,Solid Waste Management,Garbage Not Collected,Kammanahalli,2026-06-25,Closed,35,3,Yes,Medium,No,4,Medium
C006212,P2101,Road Maintenance,Road Surface Damage,Dasarahalli,2026-06-25,Closed,609,1,No,Low,No,8,Low
C006213,P2559,Public Sanitation,Unclean Public Area,Mathikere,2026-06-25,Assigned,100,9,No,,Yes,8,Low
C006214,P2867,Road Maintenance,Pothole,Sadashivanagar,2026-06-25,Closed,430,1,No,Medium,Yes,2,Medium
C006215,P1443,Electrical,Multiple Street Lights Not Working,Sadashivanagar,2026-06-26,Resolved,610,20,No,Low,Yes,4,Medium
C006216,P0084,Electrical,Damaged Street Light,Mahadevapura,2026-06-26,Closed,10,0,No,Low,No,1,Low
C006217,P0197,Others,Stray Cattle on Road,Jalahalli,2026-06-26,Assigned,220,2,No,Medium,Yes,3,Low
C006218,P0296,Sewerage,Sewage Overflow,Yeshwanthpur,2026-06-26,Closed,140,8,No,Medium,No,12,High
C006219,P2636,Solid Waste Management,Garbage Dumping in Vacant Site,Dasarahalli,2026-06-26,Closed,146,9,No,None,No,8,Low
C006220,P1200,Water Supply,Water Leakage,Gandhinagar,2026-06-26,Closed,100,6,No,High,Yes,12,Critical
C006221,P1200,Water Supply,Water Leakage,Gandhinagar,2026-06-26,Closed,100,6,No,High,Yes,12,Critical
C006222,P0140,Road Maintenance,Road Maintenance Required,Mahadevapura,2026-06-26,Assigned,110,23,No,None,No,8,Low
C006223,P1487,Health,Stray Dog Menace,Hebbal,2026-06-26,Resolved,35,11,No,Medium,No,2,Medium
C006224,P1402,Solid Waste Management,Garbage Dumping in Vacant Site,Rajajinagar,2026-06-26,In Progress,160,3,No,Medium,Yes,2,Low
C006225,P0456,Road Maintenance,Footpath Damage,Hennur,2026-06-26,Closed,20,0,No,High,Yes,,Medium
C006226,P2209,Drainage,Open Drain,Hosahalli,2026-06-26,Closed,45,6,No,Low,Yes,,Medium
C006227,P1292,Electrical,Multiple Street Lights Not Working,Sadashivanagar,2026-06-26,Closed,200,9,No,Low,Yes,4,Medium
C006228,P0671,Solid Waste Management,Garbage Not Collected,Kammanahalli,2026-06-26,Resolved,35,4,Yes,Low,No,6,Medium
C006229,P1982,Electrical,Multiple Street Lights Not Working,Sadashivanagar,2026-06-26,Closed,260,11,No,None,Yes,4,Medium
C006230,P0943,Road Infrastructure,Missing Manhole Cover,Gandhinagar,2026-06-26,Resolved,140,13,No,Medium,No,1,High
C006231,P2375,Water Supply,Pipeline Leakage,Electronic City,2026-06-26,Resolved,20,2,Yes,High,Yes,8,High
C006232,P0194,Solid Waste Management,Garbage Not Collected,Hosahalli,2026-06-26,Closed,140,12,No,Medium,Yes,6,Medium
C006233,P1201,Road Maintenance,Pothole,Varthur,2026-06-26,Closed,2431,480,No,Medium,No,8,Medium
C006234,P2946,Water Supply,Pipeline Leakage,Jalahalli,2026-06-26,Closed,190,8,No,High,No,24,Medium
C006235,P2209,Electrical ,Electric Pole Damaged,Hosahalli,2026-06-26,Closed,6,2,No,Medium,No,4,Medium
C006236,P2078,Public Sanitation,Unclean Public Area,Hennur,2026-06-26,Closed,30,8,No,Medium,No,,Medium
C006237,P2992,Others,Illegal Construction,Mathikere,2026-06-27,In Progress,8,1,No,High,Yes,16,Low
C006238,P1005,Public Sanitation,Unclean Public Area,Mathikere,2026-06-27,Assigned,70,6,No,None,Yes,8,Low
C006239,P0639,Drainage,Damaged Drain,Shantinagar,2026-06-27,Resolved,25,1,Yes,None,Yes,16,Medium
C006240,P2901,Solid Waste Management,Sweeping Not Done,Bellandur,2026-06-27,Resolved,10,1,No,Critical,No,4,High
C006241,P1005,Solid Waste Management,Garbage Dump,Mathikere,2026-06-27,Resolved,75,2,No,Medium,Yes,2,Medium
C006242,P0288,Solid Waste Management,Garbage Dump,Mathikere,2026-06-27,Closed,75,2,No,Medium,Yes,2,Medium
C006243,P0787,Solid Waste Management,Garbage Dump,Mathikere,2026-06-27,Closed,75,,Yes,Medium,Yes,1,Medium
C006244,P2212,Solid Waste Management,Garbage Not Collected,Hosahalli,2026-06-27,Closed,140,11,No,Medium,Yes,8,Medium
C006245,P1876,Others,Stray Cattle on Road,Jalahalli,2026-06-27,In Progress,220,1,No,Low,Yes,4,Medium
C006246,P0814,Health,Stray Dog Menace,Domlur,2026-06-27,Resolved,260,43,No,Medium,No,2,High
C006247,P2187,Electrical,Multiple Street Lights Not Working,Mathikere,2026-06-27,Assigned,20,1,No,High,Yes,,Low
C006248,P1493,Health,Stray Dog Menace,Domlur,2026-06-27,Resolved,150,33,No,Medium,No,2,High
C006249,P2717,Solid Waste Management,Garbage Dump,Mathikere,2026-06-27,Closed,150,4,No,Medium,Yes,1,Medium
C006250,P2737,Solid Waste Management,Garbage Dump,Mathikere,2026-06-27,Resolved,50,1,No,Medium,Yes,2,Medium
C006251,P2737,Solid Waste Management,Garbage Dump,Mathikere,2026-06-27,Closed,55,1,No,Low,Yes,2,Medium
C006252,P1754,Health,Stray Dog Menace,Hebbal,2026-06-28,Resolved,25,16,No,High,No,2,Medium
C006253,P1196,Public Sanitation,Garbage Burning,Gandhinagar,2026-06-28,Resolved,45,4,,Low,No,2,Low
C006254,P2717,Electrical,Multiple Street Lights Not Working,Mathikere,2026-06-28,In Progress,25,1,No,High,Yes,8,Low
C006255,P0977,Solid Waste Management,Garbage Dumping in Vacant Site,Hoodi,2026-06-28,Verified,100,1,No,Low,No,12,Low
C006256,P0381,Electrical,Street Light Not Working,Anjanapura,2026-06-28,Resolved,70,2,No,Low,,1,Low
C006257,P2612,Electrical,Street Light Not Working,Kammanahalli,2026-06-28,Resolved,30,2,No,Low,Yes,1,Low
C006258,P1470,Solid Waste Management,Garbage Dump,Mathikere,2026-06-28,Closed,60,2,No,Medium,Yes,2,Medium
C006259,P2351,Electrical,Exposed Electrical Wires,Domlur,2026-06-28,Closed,4,2,No,High,No,2,Medium
C006260,P1674,Electrical,Street Light Not Working,Nagarbhavi,2026-06-28,Resolved,15,3,No,High,Yes,3,Medium
C006261,P1738,Solid Waste Management,Garbage Dumping in Vacant Site,Hoodi,2026-06-28,Verified,75,1,No,Low,No,12,Low
C006262,P2277,Solid Waste Management,Sweeping Not Done,Hosahalli,2026-06-28,Resolved,140,27,No,Low,Yes,1,Medium
C006263,P1899,Street Infrastructure,Street Light Not Working,Yelahanka,2026-06-28,Resolved,35,3,No,Medium,No,1,Medium
C006264,P0266,Others,Stray Cattle on Road,Arekere,2026-06-28,Closed,6,1,No,Critical,No,4,Low
C006265,P2090,Solid Waste Management,Garbage Vehicle Not Arrived,Anjanapura,2026-06-28,Closed,450,8,No,Medium,No,2,Medium
C006266,P1184,Health,Stray Dog Menace,Domlur,2026-06-28,Resolved,160,54,No,Medium,No,3,High
C006267,P1184,Health,Stray Dog Menace,Domlur,2026-06-28,Closed,160,54,No,Medium,No,3,High
C006268,P0662,Solid Waste Management,Garbage Dump,Mathikere,2026-06-28,Resolved,75,1,No,Medium,,2,Medium
C006269,P0492,Electrical,Exposed Electrical Wires,Sadashivanagar,2026-06-28,Closed,35,3,No,Medium,,4,Medium
C006270,P0007,Electrical,Multiple Street Lights Not Working,Sadashivanagar,2026-06-28,Resolved,,10,No,Low,Yes,4,Medium
C006271,P0662,Electrical,Multiple Street Lights Not Working,Mathikere,2026-06-28,In Progress,20,1,No,High,Yes,6,Low
C006272,P2482,Solid Waste Management,Garbage Vehicle Not Arrived,Anjanapura,2026-06-28,Closed,420,4,Yes,Medium,No,2,Medium
C006273,P1754,Road Infrastructure,Speed Breaker Required,Sarakki,2026-06-28,Resolved,95,23,No,Critical,Yes,16,Critical
C006274,P2209,Electrical,Electric Pole Damaged,Hosahalli,2026-06-28,Closed,6,2,No,Medium,No,4,Medium
C006275,P0060,Drainage,Drain Overflow,Peenya,2026-06-29,Closed,90,3,Yes,High,Yes,2,Medium
C006276,P2472,Public Sanitation,Unclean Public Area,Marathahalli,2026-06-29,Resolved,320,129,No,None,No,12,Low
C006277,P1027,Electrical,Damaged Street Light,Mathikere,2026-06-29,In Progress,84,19,No,Medium,Yes,1,Low
C006278,P1314,Drainage,Damaged Drain,Varthur,2026-06-29,Closed,20,5,Yes,High,Yes,12,High
C006279,P0381,Electrical,Street Light Not Working,Anjanapura,2026-06-29,Resolved,70,2,No,Low,No,1,Low
C006280,P2259,Electrical,Street Light Not Working,Chamrajpet,2026-06-29,Resolved,10,2,Yes,Medium,Yes,0.5,Low
C006281,P0078,Revenue Department,Property Tax Query,Hosahalli,2026-06-29,Resolved,8,0,No,Low,No,0.5,Low
C006282,P0266,Drainage,Open Drain,Arekere,2026-06-29,Resolved,60,18,No,Medium,No,12,Medium
C006283,P2831,Solid Waste Management,Sweeping Not Done,Bellandur,2026-06-29,Resolved,9,1,Yes,High,No,4,Medium
C006284,P1027,Electrical,Multiple Street Lights Not Working,Mathikere,2026-06-29,In Progress,20,1,No,High,Yes,8,Low
C006285,P0645,Health,Increase in Mosquito Density,Bellandur,2026-06-29,Closed,64,12,No,Medium,No,3,Low
C006286,P2343,Drainage,Damaged Drain,Varthur,2026-06-29,Closed,25,8,Yes,High,Yes,12,High
C006287,P2855,Electrical,Street Light Not Working,Chamrajpet,2026-06-29,Closed,10,2,No,Low,Yes,0.5,Low
C006288,P1414,Solid Waste Management,Garbage Dumping in Vacant Site,Hoodi,2026-06-29,Registered,104,1,No,Low,No,16,Low
C006289,P0405,Drainage,Drain Overflow,Peenya,2026-06-29,Resolved,90,3,Yes,High,No,3,Medium
C006290,P0821,Solid Waste Management,Garbage Dump ,Malleshwaram,2026-06-29,Closed,153,55,No,None,Yes,2,Medium
C006291,P2701,Electrical,Street Light Not Working,Nagarbhavi,2026-06-29,Closed,10,2,No,Medium,Yes,2,Medium
C006292,P0068,Road Infrastructure,Speed Breaker Required,Shivajinagar,2026-06-29,Resolved,220,49,No,None,No,12,Low
C006293,P0007,Electrical,Multiple Street Lights Not Working,Sadashivanagar,2026-06-29,Resolved,320,10,No,Low,Yes,4,Medium
C006294,P0574,Electrical,Street Light Not Working,Shivajinagar,2026-06-29,Resolved,113,17,No,Medium,Yes,3,Medium
C006295,P1729,Drainage,Drain Overflow,Peenya,2026-06-29,Closed,40,1,Yes,High,No,2,Medium
C006296,P0049,Health,Increase in Mosquito Density,Sarakki,2026-06-29,Resolved,85,5,No,Medium,No,4,Medium
C006297,P1718,Solid Waste Management,Garbage Not Collected,Hennur,2026-06-30,Resolved,78,6,No,Low,No,4,Low
C006298,P0334,Sewerage,Sewer Line Blockage,Hebbal,2026-06-30,Resolved,210,11,Yes,High,No,4,Medium
C006299,P0334,Sewerage,Sewer Line Blockage,Hebbal,2026-06-30,Resolved,210,11,Yes,High,No,4,Medium
C006300,P1831,Water Supply,No Water Supply,Sadashivanagar,2026-06-30,Assigned,468,113,Yes,High,No,3,Critical
C006301,P2073,Drainage,Drain Overflow,Peenya,2026-06-30,Resolved,90,3,Yes,High,No,2,Medium
C006302,P0105,Water Supply,No Water Supply,Sadashivanagar,2026-06-30,Assigned,450,112,Yes,High,No,2,Critical
C006303,P2937,Water Supply,No Water Supply,Sadashivanagar,2026-06-30,In Progress,610,99,Yes,High,No,2,Critical
C006304,P1753,Others,Stray Cattle on Road,Jalahalli,2026-06-30,Resolved,170,3,No,Medium,No,1,Low
C006305,P1283,Electrical,Street Light Not Working,Nagarbhavi,2026-06-30,Closed,15,3,No,Medium,Yes,2,Medium
C006306,P0843,Water Supply,No Water Supply,Sadashivanagar,2026-06-30,Assigned,580,240,Yes,High,Yes,2,Critical
C006307,P2178,Drainage,Drain Overflow,Chamrajpet,2026-06-30,Resolved,2500,258,No,Medium,Yes,8,High
C006308,P0748,Public Sanitation,Garbage Burning,Gandhinagar,2026-06-30,Resolved,45,,No,Low,No,3,Low
C006309,P0647,Solid Waste Management,Garbage Dumping in Vacant Site,Hoodi,2026-06-30,Verified,101,1,No,None,No,12,Low
C006310,P1445,Solid Waste Management,Garbage Dumping in Vacant Site,Hoodi,2026-06-30,Verified,95,2,No,Low,No,12,Low
C006311,P2595,Sewerage,Sewer Line Blockage,Hebbal,2026-06-30,Resolved,120,5,Yes,High,No,4,Medium
C006312,P2443,Others,Illegal Construction,Jalahalli,2026-06-30,Closed,45,0,No,High,No,12,High
C006313,P2724,Water Supply,No Water Supply,Sadashivanagar,2026-06-30,Assigned,580,161,Yes,High,No,2,Critical
C006314,P1095,Drainage,Drain Overflow,Chamrajpet,2026-06-30,Closed,2359,136,No,Medium,Yes,8,High
C006315,P1314,Public Sanitation,Unclean Public Area,Varthur,2026-06-30,Resolved,150,2,No,Low,No,8,Medium
C006316,P1039,Others,Stray Cattle on Road,Arekere,2026-06-30,Closed,5,0,No,High,No,4,Low
C006317,P0546,Sewerage,Sewer Line Blockage,Hebbal,2026-06-30,Resolved,65,4,Yes,High,No,4,Medium
C006318,P0546,Sewerage,Sewer Line Blockage,Hebbal,2026-06-30,Closed,65,4,Yes,High,No,,Medium
C006319,P2862,Health,Increase in Mosquito Density,Sarakki,2026-06-30,Closed,130,11,No,High,No,4,Medium
C006320,P2821,Water Supply,No Water Supply,Sadashivanagar,2026-06-30,Assigned,580,100,Yes,High,No,2,Critical
C006321,P1488,Electrical,Street Light Not Working,Nagarbhavi,2026-06-30,Resolved,20,4,No,Medium,Yes,2,Medium
C006322,P2109,Solid Waste Management,Garbage Not Collected,Hennur,2026-06-30,Resolved,80,7,No,Medium,Yes,4,Low
C006323,P0660,Street Infrastructure,Damaged Footpath Railing,Malleshwaram,2026-06-30,Resolved,30,0,No,Medium,No,6,Low
C006324,P2174,Water Supply,No Water Supply,Sadashivanagar,2026-07-01,Assigned,580,130,Yes,High,No,2,Critical
C006325,P2402,Road Infrastructure,Speed Breaker Required,Marathahalli,2026-07-01,Assigned,260,20,No,Medium,No,8,Medium
C006326,P0342,Road Infrastructure,Road Cutting Not Restored,Dasarahalli,2026-07-01,Verified,45,4,No,Low,Yes,16,Medium
C006327,P1195,Health,Increase in Mosquito Density,Chamrajpet,2026-07-01,Closed,130,41,No,Medium,No,4,Medium
C006328,P1040,Road Maintenance,Pothole,Koramangala,2026-07-01,Verified,330,10,No,None,Yes,4,Low
C006329,P2047,Solid Waste Management,Garbage Not Collected,HSR Layout,2026-07-01,Resolved,138,12,No,Medium,No,2,Low
C006330,P0708,Solid Waste Management,Garbage Vehicle Not Arrived,Electronic City,2026-07-01,Resolved,95,2,No,Medium,Yes,3,Low
C006331,P1426,Water Supply,No Water Supply,Sadashivanagar,2026-07-01,Assigned,580,137,Yes,High,No,2,Critical
C006332,P1195,Electrical,Street Light Not Working,Chamrajpet,2026-07-01,Resolved,15,3,No,Medium,Yes,0.5,Low
C006333,P0630,Drainage,Open Drain,Arekere,2026-07-01,Resolved,95,36,No,Medium,No,12,Low
C006334,P0369,Street Infrastructure,Bus Shelter Damaged,Shantinagar,2026-07-01,Closed,45,4,No,None,No,12,Low
C006335,P2165,Water Supply,No Water Supply,Hennur,2026-07-01,Closed,330,23,Yes,None,No,4,Medium
C006336,P1258,Drainage,Drain Blockage,Gandhinagar,2026-07-01,Resolved,214,2,Yes,Medium,No,12,Medium
C006337,P2352,Solid Waste Management,Garbage Dump,Hoodi,2026-07-01,Resolved,142,19,No,Medium,Yes,12,High
C006338,P0160,Public Sanitation,Garbage Burning,Hennur,2026-07-01,Closed,55,11,No,Low,Yes,4,Low
C006339,P2897,Water Supply,No Water Supply,Hennur,2026-07-01,Closed,380,22,Yes,None,,3,Medium
C006340,P1203,Water Supply,Low Water Pressure,Ulsoor,2026-07-01,Resolved,160,38,No,Critical,Yes,4,Critical
C006341,P1363,Electrical,Street Light Not Working,Rajajinagar,2026-07-01,Resolved,23,3,Yes,Low,No,2,Low
C006342,P1574,Health,Increase in Mosquito Density,Bellandur,2026-07-01,Resolved,75,21,No,Medium,No,4,Low
C006343,P1157,Water Supply,No Water Supply,Sadashivanagar,2026-07-01,Assigned,520,129,Yes,High,No,2,Critical
C006344,P2047,Solid Waste Management,Garbage Vehicle Not Arrived,HSR Layout,2026-07-01,Resolved,85,7,No,None,No,4,Low
C006345,P1386,Solid Waste Management,Garbage Not Collected,Bommanahalli,2026-07-01,Resolved,57,62,Yes,Low,No,0.5,Low
C006346,P1138,Drainage,Drain Blockage,Jalahalli,2026-07-01,Closed,261,36,No,Low,Yes,3,Medium
C006347,P0436,Health,Increase in Mosquito Density,Rajarajeshwari Nagar,2026-07-01,Closed,100,2,No,None,Yes,8,Low
C006348,P0142,Others,Illegal Construction,Yelahanka,2026-07-01,Resolved,25,1,No,Low,No,24,Low
C006349,P1917,Water Supply,No Water Supply,Sadashivanagar,2026-07-01,Assigned,,198,Yes,Critical,No,1,Critical
C006350,P0952,Electrical,Street Light Not Working,Chamrajpet,2026-07-01,Closed,80,3,No,High,Yes,1,Medium
C006351,P0704,Health,Increase in Mosquito Density,Hebbal,2026-07-01,Closed,65,7,No,Low,No,2,Medium
C006352,P2144,Public Sanitation,Garbage Burning,Hennur,2026-07-01,Resolved,35,8,No,Low,Yes,4,Low
C006353,P0638,Solid Waste Management,Garbage Not Collected,Bommanahalli,2026-07-01,Closed,50,7,No,Low,No,0.5,Low
C006354,P1386,Street Infrastructure,Damaged Footpath Railing,Bommanahalli,2026-07-01,In Progress,40,4,Yes,High,No,16,High
C006355,P2742,Water Supply,No Water Supply,Sadashivanagar,2026-07-01,Assigned,580,197,Yes,High,,2,Critical
C006356,P2078,Water Supply,No Water Supply,Hennur,2026-07-01,Resolved,390,41,Yes,None,No,4,Medium
C006357,P2602,Health,Increase in Mosquito Density,Sarakki,2026-07-01,Resolved,167,13,No,Medium,No,4,Medium
C006358,P1248,Drainage,Drain Blockage,Gandhinagar,2026-07-01,Resolved,280,2,Yes,Medium,No,12,Medium
C006359,P1929,Road Infrastructure,Road Cutting Not Restored,Dasarahalli,2026-07-01,Verified,95,12,No,Low,Yes,16,Medium
C006360,P1907,Electrical,Street Light Not Working,Nagarbhavi,2026-07-01,Resolved,29,2,No,High,Yes,0.5,Medium
C006361,P2524,Road Maintenance,Road Surface Damage,Peenya,2026-07-02,Closed,15,1,No,High,Yes,8,High
C006362,P2549,Drainage,Drain Overflow,Chamrajpet,2026-07-02,Closed,2359,132,No,Medium,Yes,8,High
C006363,P0998,Solid Waste Management,Garbage Not Collected,Kengeri,2026-07-02,Resolved,590,253,No,None,Yes,2,Medium
C006364,P1536,Water Supply,No Water Supply,Sadashivanagar,2026-07-02,Assigned,773,300,Yes,High,No,2,Critical
C006365,P2516,Solid Waste Management,Garbage Not Collected,Kengeri,2026-07-02,Closed,590,173,No,None,Yes,3,Medium
C006366,P0349,Road Maintenance,Road Surface Damage,Peenya,2026-07-02,Closed,12,1,No,High,Yes,6,High
C006367,P1436,Sewerage,Sewer Line Blockage,Hebbal,2026-07-02,Resolved,130,6,Yes,High,No,4,Medium
C006368,P1950,Drainage,Drain Blockage,Kodigehalli,2026-07-02,Registered,100,20,No,High,Yes,2,Medium
C006369,P0608,Road Infrastructure,Road Encroachment,Ulsoor,2026-07-02,Resolved,203,39,No,None,Yes,8,Low
C006370,P0470,Road Maintenance,Footpath Damage,Mathikere,2026-07-02,Resolved,20,1,No,Medium,Yes,24,Medium
C006371,P0384,Drainage,Drain Overflow,Chamrajpet,2026-07-02,Resolved,2359,94,No,Medium,Yes,8,High
C006372,P0027,Solid Waste Management,Garbage Not Collected,Kengeri,2026-07-02,Resolved,540,212,No,None,Yes,2,Medium
C006373,P2889,Drainage,Drain Blockage,Kodigehalli,2026-07-02,Assigned,70,8,No,High,,2,Medium
C006374,P0651,Solid Waste Management,Sweeping Not Done,Whitefield,2026-07-02,In Progress,850,9,No,None,Yes,2,Low
C006375,P1801,Revenue Department,Property Tax Query,Mathikere,2026-07-02,Closed,1,0,No,Low,No,1,Low
C006376,P0623,Solid Waste Management,Garbage Vehicle Not Arrived,HSR Layout,2026-07-02,Resolved,140,17,No,None,No,4,Low
C006377,P0612,Electrical,Street Light Not Working,Gandhinagar,2026-07-02,Closed,70,5,No,Medium,No,1,Low
C006378,P0573,Electrical,Street Light Not Working,Dasarahalli,2026-07-02,Assigned,70,10,No,High,Yes,1,High
C006379,P0538,Solid Waste Management,Garbage Vehicle Not Arrived,Electronic City,2026-07-02,Closed,95,2,No,Medium,Yes,4,Low
C006380,P1079,Electrical,Street Light Not Working,Dasarahalli,2026-07-02,Assigned,50,7,No,Medium,Yes,1,High
C006381,P2550,Solid Waste Management,Garbage Not Collected,HSR Layout,2026-07-02,Resolved,110,8,No,High,No,1,Low
C006382,P0510,Water Supply,No Water Supply,Sadashivanagar,2026-07-02,Assigned,580,141,Yes,High,No,3,Critical
C006383,P1414,Solid Waste Management,Garbage Dump,Hoodi,2026-07-02,Resolved,142,17,No,Medium,Yes,12,High
C006384,P1312,Public Sanitation,Garbage Burning,Byatarayanapura,2026-07-03,Closed,85,16,No,Medium,Yes,2,Low
C006385,P0610,Health,Increase in Mosquito Density,Vasanthnagar,2026-07-03,Resolved,1057,199,Yes,Medium,No,6,Critical
C006386,P1063,Electrical,Multiple Street Lights Not Working,Mathikere,2026-07-03,Resolved,85,10,No,Medium,Yes,6,Medium
C006387,P0163,Public Sanitation,Public Toilet Not Maintained,Peenya,2026-07-03,Closed,65,22,No,Low,No,12,Low
C006388,P2665,Health,Increase in Mosquito Density,Vasanthnagar,2026-07-03,Closed,960,207,Yes,Medium,No,3,Critical
C006389,P1302,Road Infrastructure,Missing Manhole Cover,Mathikere,2026-07-03,Resolved,20,1,No,Low,No,120,Low
C006390,P0880,Electrical,Multiple Street Lights Not Working,Mathikere,2026-07-03,Resolved,88,9,No,Medium,Yes,4,Medium
C006391,P2543,Solid Waste Management,Sweeping Not Done,Sadashivanagar,2026-07-03,Assigned,620,163,No,Low,Yes,1,Medium
C006392,P1831,Solid Waste Management,Sweeping Not Done,Sadashivanagar,2026-07-03,Assigned,646,221,No,Low,No,1,Medium
C006393,P0216,Solid Waste Management,Garbage Not Collected,Yelahanka,2026-07-03,Resolved,35,4,No,None,Yes,2,Low
C006394,P2449,Water Supply,No Water Supply,Hosahalli,2026-07-03,Closed,1400,208,Yes,Medium,Yes,12,High
C006395,P0668,Drainage,Drain Overflow,Bommanahalli,2026-07-03,Resolved,1100,30,Yes,None,No,4,Medium
C006396,P0421,Electrical,Street Light Not Working,Sarakki,2026-07-03,Resolved,9,2,No,Medium,No,8,Medium
C006397,P2488,Water Supply,No Water Supply,JP Nagar,2026-07-03,Closed,1154,106,Yes,Medium,Yes,12,High
C006398,P2772,Road Maintenance,Pothole,Vijayanagar,2026-07-03,Resolved,200,14,No,High,No,3,Medium
C006399,P0191,Road Maintenance,Pothole,Koramangala,2026-07-03,Assigned,500,17,No,None,Yes,6,Low
C006400,P2172,Public Sanitation,Garbage Burning,Marathahalli,2026-07-03,Resolved,454,26,No,Critical,No,4,High
C006401,P1157,Solid Waste Management,Sweeping Not Done,Sadashivanagar,2026-07-03,Assigned,500,224,No,Low,No,1,Medium
C006402,P2405,Electrical,Street Light Not Working,Rajarajeshwari Nagar,2026-07-03,Resolved,180,27,No,Low,Yes,2,Medium
C006403,P1027,Road Maintenance,Footpath Damage,Mathikere,2026-07-03,Closed,18,1,No,Medium,Yes,24,Medium
C006404,P2591,Road Maintenance,Road Surface Damage,Vijayanagar,2026-07-03,Registered,,24,No,None,No,12,Medium
C006405,P2346,Electrical,Street Light Not Working,Rajarajeshwari Nagar,2026-07-03,Resolved,180,22,No,Low,Yes,2,Medium
C006406,P0311,Water Supply ,No Water Supply,Hennur,2026-07-03,Resolved,330,16,Yes,None,,4,High
C006407,P0055,Solid Waste Management,Garbage Vehicle Not Arrived,Gandhinagar,2026-07-03,Closed,144,19,No,Low,Yes,2,Low
C006408,P0998,Solid Waste Management,Garbage Dump,Kengeri,2026-07-03,In Progress,300,31,,High,No,4,Medium
C006409,P2980,Road Maintenance,Pothole,Vijayanagar,2026-07-03,Resolved,171,28,No,High,No,4,Medium
C006410,P0568,Solid Waste Management,Garbage Not Collected,Kengeri,2026-07-03,Closed,590,414,No,None,Yes,1,Medium
C006411,P0383,Water Supply,No Water Supply,Hosahalli,2026-07-03,Resolved,1300,282,Yes,Medium,Yes,8,Medium
C006412,P0537,Solid Waste Management,Garbage Not Collected,Yelahanka,2026-07-03,Resolved,20,,No,None,Yes,2,Low
C006413,P1510,Public Sanitation,Unclean Public Area,Bellandur,2026-07-03,Resolved,55,2,No,Low,No,2,Low
C006414,P0907,Others,Illegal Construction,Dasarahalli,2026-07-03,Closed,232,5,No,Low,No,24,Low
C006415,P0243,Solid Waste Management,Garbage Dumping in Vacant Site,Mathikere,2026-07-03,Resolved,65,3,No,None,Yes,12,Medium
C006416,P2605,Electrical,Street Light Not Working,Rajajinagar,2026-07-03,Resolved,25,2,No,Low,No,3,Low
C006417,P0721,Street Infrastructure,Damaged Signboard,Sarakki,2026-07-04,In Progress,40,13,No,Medium,No,8,Medium
C006418,P0721,Street Infrastructure,Damaged Signboard,Sarakki,2026-07-04,In Progress,40,13,No,Medium,No,8,Medium
C006419,P2979,Street Infrastructure,Bus Shelter Damaged,Varthur,2026-07-04,Closed,220,5,No,Critical,Yes,8,Critical
C006420,P0596,Solid Waste Management,Garbage Not Collected,Kengeri,2026-07-04,Resolved,830,276,No,None,,2,Medium
C006421,P0918,Health,Increase in Mosquito Density,Dasarahalli,2026-07-04,In Progress,340,60,Yes,Low,,12,Low
C006422,P2952,Public Sanitation,Public Toilet Not Maintained,Rajarajeshwari Nagar,2026-07-04,Resolved,45,1,No,Low,No,6,Medium
C006423,P0878,Solid Waste Management,Garbage Not Collected,Kadugodi,2026-07-04,Closed,220,63,Yes,Low,Yes,4,Medium
C006424,P1616,Electrical,Street Light Not Working,Kodigehalli,2026-07-04,Closed,85,4,No,Medium,No,2,Medium
C006425,P1063,Road Maintenance,Footpath Damage,Mathikere,2026-07-04,Resolved,20,1,No,Medium,Yes,24,Medium
C006426,P1454,Electrical,Street Light Not Working,Sarakki,2026-07-04,Resolved,12,2,Yes,Medium,No,8,Medium
C006427,P0383,Drainage,Drain Blockage,Hosahalli,2026-07-04,Closed,360,30,Yes,Low,Yes,2,Medium
C006428,P1550,Drainage,Drain Blockage,Kodigehalli,2026-07-04,Assigned,91,,No,High,Yes,2,Medium
C006429,P0484,Solid Waste Management,Garbage Vehicle Not Arrived,Gandhinagar,2026-07-04,Resolved,100,13,No,Low,No,2,Low
C006430,P1668,Health,Stray Dog Menace,Padmanabhanagar,2026-07-04,Closed,40,6,No,Medium,Yes,8,High
C006431,P0016,Health,Increase in Mosquito Density,Dasarahalli,2026-07-04,Closed,340,63,Yes,Low,No,16,Low
C006432,P1365,Solid Waste Management,Garbage Not Collected,Sadashivanagar,2026-07-04,Resolved,620,15,Yes,Low,Yes,2,Medium
C006433,P1859,Solid Waste Management,Garbage Not Collected,Dasarahalli,2026-07-04,Resolved,180,9,Yes,None,No,8,Low
C006434,P1367,Water Supply,No Water Supply,JP Nagar,2026-07-04,Closed,1200,137,No,Medium,Yes,12,High
C006435,P2200,Street Infrastructure,Damaged Signboard,Arekere,2026-07-04,Resolved,20,1,No,Low,Yes,,Low
C006436,P2165,Drainage,Drain Overflow,Hennur,2026-07-04,Closed,80,0,No,Low,,12,Medium
C006437,P0412,Solid Waste Management,Garbage Not Collected,Yelahanka,2026-07-04,Closed,45,4,No,None,Yes,1,Low
C006438,P2291,Water Supply,No Water Supply,JP Nagar,2026-07-04,Closed,850,95,Yes,Medium,Yes,12,High
C006439,P2656,Drainage,Drain Blockage,Padmanabhanagar,2026-07-04,Resolved,150,30,Yes,High,Yes,2,High
C006440,P0272,Water Supply,No Water Supply,Hosahalli,2026-07-04,Resolved,1300,205,Yes,Medium,Yes,12,High
C006441,P2089,Drainage,Drain Blockage,Kodigehalli,2026-07-04,Verified,90,9,No,High,Yes,2,Medium
C006442,P2974,Solid Waste Management,Garbage Not Collected,KR Puram,2026-07-04,Resolved,65,6,Yes,Low,Yes,4,Low
C006443,P1454,Health,Public Health Sanitation Issue,Sarakki,2026-07-04,Closed,80,7,No,None,Yes,4,Low
C006444,P0032,Road Infrastructure,Road Cutting Not Restored,Malleshwaram,2026-07-05,Resolved,50,2,No,None,No,6,Low
C006445,P0760,Solid Waste Management,Garbage Not Collected,Kadugodi,2026-07-05,Closed,320,70,Yes,Low,Yes,3,Medium
C006446,P0322,Health,Public Health Sanitation Issue,Sarakki,2026-07-05,Resolved,30,,Yes,Medium,No,4,Medium
C006447,P2967,Health,Public Health Sanitation Issue,Sarakki,2026-07-05,Closed,15,2,Yes,Medium,No,3,Medium
C006448,P1648,Solid Waste Management,Garbage Vehicle Not Arrived,Dasarahalli,2026-07-05,Verified,20,4,No,Medium,Yes,3,High
C006449,P2293,Drainage,Drain Blockage,Hosahalli,2026-07-05,Resolved,833,51,Yes,None,Yes,2,Medium
C006450,P0148,Water Supply,Pipeline Leakage,Anjanapura,2026-07-05,Closed,740,4,Yes,Low,No,16,High
C006451,P2293,Sewerage,Sewer Line Blockage,Hosahalli,2026-07-05,Resolved,20,0,No,Medium,Yes,2,Low
C006452,P0814,Water Supply,No Water Supply,JP Nagar,2026-07-05,Closed,1200,116,Yes,Medium,No,16,High
C006453,P1959,Water Supply,Pipeline Leakage,Anjanapura,2026-07-05,Closed,774,3,Yes,Low,No,16,High
C006454,P0207,Solid Waste Management,Garbage Not Collected,Jayanagar,2026-07-05,Resolved,60,1,No,Low,No,1,Low
C006455,P2706,Others,Stray Cattle on Road,Hoodi,2026-07-05,In Progress,890,146,No,Medium,No,4,Low
C006456,P2706,Others,Stray Cattle on Road,Hoodi,2026-07-05,In Progress,890,146,No,Medium,No,4,Low
C006457,P1903,Solid Waste Management,Garbage Vehicle Not Arrived,Gandhinagar,2026-07-05,Closed,164,17,No,Low,No,2,Low
C006458,P1673,Health,Increase in Mosquito Density,Vasanthnagar,2026-07-05,Resolved,960,186,Yes,Medium,No,4,Critical
C006459,P2547,Public Sanitation,Unclean Public Area,Marathahalli,2026-07-06,Assigned,65,4,No,None,Yes,4,Low
C006460,P0883,Sewerage,Sewage Overflow,Mahadevapura,2026-07-06,Closed,110,17,No,High,Yes,2,High
C006461,P0606,Solid Waste Management,Garbage Vehicle Not Arrived,Dasarahalli,2026-07-06,Assigned,50,11,No,Medium,Yes,4,High
C006462,P2334,Health,Increase in Mosquito Density,Jalahalli,2026-07-06,Closed,120,34,No,Critical,No,12,High
C006463,P1899,Street Infrastructure,Fallen Tree Branch,Ulsoor,2026-07-06,Assigned,2300,114,No,High,No,6,High
C006464,P1312,Electrical,Damaged Street Light,Rajajinagar,2026-07-06,Resolved,10,1,No,High,Yes,4,Medium
C006465,P2197,Road Maintenance,Pothole,Vijayanagar,2026-07-06,Closed,533,21,No,Critical,Yes,12,Critical
C006466,P2578,Road Maintenance,Pothole,Hosahalli,2026-07-06,Closed,65,12,No,Critical,No,8,High
C006467,P1112,Drainage,Drain Blockage,Hosahalli,2026-07-06,Closed,400,41,,None,,2,Medium
C006468,P1112,Drainage,Drain Blockage,Hosahalli,2026-07-06,Registered,400,41,Yes,None,Yes,2,Medium
C006469,P2018,Drainage,Drain Blockage,Padmanabhanagar,2026-07-06,Closed,75,7,Yes,High,Yes,2,High
C006470,P2890,Street Infrastructure,Fallen Tree Branch,BTM Layout,2026-07-06,Closed,140,7,No,Low,Yes,2,Low
C006471,P1896,Street Infrastructure,Fallen Tree Branch,Malleshwaram,2026-07-06,Closed,180,17,Yes,Critical,Yes,3,Medium
C006472,P2985,Solid Waste Management,Garbage Not Collected,Domlur,2026-07-06,Closed,64,7,No,Medium,Yes,3,High
C006473,P0987,Health,Increase in Mosquito Density,Whitefield,2026-07-06,Verified,1000,139,No,Low,No,36,Medium
C006474,P1308,Health,Increase in Mosquito Density,Kadugodi,2026-07-06,Resolved,120,3,Yes,Low,Yes,8,Medium
C006475,P2252,Road Maintenance,Pothole,Vijayanagar,2026-07-06,Closed,533,19,No,Critical,Yes,12,Critical
C006476,P1598,Solid Waste Management,Garbage Not Collected,Domlur,2026-07-06,Resolved,64,5,No,Medium,Yes,2,High
C006477,P0803,Others,Illegal Construction,Electronic City,2026-07-06,Resolved,25,0,No,Low,No,16,Low
C006478,P2921,Public Sanitation,Unclean Public Area,Rajajinagar,2026-07-06,Verified,150,62,No,Medium,No,8,Medium
C006479,P0984,Road Maintenance,Road Maintenance Required,Shivajinagar,2026-07-06,Closed,240,4,No,Low,Yes,8,Low
C006480,P1318,Solid Waste Management,Garbage Not Collected,Bommanahalli,2026-07-06,Closed,750,163,No,None,No,1,Medium
C006481,P1903,Road Maintenance,Pothole,Begur,2026-07-06,Resolved,100,4,No,High,No,8,Medium
C006482,P2420,Health,Increase in Mosquito Density,Jalahalli,2026-07-06,Closed,350,135,Yes,Medium,No,8,High
C006483,P0176,Road Maintenance,Pothole,Vijayanagar,2026-07-06,Closed,610,19,No,Critical,Yes,12,Critical
C006484,P0341,Health,Increase in Mosquito Density,Whitefield,2026-07-06,In Progress,940,108,No,None,No,24,Medium
C006485,P1357,Street Infrastructure,Fallen Tree Branch,Ulsoor,2026-07-06,Verified,2900,139,No,High,No,4,High
C006486,P0806,Road Maintenance,Pothole,Begur,2026-07-06,Resolved,65,2,No,Medium,Yes,8,Medium
C006487,P2504,Solid Waste Management,Garbage Dump,Shantinagar,2026-07-06,Closed,24,1,Yes,Low,No,8,Low
C006488,P2607,Street Infrastructure,Fallen Tree Branch,Malleshwaram,2026-07-06,Closed,140,10,Yes,High,Yes,4,Medium
C006489,P1638,Road Maintenance,Pothole,Hosahalli,2026-07-06,Closed,65,17,No,Critical,No,8,High
C006490,P0381,Water Supply,Pipeline Leakage,Anjanapura,2026-07-06,Resolved,750,3,No,Low,No,12,High
C006491,P1987,Public Sanitation,Unclean Public Area,Hosahalli,2026-07-06,Closed,100,4,No,Low,No,4,Low
C006492,P0349,Sewerage,Sewage Overflow,Electronic City,2026-07-07,Closed,210,13,Yes,Medium,No,8,Medium
C006493,P0665,Road Maintenance,Pothole,Mathikere,2026-07-07,Assigned,60,0,No,Medium,Yes,,Medium
C006494,P0657,Health,Increase in Mosquito Density,Whitefield,2026-07-07,Assigned,1100,,No,None,No,24,Medium
C006495,P2400,Electrical,Street Light Not Working,Malleshwaram,2026-07-07,Resolved,1000,108,No,Low,Yes,8,Medium
C006496,P0787,Road Maintenance,Pothole,Mathikere,2026-07-07,Resolved,25,0,Yes,Medium,Yes,4,Medium
C006497,P1899,Electrical,Electric Pole Damaged,Ulsoor,2026-07-07,Closed,580,41,No,Medium,No,2,Medium
C006498,P2154,Solid Waste Management,Garbage Not Collected,Vijayanagar,2026-07-07,Resolved,520,13,Yes,Critical,No,1,Critical
C006499,P0156,Road Maintenance,Pothole,Mathikere,2026-07-07,In Progress,25,0,No,Low,Yes,4,Medium
C006500,P2162,Health,Stray Dog Menace,Jayanagar,2026-07-07,Resolved,680,170,No,None,Yes,8,High
C006501,P1479,Sewerage,Sewer Line Blockage,Sarakki,2026-07-07,Resolved,209,,No,Low,,12,Medium
C006502,P1133,Road Maintenance,Pothole,Sarakki,2026-07-07,Resolved,180,3,No,High,No,4,High
C006503,P1356,Road Maintenance,Road Surface Damage,Hoodi,2026-07-07,Resolved,630,22,No,Low,No,8,High
C006504,P1138,Health,Increase in Mosquito Density,Jalahalli,2026-07-07,Resolved,237,105,No,High,Yes,12,High
C006505,P0266,Solid Waste Management,Garbage Dump,Nagarbhavi,2026-07-07,Resolved,70,7,Yes,Medium,Yes,6,Medium
C006506,P0678,Solid Waste Management,Garbage Not Collected,Vijayanagar,2026-07-07,Resolved,820,21,Yes,Critical,Yes,0.5,Critical
C006507,P0754,Solid Waste Management,Garbage Not Collected,Bommanahalli,2026-07-07,Closed,480,142,No,None,Yes,0.5,Medium
C006508,P2121,Solid Waste Management,Sweeping Not Done,Bellandur,2026-07-07,Closed,50,7,No,Low,Yes,1,Low
C006509,P0060,Solid Waste Management,Garbage Vehicle Not Arrived,Peenya,2026-07-07,Closed,180,5,Yes,None,Yes,1,Low
C006510,P0371,Public Sanitation,Unclean Public Area,Hosahalli,2026-07-07,Closed,79,4,No,Low,No,4,Low
C006511,P0123,Health,Public Health Sanitation Issue,Kadugodi,2026-07-07,Closed,116,9,Yes,Low,Yes,1,Medium
C006512,P0794,Electrical,Street Light Not Working,Yelahanka,2026-07-07,Closed,15,5,No,High,Yes,6,High
C006513,P0044,Solid Waste Management,Garbage Not Collected,Jayanagar,2026-07-07,Resolved,90,1,No,Low,No,1,Low
C006514,P0860,Drainage,Open Drain,Sarakki,2026-07-07,Closed,,19,Yes,None,No,12,High
C006515,P0841,Road Maintenance,Pothole,Mathikere,2026-07-07,Resolved,25,0,No,Medium,Yes,4,High
C006516,P0655,Road Maintenance,Pothole,Mathikere,2026-07-07,Resolved,25,0,No,Low,Yes,4,Medium
C006517,P2110,Solid Waste Management,Garbage Not Collected,Sarakki,2026-07-07,Closed,150,0,Yes,Low,Yes,3,Medium
C006518,P0842,Solid Waste Management,Garbage Vehicle Not Arrived,Rajarajeshwari Nagar,2026-07-07,Resolved,39,2,Yes,Low,No,1,Low
C006519,P2777,Street Infrastructure,Fallen Tree Branch,Ulsoor,2026-07-07,Verified,2300,74,No,High,No,4,High
C006520,P2510,Road Maintenance,Road Surface Damage,Hoodi,2026-07-07,Closed,630,19,No,Medium,No,16,High
C006521,P2708,Revenue Department,Khata Related Issue,Ulsoor,2026-07-07,Closed,3,1,No,None,No,0.5,Low
C006522,P2063,Solid Waste Management,Garbage Not Collected,Vijayanagar,2026-07-07,Resolved,520,14,Yes,Critical,No,1,Critical
C006523,P2063,Solid Waste Management,Garbage Not Collected,Vijayanagar,2026-07-07,Resolved,520,14,Yes,Critical,No,1,Critical
C006524,P0830,Road Maintenance,Pothole,Hosahalli,2026-07-07,Resolved,65,16,No,Critical,No,6,High
C006525,P2766,Solid Waste Management,Garbage Not Collected,Sarakki,2026-07-08,Closed,158,0,Yes,Low,Yes,2,Medium
C006526,P1664,Sewerage,Sewer Line Blockage,Ulsoor,2026-07-08,Closed,140,10,No,Medium,No,8,High
C006527,P2564,Drainage,Drain Overflow,Sadashivanagar,2026-07-08,Closed,54,5,Yes,Critical,No,4,High
C006528,P0436,Road Maintenance,Road Maintenance Required,Padmanabhanagar,2026-07-08,Assigned,12,0,No,None,No,4,Low
C006529,P2595,Electrical,Exposed Electrical Wires,Mahadevapura,2026-07-08,Closed,15,4,No,Critical,No,1,High
C006530,P2246,Health,Increase in Mosquito Density,Kadugodi,2026-07-08,Closed,175,5,No,Low,Yes,8,Medium
C006531,P1455,Sewerage,Sewage Overflow ,Electronic City,2026-07-08,Closed,210,16,Yes,Medium,No,8,Medium
C006532,P2799,Road Maintenance,Pothole,Padmanabhanagar,2026-07-08,In Progress,500,4,No,High,No,2,Medium
C006533,P1275,Solid Waste Management,Garbage Vehicle Not Arrived,Peenya,2026-07-08,Resolved,130,5,Yes,None,Yes,1,Low
C006534,P2039,Sewerage,Sewage Overflow,Shivajinagar,2026-07-08,Closed,139,14,Yes,Low,No,12,Medium
C006535,P2226,Solid Waste Management,Garbage Dumping in Vacant Site,Basavanagudi,2026-07-08,Assigned,260,4,No,Medium,Yes,,Low
C006536,P1674,Solid Waste Management,Garbage Dump,Nagarbhavi,2026-07-08,Closed,65,7,Yes,Medium,Yes,8,Medium
C006537,P0554,Sewerage,Sewer Line Blockage,Ulsoor,2026-07-08,Closed,127,6,No,Medium,Yes,8,Medium
C006538,P2215,Road Maintenance,Pothole,Begur,2026-07-08,Resolved,100,4,No,High,Yes,8,Medium
C006539,P2861,Solid Waste Management,Garbage Not Collected,Sarakki,2026-07-08,Closed,240,0,Yes,Low,Yes,2,Medium
C006540,P1163,Health,Increase in Mosquito Density,Indiranagar,2026-07-08,Closed,370,56,Yes,Medium,No,3,Medium
C006541,P1979,Drainage,Damaged Drain,Kodigehalli,2026-07-08,Resolved,80,15,No,High,No,36,Medium
C006542,P0860,Solid Waste Management,Garbage Not Collected,Sarakki,2026-07-08,Resolved,150,0,,Medium,Yes,2,Medium
C006543,P1479,Solid Waste Management,Garbage Not Collected,Sarakki,2026-07-08,Resolved,150,0,Yes,Low,Yes,2,Medium
C006544,P1702,Road Maintenance,Pothole,Vijayanagar,2026-07-08,Resolved,380,12,No,Critical,Yes,16,Critical
C006545,P1541,Solid Waste Management,Garbage Vehicle Not Arrived,Rajarajeshwari Nagar,2026-07-08,Resolved,40,2,Yes,Low,No,1,Low
C006546,P2440,Drainage,Damaged Drain,Varthur,2026-07-08,Resolved,80,4,No,Medium,Yes,12,Medium
C006547,P1123,Sewerage,Sewer Line Blockage,Ulsoor,2026-07-08,Resolved,70,4,No,Medium,Yes,8,Medium
C006548,P1123,Sewerage,Sewer Line Blockage,Ulsoor,2026-07-08,Resolved,70,4,No,Medium,Yes,8,Medium
C006549,P1735,Solid Waste Management,Garbage Not Collected,Domlur,2026-07-08,Closed,64,6,Yes,Medium,Yes,,High
C006550,P2105,Drainage,Drain Blockage,Malleshwaram,2026-07-08,Resolved,140,6,No,None,No,4,Low
C006551,P1908,Road Infrastructure,Road Cutting Not Restored,Basavanagudi,2026-07-08,Assigned,40,1,No,Low,No,8,Medium
C006552,P2530,Sewerage,Sewage Overflow,Shivajinagar,2026-07-08,Resolved,130,15,Yes,Low,No,12,Medium
C006553,P0313,Solid Waste Management,Garbage Not Collected,Bommanahalli,2026-07-08,Resolved,470,99,No,Low,No,1,Medium
C006554,P2976,Public Sanitation,Unclean Public Area,Rajajinagar,2026-07-08,Assigned,150,46,No,Medium,No,8,Medium
C006555,P2937,Road Maintenance,Pothole,Sadashivanagar,2026-07-08,Resolved,40,4,No,Medium,Yes,4,Low
C006556,P0785,Health,Public Health Sanitation Issue,Rajajinagar,2026-07-08,Closed,530,97,Yes,Critical,No,3,Critical
C006557,P0781,Road Maintenance,Pothole,Shivajinagar,2026-07-08,Resolved,75,3,No,Medium,Yes,4,Low
C006558,P1329,Drainage,Drain Blockage,Malleshwaram,2026-07-08,Closed,168,5,No,None,No,4,Low
C006559,P0908,Road Infrastructure,Road Cutting Not Restored,Mathikere,2026-07-08,In Progress,95,,No,None,Yes,4,Low
C006560,P2260,Solid Waste Management,Garbage Not Collected,Ulsoor,2026-07-08,Resolved,75,6,No,None,Yes,4,Low
C006561,P1899,Solid Waste Management,Garbage Not Collected,Ulsoor,2026-07-08,Resolved,55,3,No,Low,Yes,4,Low
C006562,P1618,Solid Waste Management,Garbage Vehicle Not Arrived,Sadashivanagar,2026-07-08,Closed,35,0,No,None,Yes,4,Low
C006563,P0536,Health,Increase in Mosquito Density,Bellandur,2026-07-08,Resolved,150,21,No,Medium,Yes,2,Medium
C006564,P2291,Street Infrastructure,Fallen Tree Branch,BTM Layout,2026-07-08,Closed,140,7,No,Low,No,3,Low
C006565,P2594,Road Maintenance,Pothole,Hoodi,2026-07-08,Assigned,80,1,No,Medium,Yes,4,Medium
C006566,P1562,Solid Waste Management,Garbage Not Collected,Sarakki,2026-07-08,Resolved,150,0,Yes,Low,Yes,2,Medium
C006567,P0742,Drainage,Drain Blockage,Banaswadi,2026-07-08,Resolved,25,2,Yes,Critical,No,8,Critical
C006568,P2408,Road Maintenance,Pothole,Shivajinagar,2026-07-08,Closed,65,3,No,Low,Yes,3,Low
C006569,P2963,Drainage,Drain Overflow,Mathikere,2026-07-09,Assigned,190,17,Yes,High,Yes,4,High
C006570,P1702,Solid Waste Management,Garbage Not Collected,Vijayanagar,2026-07-09,Closed,380,10,Yes,Critical,No,1,Critical
C006571,P0063,Road Maintenance,Pothole,Whitefield,2026-07-09,Closed,70,2,No,High,Yes,8,Medium
C006572,P0899,Health,Increase in Mosquito Density,Shantinagar,2026-07-09,Resolved,948,160,Yes,Low,No,6,Medium
C006573,P2732,Electrical,Electric Pole Damaged,Varthur,2026-07-09,Closed,100,9,No,Critical,No,8,High
C006574,P0185,Road Maintenance,Road Surface Damage,Hennur,2026-07-09,Resolved,130,36,No,Medium,Yes,4,Medium
C006575,P2773,Health,Increase in Mosquito Density,Shantinagar,2026-07-09,Closed,948,63,Yes,Medium,No,6,High
C006576,P1548,Drainage,Damaged Drain,Chamrajpet,2026-07-09,In Progress,16,2,Yes,Low,No,12,Low
C006577,P1899,Sewerage,Sewer Line Blockage,Ulsoor,2026-07-09,In Progress,127,14,No,Medium,Yes,8,Medium
C006578,P1022,Road Maintenance,Road Surface Damage,Sarakki,2026-07-09,Resolved,260,13,,Low,No,12,Medium
C006579,P2620,Road Maintenance,Road Surface Damage,Hoodi,2026-07-09,Resolved,460,12,Yes,High,No,12,High
C006580,P1194,Street Infrastructure,Street Light Not Working,Koramangala,2026-07-09,Resolved,160,5,No,Low,Yes,0.5,Medium
C006581,P0369,Health,Increase in Mosquito Density,Shantinagar,2026-07-09,Closed,1000,91,Yes,None,No,8,High
C006582,P0475,Road Maintenance,Road Surface Damage,Sarakki,2026-07-09,Resolved,260,8,No,Medium,No,12,Low
C006583,P1800,Water Supply,Pipeline Leakage,Mahadevapura,2026-07-09,Closed,25,6,Yes,Low,Yes,16,High
C006584,P1746,Health,Public Health Sanitation Issue,Yelahanka,2026-07-09,Verified,130,16,Yes,High,No,2,High
C006585,P1950,Drainage,Damaged Drain,Kodigehalli,2026-07-09,Closed,65,18,No,Low,Yes,24,Medium
C006586,P0191,Electrical,Street Light Not Working,Koramangala,2026-07-09,Resolved,160,4,No,Low,Yes,1,Medium
C006587,P1054,Road Maintenance,Road Maintenance Required,Padmanabhanagar,2026-07-09,Verified,12,0,No,None,Yes,4,Low
C006588,P2749,Drainage,Drain Overflow,Kodigehalli,2026-07-09,Resolved,,25,No,Low,Yes,3,Medium
C006589,P2980,Solid Waste Management,Garbage Not Collected,Vijayanagar,2026-07-09,Resolved,520,17,Yes,Critical,No,1,Critical
C006590,P0612,Solid Waste Management,Garbage Dump,Mathikere,2026-07-09,In Progress,45,0,No,None,Yes,8,Low
C006591,P1950,Drainage,Drain Overflow,Kodigehalli,2026-07-09,Resolved,340,35,No,Medium,Yes,4,Medium
C006592,P0675,Sewerage,Sewage Overflow,Bellandur,2026-07-09,Closed,240,3,Yes,None,Yes,8,High
C006593,P2401,Solid Waste Management,Garbage Not Collected,Vijayanagar,2026-07-09,Resolved,520,15,Yes,Critical,No,1,Critical
C006594,P0966,Road Maintenance,Pothole,Bellandur,2026-07-09,Verified,45,8,No,High,Yes,2,High
C006595,P2282,Others,Illegal Construction,Ulsoor,2026-07-09,In Progress,70,2,No,High,No,8,High
C006596,P0043,Road Infrastructure,Road Cutting Not Restored,Hoodi,2026-07-09,Assigned,60,6,No,None,No,16,Low
C006597,P1022,Road Maintenance,Pothole,Sarakki,2026-07-09,Closed,180,5,No,High,No,4,High
C006598,P2236,Drainage,Drain Blockage,Malleshwaram,2026-07-09,Resolved,180,6,No,,No,6,Low
C006599,P2291,Street Infrastructure,Fallen Tree Branch,BTM Layout,2026-07-09,Closed,140,7,No,Low,No,3,Low
C006600,P1272,Sewerage,Sewage Overflow,Shivajinagar,2026-07-09,Resolved,130,,Yes,Low,No,12,Medium
C006601,P2535,Sewerage,Manhole Overflow,Shivajinagar,2026-07-09,Closed,110,5,Yes,Low,Yes,3,Low
C006602,P2358,Road Maintenance,Road Surface Damage,Padmanabhanagar,2026-07-09,Verified,170,0,No,Low,No,8,Medium
C006603,P1054,Road Maintenance,Pothole,Padmanabhanagar,2026-07-09,In Progress,720,,No,High,No,3,Medium
C006604,P2559,Road Maintenance,Pothole,Mathikere,2026-07-09,Closed,120,4,No,Critical,Yes,8,Medium
C006605,P0264,Water Supply,Pipeline Leakage,Mahadevapura,2026-07-09,Resolved,25,5,Yes,Low,Yes,36,High
C006606,P0197,Health,Increase in Mosquito Density,Shantinagar,2026-07-09,Closed,1200,174,Yes,Low,No,6,High
C006607,P2696,Sewerage,Sewage Overflow,Bellandur,2026-07-09,In Progress,240,3,Yes,None,Yes,8,High
C006608,P1265,Road Infrastructure,Road Cutting Not Restored,Basavanagudi,2026-07-10,Assigned,45,1,No,Low,No,8,Medium
C006609,P1403,Solid Waste Management,Garbage Vehicle Not Arrived,Peenya,2026-07-10,Closed,10,0,No,None,Yes,4,Low
C006610,P2384,Solid Waste Management,Garbage Dump,Shantinagar,2026-07-10,Closed,35,6,No,Medium,Yes,12,Low
C006611,P0349,Solid Waste Management,Garbage Vehicle Not Arrived,Peenya,2026-07-10,Closed,10,0,No,None,Yes,4,Low
C006612,P0469,Road Maintenance,Road Surface Damage,Ulsoor,2026-07-10,Closed,260,87,No,High,Yes,8,Critical
C006613,P2438,Drainage,Damaged Drain,Sarakki,2026-07-10,Closed,55,10,No,Medium,No,24,Low
C006614,P0714,Road Maintenance,Pothole,Padmanabhanagar,2026-07-10,In Progress,500,4,No,High,No,2,Medium
C006615,P0217,Drainage,Drain Blockage,Malleshwaram,2026-07-10,Resolved,120,3,No,None,No,3,Low
C006616,P0232,Road Maintenance,Pothole,Whitefield,2026-07-10,In Progress,91,5,No,High,Yes,8,Medium
C006617,P1473,Health,Public Health Sanitation Issue,Yelahanka,2026-07-10,Verified,90,14,Yes,High,No,2,High
C006618,P1618,Health,Increase in Mosquito Density,Shantinagar,2026-07-10,Resolved,1625,364,Yes,Low,No,6,High
C006619,P0651,Road Maintenance,Road Surface Damage,Whitefield,2026-07-10,Closed,180,17,No,Low,Yes,8,High
C006620,P0297,Road Maintenance,Road Surface Damage,Ulsoor,2026-07-10,Resolved,260,48,No,High,,8,Critical
C006621,P0956,Road Maintenance,Road Surface Damage,Ulsoor,2026-07-10,Closed,260,42,No,Medium,Yes,,Critical
C006622,P2737,Drainage,Drain Overflow,Mathikere,2026-07-10,Assigned,190,34,Yes,High,Yes,3,Critical
C006623,P0962,Solid Waste Management,Garbage Vehicle Not Arrived,Peenya,2026-07-10,Closed,10,0,No,None,Yes,4,Low
C006624,P0521,Revenue Department,Khata Related Issue,Kadugodi,2026-07-10,Resolved,8,1,No,Low,Yes,2,Low
C006625,P0704,Road Maintenance,Road Surface Damage,Bellandur,2026-07-10,Resolved,130,17,No,Low,Yes,8,Medium
C006626,P2444,Road Maintenance,Pothole,Bellandur,2026-07-10,Assigned,20,1,No,Medium,Yes,4,Low
C006627,P0557,Solid Waste Management,Garbage Dump,Shantinagar,2026-07-10,Closed,40,4,No,Medium,Yes,6,Low
C006628,P1199,Solid Waste Management,Sweeping Not Done,Shantinagar,2026-07-10,Resolved,40,3,Yes,Medium,No,2,Medium
C006629,P1697,Road Maintenance,Pothole,Bellandur,2026-07-10,Assigned,20,1,No,High,Yes,4,Low
C006630,P1517,Solid Waste Management,Garbage Vehicle Not Arrived,Sadashivanagar,2026-07-10,Closed,30,0,No,None,,4,Low
C006631,P2089,Drainage,Damaged Drain,Kodigehalli,2026-07-10,Closed,55,18,No,None,Yes,24,Medium
C006632,P2423,Water Supply,Pipeline Leakage,Marathahalli,2026-07-10,In Progress,719,94,Yes,None,Yes,8,Medium
C006633,P2708,Sewerage,Sewer Line Blockage,Ulsoor,2026-07-10,Closed,140,10,No,Low,Yes,8,Medium
C006634,P0714,Road Maintenance,Road Surface Damage,Padmanabhanagar,2026-07-10,Verified,420,2,No,Low,No,8,Medium
C006635,P2691,Electrical,Exposed Electrical Wires,Hosahalli,2026-07-10,Resolved,5,1,No,Critical,No,6,High
C006636,P2691,Drainage,Drain Overflow,Hosahalli,2026-07-10,Closed,170,11,Yes,High,Yes,12,High
C006637,P0626,Road Maintenance,Pothole,Padmanabhanagar,2026-07-10,In Progress,320,3,No,High,No,2,Medium
C006638,P2315,Road Maintenance,Road Surface Damage,Whitefield,2026-07-10,Closed,180,,No,Medium,Yes,6,High
C006639,P1593,Road Maintenance,Pothole,Rajarajeshwari Nagar,2026-07-10,Resolved,120,2,Yes,Medium,No,6,Low
C006640,P2737,Electrical,Exposed Electrical Wires,Mathikere,2026-07-10,Closed,32,7,No,High,No,6,Medium
C006641,P1653,Sewerage,Manhole Overflow,Shivajinagar,2026-07-10,Closed,110,7,Yes,Low,Yes,1,Low
C006642,P1145,Road Infrastructure,Road Cutting Not Restored,Kadugodi,2026-07-11,Resolved,60,4,Yes,Low,Yes,16,Low
C006643,P1899,Health,Public Health Sanitation Issue,Yelahanka,2026-07-11,Verified,130,16,Yes,High,No,2,High
C006644,P2451,Solid Waste Management,Garbage Dump,Chickpet,2026-07-11,Resolved,210,39,Yes,Low,No,12,Medium
C006645,P1311,Electrical,Damaged Street Light,Domlur,2026-07-11,Resolved,20,2,No,Low,Yes,,Low
C006646,P2311,Solid Waste Management,Garbage Dump,Mathikere,2026-07-11,Assigned,55,0,No,None,Yes,8,Low
C006647,P2250,Electrical,Street Light Not Working,Koramangala,2026-07-11,Resolved,160,5,No,Low,Yes,0.5,Medium
C006648,P1903,Street Infrastructure,Bus Shelter Damaged,Begur,2026-07-11,Resolved,8,3,No,Low,No,6,Low
C006649,P1091,Public Sanitation,Public Toilet Not Maintained,JP Nagar,2026-07-11,In Progress,140,11,Yes,Low,No,12,Medium
C006650,P2069,Road Maintenance,Pothole,Bellandur,2026-07-11,Assigned,45,8,No,Critical,Yes,2,High
C006651,P0606,Revenue Department,Khata Related Issue,BTM Layout,2026-07-11,Closed,4,1,No,None,Yes,0.5,Low
C006652,P0711,Electrical,Street Light Not Working,Koramangala,2026-07-11,Resolved,160,4,No,Low,Yes,0.5,Medium
C006653,P2708,Drainage,Drain Blockage,Ulsoor,2026-07-11,Closed,180,30,Yes,Low,Yes,3,Medium
C006654,P1588,Drainage,Drain Overflow,Varthur,2026-07-11,Closed,180,20,Yes,High,No,12,Critical
C006655,P2675,Drainage,Drain Overflow,Varthur,2026-07-11,Resolved,200,24,Yes,Medium,No,12,Critical
C006656,P1467,Solid Waste Management,Garbage Vehicle Not Arrived,Peenya,2026-07-11,Closed,10,0,No,Low,Yes,4,Low
C006657,P0460,Health,Increase in Mosquito Density,Shantinagar,2026-07-11,Closed,948,155,Yes,Medium,No,6,High
C006658,P0460,Health,Increase in Mosquito Density,Shantinagar,2026-07-11,Closed,948,155,Yes,Medium,No,6,High
C006659,P1899,Drainage,Drain Blockage,Ulsoor,2026-07-11,Resolved,180,20,Yes,Low,No,4,Medium
C006660,P1642,Road Maintenance,Pothole,Bellandur,2026-07-12,In Progress,130,15,No,High,Yes,4,High
C006661,P1643,Health,Increase in Mosquito Density,Rajajinagar,2026-07-12,In Progress,570,130,Yes,Low,No,8,High
C006662,P0899,Solid Waste Management,Garbage Dump,Shantinagar,2026-07-12,Resolved,30,5,No,Medium,Yes,6,Low
C006663,P0869,Solid Waste Management,Garbage Vehicle Not Arrived,Peenya,2026-07-12,Closed,8,0,No,None,Yes,4,Low
C006664,P0825,Road Maintenance,Pothole,Bellandur,2026-07-12,In Progress,104,21,No,High,Yes,4,High
C006665,P2523,Water Supply,Pipeline Leakage,BTM Layout,2026-07-12,In Progress,130,4,No,Medium,Yes,36,Low
C006666,P1920,Road Maintenance,Pothole,Bellandur,2026-07-12,Verified,45,6,No,High,Yes,3,High
C006667,P2741,Road Infrastructure,Road Cutting Not Restored,Basavanagudi,2026-07-12,Assigned,45,1,Yes,Low,No,8,Medium
C006668,P2070,Electrical,Street Light Not Working,Mathikere,2026-07-12,Assigned,19,3,No,Low,Yes,1,Medium
C006669,P0899,Solid Waste Management,Garbage Dumping in Vacant Site,Shantinagar,2026-07-12,Closed,45,14,No,Low,No,12,Low
C006670,P0899,Solid Waste Management,Garbage Dumping in Vacant Site,Shantinagar,2026-07-12,Closed,45,14,No,Low,No,12,Low
C006671,P0890,Street Infrastructure,Damaged Signboard,Hosahalli,2026-07-12,Closed,12,0,No,Low,Yes,6,Low
C006672,P0269,Drainage,Drain Blockage,Dasarahalli,2026-07-12,Closed,35,4,Yes,Low,Yes,12,Medium
C006673,P1129,Electrical,Electric Pole Damaged,Marathahalli,2026-07-12,In Progress,40,2,No,Low,No,2,Low
C006674,P1619,Health,Increase in Mosquito Density,Rajajinagar,2026-07-12,Assigned,275,95,Yes,Low,No,12,High
C006675,P1273,Electrical,Damaged Street Light,Rajajinagar,2026-07-12,Resolved,25,2,No,High,No,3,Medium
C006676,P1273,Electrical,Damaged Street Light,Rajajinagar,2026-07-12,Registered,,2,No,High,No,3,Medium
C006677,P0659,Public Sanitation,Unclean Public Area,Peenya,2026-07-12,Resolved,190,34,No,None,,4,Low
C006678,P0057,Road Maintenance,Road Surface Damage,Ulsoor,2026-07-12,Closed,260,50,No,High,Yes,8,Critical
C006679,P0057,Road Maintenance,Road Surface Damage,Ulsoor,2026-07-12,Closed,180,50,No,Critical,Yes,8,Critical
C006680,P2183,Road Maintenance,Road Surface Damage,Hennur,2026-07-12,Closed,138,25,No,Medium,Yes,4,Medium
C006681,P0816,Drainage,Drain Blockage,Dasarahalli,2026-07-12,Resolved,35,2,Yes,None,Yes,12,Medium
C006682,P1275,Solid Waste Management,Garbage Vehicle Not Arrived,Peenya,2026-07-12,Resolved,15,0,No,Low,Yes,3,Low
C006683,P1626,Drainage,Drain Blockage,Chamrajpet,2026-07-12,In Progress,25,4,Yes,Low,Yes,8,Medium
C006684,P1626,Drainage,Drain Blockage,Chamrajpet,2026-07-12,In Progress,25,4,Yes,Low,Yes,8,Medium
C006685,P2897,Street Infrastructure,Fallen Tree Branch,Hennur,2026-07-12,Resolved,15,2,No,High,No,3,Medium
C006686,P2897,Street Infrastructure,Fallen Tree Branch,Hennur,2026-07-12,Resolved,15,2,No,High,No,3,Medium
C006687,P0645,Road Maintenance,Pothole,Bellandur,2026-07-12,Assigned,30,8,No,High,Yes,2,High
C006688,P0098,Water Supply,No Water Supply,Ulsoor,2026-07-12,Closed,550,77,Yes,Low,Yes,4,Medium
C006689,P1588,Drainage,Drain Overflow,Varthur,2026-07-12,Closed,510,10,No,High,Yes,8,Medium
C006690,P0756,Drainage,Damaged Drain,Indiranagar,2026-07-12,Resolved,36,6,Yes,Medium,No,12,Medium
C006691,P0756,Drainage,Damaged Drain,Indiranagar,2026-07-12,Resolved,25,6,Yes,Medium,No,12,Medium
C006692,P2681,Water Supply,No Water Supply,Ulsoor,2026-07-12,Resolved,320,33,Yes,None,Yes,4,Medium
C006693,P1100,Water Supply,No Water Supply,Ulsoor,2026-07-12,In Progress,480,75,Yes,None,Yes,4,Medium
C006694,P0865,Health,Increase in Mosquito Density,Kengeri,2026-07-12,Resolved,160,9,No,Medium,No,4,Medium
C006695,P2120,Drainage,Drain Overflow,Hosahalli,2026-07-12,Closed,170,17,Yes,High,Yes,12,High
C006696,P2099,Water Supply,No Water Supply,Ulsoor,2026-07-12,Closed,276,30,Yes,None,Yes,4,Medium
C006697,P0436,Revenue Department,Property Tax Query,Padmanabhanagar,2026-07-12,In Progress,2,0,No,None,Yes,1,Low
C006698,P0349,Sewerage,Drain Blockage,Electronic City,2026-07-12,Resolved,55,3,Yes,Low,No,4,Low
C006699,P1624,Drainage,Drain Blockage,Dasarahalli,2026-07-12,Closed,35,2,Yes,Low,Yes,12,Medium
C006700,P1401,Health,Increase in Mosquito Density,Kengeri,2026-07-12,Resolved,220,23,Yes,Low,No,6,Medium
C006701,P0439,Solid Waste Management,Sweeping Not Done,Yelahanka,2026-07-13,In Progress,6,0,Yes,None,Yes,2,Low
C006702,P0952,Drainage,Drain Overflow,Electronic City,2026-07-13,In Progress,220,15,No,Low,No,24,Medium
C006703,P1021,Road Maintenance,Road Surface Damage,Padmanabhanagar,2026-07-13,Closed,230,8,No,High,No,4,High
C006704,P1570,Electrical,Damaged Street Light,Mathikere,2026-07-13,Resolved,5,0,No,Medium,No,4,Medium
C006705,P2740,Solid Waste Management,Garbage Dump,Sadashivanagar,2026-07-13,Resolved,72,6,No,Low,No,12,Low
C006706,P2205,Road Maintenance,Pothole,Bellandur,2026-07-13,In Progress,120,17,No,High,No,4,High
C006707,P2017,Sewerage,Sewage Overflow,Electronic City,2026-07-13,Resolved,9,0,No,High,Yes,12,Medium
C006708,P2512,Health,Increase in Mosquito Density,Rajajinagar,2026-07-13,Assigned,290,73,Yes,None,No,8,High
C006709,P1615,Sewerage,Sewage Overflow,Sarakki,2026-07-13,Closed,840,191,No,High,No,8,Critical
C006710,P0101,Water Supply,No Water Supply,Jalahalli,2026-07-13,Closed,470,60,Yes,Medium,No,3,High
C006711,P0386,Drainage,Damaged Drain,Indiranagar,2026-07-13,Closed,44,5,Yes,Medium,No,12,Medium
C006712,P1592,Road Maintenance,Pothole,Basavanagudi,2026-07-13,Resolved,167,5,Yes,High,No,1,Medium
C006713,P1335,Road Maintenance,Pothole,Byatarayanapura,2026-07-13,In Progress,203,55,No,Medium,No,4,High
C006714,P0466,Sewerage,Sewage Overflow,Sarakki,2026-07-13,Resolved,470,114,No,High,No,8,Critical
C006715,P0466,Sewerage,Sewage Overflow,Sarakki,2026-07-13,Resolved,470,114,No,High,No,8,Critical
C006716,P0529,Water Supply,No Water Supply,Ulsoor,2026-07-13,Closed,320,51,Yes,None,Yes,4,Medium
C006717,P0769,Solid Waste Management,Sweeping Not Done,Yelahanka,2026-07-13,In Progress,4,0,Yes,Low,Yes,1,Low
C006718,P1312,Health,Increase in Mosquito Density,Rajajinagar,2026-07-13,In Progress,240,64,Yes,Low,No,6,High
C006719,P0711,Electrical,Street Light Not Working,Koramangala,2026-07-13,Resolved,160,4,No,Low,Yes,0.5,Medium
C006720,P2212,Road Maintenance,Footpath Damage,Hosahalli,2026-07-13,Resolved,50,5,No,None,Yes,12,Low
C006721,P1575,Road Maintenance,Road Maintenance Required,Ulsoor,2026-07-13,Closed,101,10,No,Medium,No,4,Low
C006722,P0093,Sewerage,Manhole Overflow,Rajajinagar,2026-07-13,Closed,160,,No,Medium,No,4,Medium
C006723,P0177,Water Supply,Water Leakage,Rajajinagar,2026-07-13,Closed,150,20,No,Medium,Yes,2,Medium
C006724,P2946,Water Supply,No Water Supply,Jalahalli,2026-07-13,Closed,270,,Yes,Medium,No,1,High
C006725,P1720,Sewerage,Sewage Overflow,Sarakki,2026-07-13,Resolved,470,115,No,High,No,8,Critical
C006726,P1570,Road Maintenance,Pothole,Mathikere,2026-07-13,Closed,20,3,No,Critical,Yes,6,Critical
C006727,P2113,Water Supply,Pipeline Leakage,BTM Layout,2026-07-13,In Progress,75,,No,Medium,Yes,16,Medium
C006728,P1021,Revenue Department,Property Tax Query,Padmanabhanagar,2026-07-13,Closed,2,0,No,None,Yes,1,Low
C006729,P0708,Drainage,Drain Overflow,Electronic City,2026-07-13,Closed,220,11,No,Low,No,24,Medium
C006730,P0184,Road Maintenance,Road Surface Damage,Hosahalli,2026-07-13,Resolved,110,3,No,Medium,Yes,12,Low
C006731,P2501,Health,Increase in Mosquito Density,Rajajinagar,2026-07-13,In Progress,290,98,Yes,Low,No,8,High
C006732,P0608,Street Infrastructure,Damaged Footpath Railing,Ulsoor,2026-07-13,Resolved,70,11,No,Low,No,8,Low
C006733,P0347,Drainage,Drain Overflow,Electronic City,2026-07-13,Resolved,220,12,No,Low,No,,Medium
C006734,P1661,Road Maintenance,Pothole,Basavanagudi,2026-07-13,Closed,110,4,Yes,High,No,2,High
C006735,P1899,Water Supply,No Water Supply,Ulsoor,2026-07-13,Resolved,340,41,Yes,None,Yes,4,Medium
C006736,P0820,Solid Waste Management,Garbage Dump,Sadashivanagar,2026-07-13,Closed,65,6,No,Low,No,8,Low
C006737,P2991,Sewerage,Sewage Overflow,Sarakki,2026-07-13,Resolved,470,112,No,High,No,8,Critical
C006738,P0979,Solid Waste Management,Garbage Vehicle Not Arrived,HSR Layout,2026-07-13,Closed,160,2,Yes,Low,Yes,2,Medium
C006739,P1074,Solid Waste Management,Garbage Dump,Sadashivanagar,2026-07-13,Resolved,64,9,Yes,Low,No,8,Low
C006740,P1584,Health,Increase in Mosquito Density,Koramangala,2026-07-13,Resolved,820,73,No,None,Yes,12,Medium
C006741,P0647,Drainage,Drain Blockage,Hoodi,2026-07-13,Resolved,930,68,Yes,Low,No,8,High
C006742,P2572,Road Maintenance,Pothole,Malleshwaram,2026-07-13,Resolved,56,2,No,Low,Yes,,Low
C006743,P1177,Electrical,Street Light Not Working,Chickpet,2026-07-14,Closed,25,3,No,Critical,No,0.5,High
C006744,P1075,Electrical,Electric Pole Damaged,Banaswadi,2026-07-14,In Progress,35,3,No,Critical,No,8,High
C006745,P0191,Health,Increase in Mosquito Density,Koramangala,2026-07-14,Resolved,820,84,No,None,,12,Medium
C006746,P0412,Solid Waste Management,Sweeping Not Done,Yelahanka,2026-07-14,In Progress,6,1,Yes,None,No,1,Low
C006747,P0084,Road Maintenance,Road Maintenance Required,Mahadevapura,2026-07-14,Verified,33,4,No,High,Yes,4,High
C006748,P1103,Electrical,Street Light Not Working,Chickpet,2026-07-14,Resolved,30,3,No,Critical,No,1,Medium
C006749,P1690,Health,Increase in Mosquito Density,Koramangala,2026-07-14,Closed,820,64,No,None,Yes,12,Medium
C006750,P2291,Road Maintenance,Road Surface Damage,BTM Layout,2026-07-14,Resolved,280,64,No,High,No,12,High
C006751,P1895,Sewerage,Sewer Line Blockage,Yeshwanthpur,2026-07-14,Resolved,87,5,Yes,High,No,12,Medium
C006752,P2955,Drainage,Drain Blockage,Chamrajpet,2026-07-14,In Progress,20,2,Yes,None,No,8,Medium
C006753,P2595,Road Maintenance,Road Maintenance Required,Mahadevapura,2026-07-14,Assigned,45,,No,High,Yes,4,High
C006754,P1119,Sewerage,Sewer Line Blockage,Chickpet,2026-07-14,Closed,210,6,Yes,Medium,No,2,Medium
C006755,P2205,Electrical,Exposed Electrical Wires,Bellandur,2026-07-14,Closed,15,,No,Medium,Yes,2,High
C006756,P1822,Sewerage,Sewer Line Blockage,Chickpet,2026-07-14,Resolved,190,9,Yes,Low,No,2,Medium
C006757,P0878,Road Maintenance,Road Surface Damage,Kadugodi,2026-07-14,Closed,55,0,No,High,Yes,4,Medium
C006758,P1113,Sewerage,Sewer Line Blockage,Chickpet,2026-07-14,Resolved,210,9,Yes,Low,No,2,Medium
C006759,P2395,Street Infrastructure,Bus Shelter Damaged,Jayanagar,2026-07-14,Resolved,260,20,No,Low,No,16,Medium
C006760,P0151,Drainage,Damaged Drain,Rajajinagar,2026-07-14,Closed,20,1,No,Medium,No,48,Medium
C006761,P2564,Solid Waste Management,Garbage Dump,Sadashivanagar,2026-07-14,Resolved,90,6,No,Low,No,8,Low
C006762,P2397,Sewerage,Sewage Overflow,Sarakki,2026-07-14,Closed,470,135,No,High,No,12,Critical
C006763,P1458,Sewerage,Sewer Line Blockage,Chickpet,2026-07-14,Resolved,210,10,Yes,Low,No,2,Medium
C006764,P0915,Road Maintenance,Pothole,Banaswadi,2026-07-14,Resolved,10,1,No,Medium,No,2,Medium
C006765,P2852,Solid Waste Management,Garbage Dump,Sadashivanagar,2026-07-14,Closed,60,6,No,Low,No,6,Low
C006766,P2162,Street Infrastructure,Bus Shelter Damaged,Jayanagar,2026-07-14,Closed,180,18,No,Low,Yes,,Medium
C006767,P0194,Water Supply,Pipeline Leakage,Hosahalli,2026-07-14,Resolved,120,19,No,Low,No,8,High
C006768,P0784,Road Maintenance,Road Surface Damage,Mathikere,2026-07-14,Closed,187,15,No,Low,Yes,36,Medium
C006769,P0122,Drainage,Drain Blockage,Hoodi,2026-07-14,Resolved,1600,95,No,Low,Yes,8,High
C006770,P1817,Water Supply,Pipeline Leakage,Hosahalli,2026-07-14,Resolved,120,12,No,Low,No,8,High
C006771,P1625,Sewerage,Sewage Overflow,Sarakki,2026-07-14,Closed,581,86,No,High,No,8,Critical
C006772,P1575,Water Supply,No Water Supply,Ulsoor,2026-07-14,Resolved,370,67,Yes,None,Yes,3,Medium
C006773,P2820,Sewerage,Sewer Line Blockage,Chickpet,2026-07-14,Resolved,210,15,Yes,Low,Yes,2,Medium
C006774,P1075,Road Maintenance,Pothole,Banaswadi,2026-07-14,Resolved,24,4,No,Medium,Yes,2,Medium
C006775,P0918,Solid Waste Management,Garbage Dumping in Vacant Site,Dasarahalli,2026-07-14,Resolved,130,2,No,None,No,12,Low
C006776,P2218,Health,Stray Dog Menace,Hosahalli,2026-07-14,Closed,15,7,No,High,No,4,Low
C006777,P2382,Road Maintenance,Road Maintenance Required,Mahadevapura,2026-07-14,Assigned,35,4,No,High,Yes,4,High
C006778,P2382,Road Maintenance,Road Maintenance Required,Mahadevapura,2026-07-14,Closed,35,4,No,High,Yes,4,High
C006779,P2423,Sewerage,Sewage Overflow,Marathahalli,2026-07-14,Verified,,98,Yes,Medium,Yes,4,Critical
C006780,P2076,Road Maintenance,Road Surface Damage,Yelahanka,2026-07-14,Closed,240,9,No,High,No,48,High
C006781,P2075,Drainage,Drain Blockage,Hoodi,2026-07-14,Resolved,790,39,Yes,Low,Yes,6,High
C006782,P1572,Drainage,Drain Blockage,Hennur,2026-07-14,Resolved,200,5,No,None,No,1,Low
C006783,P0278,Drainage,Drain Blockage,Dasarahalli,2026-07-14,Closed,35,2,Yes,Low,Yes,12,Medium
C006784,P0712,Solid Waste Management,Garbage Dump,Sadashivanagar,2026-07-14,Closed,60,7,No,Low,No,12,Low
C006785,P0234,Health,Increase in Mosquito Density,Mathikere,2026-07-14,Resolved,250,7,No,Low,Yes,2,Low
C006786,P1070,Drainage,Drain Blockage,Dasarahalli,2026-07-14,Resolved,35,2,Yes,Low,Yes,,Low
C006787,P0119,Water Supply,No Water Supply,Ulsoor,2026-07-14,Resolved,320,70,Yes,None,Yes,4,Medium
C006788,P0119,Water Supply,No Water Supply,Ulsoor,2026-07-14,Resolved,232,70,Yes,None,Yes,4,Medium
C006789,P2451,Sewerage,Sewer Line Blockage,Chickpet,2026-07-14,Resolved,210,8,No,Medium,No,2,Medium
C006790,P2657,Sewerage,Sewer Line Blockage,Chickpet,2026-07-14,Closed,190,6,Yes,Low,No,3,Medium
C006791,P2376,Road Maintenance,Footpath Damage,Peenya,2026-07-14,Registered,65,4,No,Low,No,8,Low
C006792,P1581,Sewerage,Sewer Line Blockage,Chickpet,2026-07-14,Closed,200,6,Yes,Low,No,2,Medium
C006793,P1238,Electrical,Street Light Not Working,Kadugodi,2026-07-14,Resolved,60,5,No,Medium,Yes,0.5,Medium
C006794,P2291,Others,Miscellaneous Complaint,BTM Layout,2026-07-14,Resolved,60,3,No,None,No,8,Low
C006795,P0439,Drainage,Drain Blockage,Electronic City,2026-07-14,Closed,60,2,Yes,None,No,4,Low
C006796,P1182,Road Maintenance,Pothole,Dasarahalli,2026-07-14,Resolved,190,22,No,Medium,Yes,8,High
C006797,P0293,Road Maintenance,Pothole,Dasarahalli,2026-07-14,Closed,159,15,No,High,Yes,8,High
C006798,P2697,Sewerage,Sewer Line Blockage,Chickpet,2026-07-15,Closed,210,9,Yes,,No,2,Medium
C006799,P1775,Public Sanitation,Garbage Burning,HSR Layout,2026-07-15,Resolved,20,2,No,,No,4,Medium
C006800,P0320,Sewerage,Sewer Line Blockage,Chickpet,2026-07-15,Resolved,210,7,Yes,Medium,No,2,Medium
C006801,P2789,Road Maintenance,Pothole,Malleshwaram,2026-07-15,Closed,56,3,No,Low,Yes,2,Low
C006802,P1479,Water Supply,No Water Supply,Sarakki,2026-07-15,Resolved,820,84,Yes,Low,No,8,Medium
C006803,P1938,Health,Increase in Mosquito Density,Koramangala,2026-07-15,Closed,1300,113,No,None,Yes,12,Medium
C006804,P1095,Solid Waste Management,Garbage Dump,HSR Layout,2026-07-15,Closed,17,3,No,Low,No,8,Medium
C006805,P0048,Water Supply,Pipeline Leakage,Anjanapura,2026-07-15,Resolved,290,10,Yes,High,No,12,Medium
C006806,P1412,Solid Waste Management,Garbage Dump,Dasarahalli,2026-07-15,Resolved,133,15,No,Medium,Yes,4,Medium
C006807,P2541,Sewerage,Sewer Line Blockage,Chickpet,2026-07-15,Resolved,210,10,Yes,Low,No,2,Medium
C006808,P2179,Sewerage,Sewage Overflow,Bellandur,2026-07-15,Closed,140,14,Yes,Medium,Yes,4,High
C006809,P0520,Electrical,Damaged Street Light,Mathikere,2026-07-15,Resolved,5,0,No,Medium,Yes,4,Medium
C006810,P0123,Electrical,Street Light Not Working,Kadugodi,2026-07-15,Closed,50,8,No,Medium,Yes,0.5,Medium
C006811,P0619,Solid Waste Management,Garbage Not Collected,Kadugodi,2026-07-15,Closed,,2,Yes,None,Yes,3,Low
C006812,P0520,Health,Increase in Mosquito Density,Mathikere,2026-07-15,Resolved,200,4,No,Medium,Yes,16,High
C006813,P1442,Electrical,Electric Pole Damaged,Banaswadi,2026-07-15,Assigned,40,3,No,Critical,No,,High
C006814,P1389,Road Maintenance,Pothole,Mathikere,2026-07-15,Resolved,65,5,No,None,No,12,High
C006815,P2271,Sewerage,Sewer Line Blockage,Chickpet,2026-07-15,Resolved,210,6,Yes,Low,No,2,Medium
C006816,P1578,Health,Increase in Mosquito Density,Mathikere,2026-07-15,Resolved,140,4,No,Medium,Yes,16,High
C006817,P2448,Road Maintenance,Footpath Damage,Peenya,2026-07-15,Verified,65,3,No,Low,No,6,Low
C006818,P0799,Sewerage,Sewer Line Blockage,Chickpet,2026-07-15,Resolved,210,11,Yes,Low,No,2,Medium
C006819,P2153,Sewerage,Sewer Line Blockage,Chickpet,2026-07-15,Closed,210,7,Yes,Low,No,2,Medium
C006820,P1458,Electrical,Street Light Not Working,Chickpet,2026-07-15,Resolved,30,4,No,Critical,No,1,High
C006821,P1103,Sewerage,Sewer Line Blockage,Chickpet,2026-07-15,In Progress,210,12,Yes,Low,No,2,Medium
C006822,P2699,Water Supply,No Water Supply,Sarakki,2026-07-15,In Progress,890,124,Yes,Low,No,8,Medium
C006823,P2730,Electrical,Street Light Not Working,Chickpet,2026-07-15,Resolved,30,4,No,Critical,No,1,High
C006824,P2529,Public Sanitation,Unclean Public Area,Hosahalli,2026-07-15,Resolved,,34,No,Low,No,3,Low
C006825,P1638,Public Sanitation,Unclean Public Area,Hosahalli,2026-07-15,Closed,85,26,No,Low,No,4,Low
C006826,P1461,Health,Increase in Mosquito Density,Koramangala,2026-07-15,Resolved,593,,No,None,Yes,12,Medium
C006827,P2171,Solid Waste Management,Sweeping Not Done,Kadugodi,2026-07-15,Assigned,41,0,No,Low,Yes,2,Low
C006828,P2041,Water Supply,No Water Supply,Sarakki,2026-07-15,Resolved,580,82,Yes,Low,No,8,Medium
C006829,P2953,Sewerage,Sewage Overflow,Bellandur,2026-07-15,Resolved,140,11,Yes,Medium,Yes,4,High
C006830,P0730,Sewerage,Sewage Overflow,Electronic City,2026-07-15,Closed,,0,No,High,Yes,8,Medium
C006831,P1393,Solid Waste Management,Garbage Dump,HSR Layout,2026-07-15,Resolved,20,,No,Medium,No,12,Medium
C006832,P1962,Solid Waste Management,Garbage Dump,Dasarahalli,2026-07-15,In Progress,140,15,No,Medium,Yes,4,Medium
C006833,P1690,Street Infrastructure,Damaged Signboard,Marathahalli,2026-07-15,In Progress,,17,No,None,No,2,Medium
C006834,P0841,Road Maintenance,Pothole,Mathikere,2026-07-15,Closed,25,3,No,Critical,No,3,Critical
C006835,P1126,Electrical,Street Light Not Working,Hosahalli,2026-07-15,Closed,,3,No,Medium,No,1,Low
C006836,P2339,Solid Waste Management,Sweeping Not Done,Padmanabhanagar,2026-07-15,Resolved,80,8,No,None,No,2,Medium
C006837,P1694,Sewerage,Sewer Line Blockage,Chickpet,2026-07-15,Resolved,210,12,Yes,Low,No,3,Medium
C006838,P1570,Road Maintenance,Pothole,Mathikere,2026-07-16,Resolved,65,78,No,None,Yes,12,High
C006839,P0878,Solid Waste Management,Garbage Not Collected,Kadugodi,2026-07-16,Closed,10,1,Yes,Low,Yes,2,Low
C006840,P1685,Sewerage,sewer line blockage,Chickpet,2026-07-16,Resolved,200,9,Yes,,No,2,Medium
C006841,P0555,Solid Waste Management,Garbage Not Collected,Hoodi,2026-07-16,Resolved,660,124,Yes,None,Yes,1,High
C006842,P0033,Sewerage,Sewer Line Blockage,Chickpet,2026-07-16,Resolved,250,8,Yes,None,No,1,Medium
C006843,P2075,Solid Waste Management,Garbage Not Collected,Hoodi,2026-07-16,Closed,630,127,No,None,Yes,1,High
C006844,P2595,Solid Waste Management,Garbage Dumping in Vacant Site,Hebbal,2026-07-16,Assigned,30,1,No,Medium,No,8,Low
C006845,P1690,Sewerage,Sewage Overflow,Marathahalli,2026-07-16,Assigned,240,69,Yes,Medium,Yes,3,Critical
C006846,P1182,Road Maintenance,Pothole,Dasarahalli,2026-07-16,Resolved,190,22,No,Medium,,8,High
C006847,P2989,Revenue Department,Khata Related Issue,Kengeri,2026-07-16,Resolved,10,2,No,None,Yes,2,Low
C006848,P1181,Water Supply,Pipeline Leakage,Hosahalli,2026-07-16,Resolved,500,95,Yes,Medium,Yes,24,High
C006849,P2861,Water Supply,No Water Supply,Sarakki,2026-07-16,Resolved,640,72,Yes,Low,No,8,Medium
C006850,P1063,Road Maintenance,Road Surface Damage,Mathikere,2026-07-16,Resolved,130,8,No,Low,Yes,24,Medium
C006851,P2147,Health,Increase in Mosquito Density,Mathikere,2026-07-16,Resolved,250,7,No,Low,Yes,2,Low
C006852,P2147,Health,Increase in Mosquito Density,Mathikere,2026-07-16,Resolved,250,7,No,Low,Yes,2,Low
C006853,P2082,Solid Waste Management,Garbage Not Collected,Hoodi,2026-07-16,Resolved,630,118,Yes,Low,Yes,2,High
C006854,P1702,Solid Waste Management,Sweeping Not Done,Vijayanagar,2026-07-16,Resolved,45,1,Yes,None,Yes,4,Low
C006855,P0485,Road Maintenance,Road Surface Damage,Mathikere,2026-07-16,Resolved,187,12,No,Low,Yes,24,Medium
C006856,P0858,Solid Waste Management,Garbage Dump,HSR Layout,2026-07-16,In Progress,10,1,No,Medium,Yes,12,Medium
C006857,P2620,Drainage,Open Drain,Hoodi,2026-07-16,Resolved,85,21,Yes,High,Yes,12,High
C006858,P0908,Health,Increase in Mosquito Density,Mathikere,2026-07-16,Resolved,300,6,No,Medium,Yes,16,High
C006859,P0894,Electrical,Street Light Not Working,Rajajinagar,2026-07-16,Resolved,4,0,No,High,No,0.5,Medium
C006860,P2583,Sewerage,Sewage Overflow,Chamrajpet,2026-07-16,Resolved,280,24,No,Medium,No,8,High
C006861,P0837,Water Supply,Pipeline Leakage,Hosahalli,2026-07-16,Resolved,450,43,Yes,Medium,Yes,24,Critical
C006862,P1477,Sewerage,Sewer Line Blockage,Chickpet,2026-07-16,Closed,160,,No,Low,No,2,Medium
C006863,P2337,Drainage,Drain Overflow,HSR Layout,2026-07-16,Closed,75,2,Yes,Low,No,16,Medium
C006864,P2595,Drainage,Drain Blockage,Hebbal,2026-07-16,Closed,80,3,No,Low,Yes,8,Low
C006865,P0237,Water Supply,No Water Supply,Sarakki,2026-07-16,Closed,640,124,Yes,Low,No,6,Medium
C006866,P0232,Water Supply,Water Leakage,Whitefield,2026-07-16,Closed,180,29,Yes,Low,No,4,Low
C006867,P0573,Water Supply,Pipeline Leakage,Hosahalli,2026-07-16,Resolved,510,59,Yes,Medium,Yes,24,High
C006868,P0055,Drainage,Drain Overflow,Gandhinagar,2026-07-16,Closed,191,132,No,High,No,12,High
C006869,P0345,Road Maintenance,Road Surface Damage,Kodigehalli,2026-07-16,Resolved,140,42,No,Low,Yes,8,Low
C006870,P0833,Solid Waste Management,Garbage Dump,Hosahalli,2026-07-17,Resolved,31,0,No,Low,No,8,Low
C006871,P2816,Road Maintenance,Road Surface Damage,Shivajinagar,2026-07-17,Closed,160,7,No,Medium,No,12,Medium
C006872,P2187,Health,Public Health Sanitation Issue,Mathikere,2026-07-17,Closed,90,,No,Medium,Yes,4,Medium
C006873,P2795,Solid Waste Management,Garbage Not Collected,Hoodi,2026-07-17,Resolved,772,174,Yes,None,Yes,2,High
C006874,P0482,Electrical,Street Light Not Working,Rajajinagar,2026-07-17,Resolved,4,0,No,,No,1,Medium
C006875,P2134,Water Supply,No Water Supply,Hoodi,2026-07-17,Resolved,3400,852,Yes,Medium,No,16,Critical
C006876,P0243,Street Infrastructure,Bus Shelter Damaged,Mathikere,2026-07-17,Resolved,35,7,No,Critical,No,12,Medium
C006877,P1163,Electrical,Street Light Not Working,Indiranagar,2026-07-17,Resolved,45,7,No,Medium,No,1,Medium
C006878,P1420,Solid Waste Management,Garbage Dump,Dasarahalli,2026-07-17,Resolved,95,12,No,Medium,Yes,4,Medium
C006879,P1420,Solid Waste Management,Garbage Dump,Dasarahalli,2026-07-17,Resolved,130,12,No,Medium,Yes,4,Medium
C006880,P1190,Sewerage,Sewer Line Blockage,Varthur,2026-07-17,Closed,75,1,Yes,High,Yes,12,High
C006881,P1103,Sewerage,Sewer Line Blockage,Chickpet,2026-07-17,In Progress,210,12,Yes,Low,No,2,Medium
C006882,P2653,Solid Waste Management,Garbage Not Collected,Hoodi,2026-07-17,Closed,500,110,Yes,None,Yes,2,High
C006883,P0833,Water Supply,Pipeline Leakage,Hosahalli,2026-07-17,Closed,530,57,Yes,Medium,No,24,High
C006884,P0250,Solid Waste Management,Garbage Not Collected,Hoodi,2026-07-17,In Progress,630,80,Yes,None,Yes,1,Medium
C006885,P0527,Solid Waste Management,Garbage Not Collected,Hoodi,2026-07-17,Closed,630,100,Yes,None,Yes,0.5,Medium
C006886,P0527,Solid Waste Management,Garbage Not Collected,Hoodi,2026-07-17,Closed,560,100,Yes,None,Yes,0.5,Medium
C006887,P0243,Road Maintenance,Pothole,Mathikere,2026-07-17,Resolved,65,7,No,None,Yes,12,High
C006888,P1738,Water Supply,No Water Supply,Hoodi,2026-07-17,Resolved,4300,781,Yes,Medium,No,12,Critical
C006889,P0274,Solid Waste Management,Sweeping Not Done,Padmanabhanagar,2026-07-17,Resolved,80,19,No,None,No,2,Low
C006890,P2620,Drainage,Open Drain,Hoodi,2026-07-17,Resolved,85,21,Yes,High,Yes,12,High
C006891,P1363,Electrical,Damaged Street Light,Rajajinagar,2026-07-17,Closed,24,6,No,Low,Yes,12,Medium
C006892,P2634,Electrical,Street Light Not Working,Hosahalli,2026-07-17,Resolved,25,1,No,Medium,No,4,Medium
C006893,P1273,Road Infrastructure,Road Cutting Not Restored,Rajajinagar,2026-07-17,Resolved,270,36,No,Low,No,24,Low
C006894,P2198,Health,Stray Dog Menace,Padmanabhanagar,2026-07-17,Closed,150,14,No,High,Yes,8,High
C006895,P1054,Road Maintenance,Road Surface Damage,Padmanabhanagar,2026-07-17,Resolved,1500,86,No,Medium,,3,Low
C006896,P1682,Electrical,Multiple Street Lights Not Working,Shivajinagar,2026-07-17,Resolved,80,21,No,None,No,8,Medium
C006897,P2334,Others,Miscellaneous Complaint,Jalahalli,2026-07-17,Assigned,15,2,No,None,No,,Low
C006898,P1152,Health,Increase in Mosquito Density,Rajarajeshwari Nagar,2026-07-17,Resolved,237,22,Yes,Medium,No,4,Medium
C006899,P1826,Solid Waste Management,Garbage Not Collected,Kadugodi,2026-07-17,Closed,10,1,Yes,Low,Yes,2,Low
C006900,P0645,Water Supply,Low Water Pressure,Bellandur,2026-07-17,Resolved,668,39,Yes,Low,No,4,Medium
C006901,P0677,Electrical,Street Light Not Working,Peenya,2026-07-17,Closed,15,1,No,Medium,No,1,Medium
C006902,P2316,Health,Public Health Sanitation Issue,Mathikere,2026-07-18,Resolved,78,29,No,Medium,No,4,Medium
C006903,P0151,Electrical,Street Light Not Working,Rajajinagar,2026-07-18,Resolved,4,1,No,High,No,1,Medium
C006904,P0173,Solid Waste Management,Garbage Not Collected,Hoodi,2026-07-18,Closed,516,98,Yes,None,Yes,0.5,High
C006905,P0043,Drainage,Open Drain,Hoodi,2026-07-18,Resolved,65,14,Yes,Medium,Yes,12,High
C006906,P1737,Sewerage,Sewage Overflow,Bellandur,2026-07-18,Closed,80,11,Yes,,Yes,2,High
C006907,P0282,Water Supply,No Water Supply,Hoodi,2026-07-18,Resolved,3900,879,Yes,Medium,No,12,Critical
C006908,P2033,Electrical,Street Light Not Working,Indiranagar,2026-07-18,Resolved,40,6,No,Medium,No,1,Medium
C006909,P0271,Drainage,Drain Overflow,Gandhinagar,2026-07-18,Resolved,191,81,No,Critical,No,12,High
C006910,P1651,Electrical,Street Light Not Working,Peenya,2026-07-18,Resolved,15,1,No,Medium,No,2,Medium
C006911,P1199,Water Supply,Low Water Pressure,Shantinagar,2026-07-18,Resolved,160,7,Yes,None,,8,Low
C006912,P0977,Electrical,Exposed Electrical Wires,Electronic City,2026-07-18,Resolved,50,9,No,High,No,2,Medium
C006913,P0588,Electrical,Multiple Street Lights Not Working,Shivajinagar,2026-07-18,Closed,80,14,No,Low,No,8,Medium
C006914,P0226,Others,Miscellaneous Complaint,BTM Layout,2026-07-18,Assigned,60,15,No,High,Yes,1,Medium
C006915,P0189,Public Sanitation,Garbage Burning,Sarakki,2026-07-18,Closed,150,6,No,High,Yes,1,Medium
C006916,P0995,Electrical,Street Light Not Working,Peenya,2026-07-18,Resolved,10,0,No,High,No,1,Medium
C006917,P1448,Solid Waste Management,Garbage Dump,Dasarahalli,2026-07-18,Resolved,85,15,No,Medium,Yes,4,Medium
C006918,P1605,Road Maintenance,Pothole,Ulsoor,2026-07-18,Resolved,30,1,No,High,No,8,Medium
C006919,P1411,Solid Waste Management,Garbage Not Collected,Hoodi,2026-07-18,Closed,400,74,Yes,None,Yes,1,High
C006920,P1459,Water Supply,Pipeline Leakage,Hosahalli,2026-07-18,Resolved,530,150,Yes,Medium,,24,High
C006921,P0078,Road Infrastructure,Missing Manhole Cover,Hosahalli,2026-07-18,Resolved,143,4,No,Medium,No,0.5,Medium
C006922,P2311,Health,Public Health Sanitation Issue,Mathikere,2026-07-18,Closed,110,,No,Low,Yes,4,Medium
C006923,P2395,Health,Public Health Sanitation Issue,Mathikere,2026-07-18,Resolved,110,28,Yes,Medium,Yes,4,Medium
C006924,P0883,Sewerage,Sewer Line Blockage,Mahadevapura,2026-07-18,Closed,107,11,No,Low,No,8,High
C006925,P0240,Road Maintenance,Pothole,Ulsoor,2026-07-18,Resolved,35,1,No,High,No,12,Medium
C006926,P0523,Solid Waste Management,Garbage Dump,HSR Layout,2026-07-18,Resolved,20,3,No,Medium,No,8,Medium
C006927,P2855,Solid Waste Management,Garbage Not Collected,Chamrajpet,2026-07-18,Resolved,85,8,No,None,No,4,Low
C006928,P1304,Electrical,Street Light Not Working,Indiranagar,2026-07-18,Resolved,40,7,No,High,No,1,Medium
C006929,P1304,Electrical,Street Light Not Working,Indiranagar,2026-07-18,Resolved,50,7,No,High,No,1,Medium
C006930,P1768,Road Infrastructure,Road Cutting Not Restored,Dasarahalli,2026-07-18,Closed,65,2,No,None,Yes,16,Low
C006931,P1893,Drainage,Drain Overflow,Gandhinagar,2026-07-18,Closed,191,89,No,High,No,12,High
C006932,P1656,Sewerage,Sewage Overflow,Bellandur,2026-07-18,Closed,80,10,Yes,High,Yes,3,High
C006933,P1067,Drainage,Drain Overflow,Vijayanagar,2026-07-18,Resolved,220,9,No,High,No,4,High
C006934,P2738,Street Infrastructure,Bus Shelter Damaged,Mathikere,2026-07-18,Resolved,40,6,No,Critical,No,12,High
C006935,P1097,Sewerage,Drain Overflow,HSR Layout,2026-07-18,Closed,85,3,Yes,Low,No,12,High
C006936,P2060,Road Maintenance,Road Maintenance Required,Dasarahalli,2026-07-18,In Progress,632,3,No,Medium,No,24,Medium
C006937,P0920,Water Supply,Low Water Pressure,Kodigehalli,2026-07-19,Resolved,95,13,Yes,None,No,4,Low
C006938,P2548,Electrical,Electric Pole Damaged,Sadashivanagar,2026-07-19,Closed,81,4,No,High,No,8,High
C006939,P2631,Electrical,Street Light Not Working,Indiranagar,2026-07-19,Closed,40,4,No,Medium,No,1,Medium
C006940,P1323,Electrical,Damaged Street Light,Varthur,2026-07-19,Assigned,10,0,No,High,Yes,,High
C006941,P0157,Health,Public Health Sanitation Issue,Mathikere,2026-07-19,Closed,320,41,No,None,No,4,Low
C006942,P0044,Electrical,Damaged Street Light,Varthur,2026-07-19,Assigned,24,1,No,High,Yes,2,High
C006943,P0983,Sewerage,Sewage Overflow,Bellandur,2026-07-19,Resolved,80,8,Yes,High,Yes,2,High
C006944,P0243,Health,Public Health Sanitation Issue,Mathikere,2026-07-19,Resolved,450,76,No,None,Yes,4,Low
C006945,P0243,Health,Public Health Sanitation Issue,Mathikere,2026-07-19,Resolved,110,19,No,High,Yes,4,Medium
C006946,P0408,Electrical,Street Light Not Working,Hosahalli,2026-07-19,Closed,30,1,No,Medium,No,,Medium
C006947,P0621,Health,Increase in Mosquito Density,Rajarajeshwari Nagar,2026-07-19,Closed,237,18,No,High,No,6,Medium
C006948,P0115,Road Maintenance,Pothole,Ulsoor,2026-07-19,Closed,35,1,No,High,No,8,Medium
C006949,P1183,Road Maintenance,Pothole,Ulsoor,2026-07-19,In Progress,40,1,No,High,No,6,Medium
C006950,P1563,Road Maintenance,Pothole,Ulsoor,2026-07-19,Resolved,25,1,No,High,No,6,Medium
C006951,P0263,Solid Waste Management,Garbage Not Collected,Chamrajpet,2026-07-19,Resolved,70,9,No,None,Yes,6,Low
C006952,P2244,Water Supply,No Water Supply,Mathikere,2026-07-20,Resolved,170,16,Yes,Medium,No,8,High
C006953,P1613,Health,Increase in Mosquito Density,Hosahalli,2026-07-20,Closed,395,55,Yes,None,Yes,4,Medium
C006954,P1095,Electrical,Electric Pole Damaged,Chamrajpet,2026-07-20,Assigned,3,0,No,High,No,6,Low
C006955,P2397,Road Maintenance,Pothole,Sarakki,2026-07-20,Closed,172,2,No,Medium,No,4,High
C006956,P2397,Road Maintenance,Pothole,Sarakki,2026-07-20,Closed,140,,No,Medium,No,4,High
C006957,P2070,Water Supply,No Water Supply,Mathikere,2026-07-20,Resolved,300,29,Yes,Medium,Yes,8,High
C006958,P1459,Health,Increase in Mosquito Density,Hosahalli,2026-07-20,Closed,570,82,Yes,None,Yes,4,Medium
C006959,P0965,Electrical,Exposed Electrical Wires,Electronic City,2026-07-20,Resolved,31,3,No,High,No,2,Medium
C006960,P2397,Solid Waste Management,Garbage Not Collected,Sarakki,2026-07-20,Closed,85,,Yes,Low,Yes,4,High
C006961,P2818,Water Supply,Water Leakage,Rajajinagar,2026-07-20,Resolved,77,12,Yes,Low,Yes,4,High
C006962,P1406,Drainage,Open Drain,Vasanthnagar,2026-07-20,Closed,170,39,No,Low,No,8,Low
C006963,P1095,Public Sanitation,Unclean Public Area,Chamrajpet,2026-07-20,Closed,55,2,No,Low,No,8,Medium
C006964,P1602,Electrical,Multiple Street Lights Not Working,Mathikere,2026-07-20,Resolved,189,18,No,Medium,Yes,4,High
C006965,P2131,Water Supply,Water Leakage,Rajajinagar,2026-07-20,Closed,140,27,Yes,Medium,Yes,4,High
C006966,P2229,Health,Increase in Mosquito Density,Hosahalli,2026-07-20,Closed,395,54,Yes,None,Yes,3,Medium
C006967,P0808,Drainage,Damaged Drain,Sarakki,2026-07-20,Closed,30,2,No,Low,No,8,Low
C006968,P0808,Drainage,Damaged Drain,Sarakki,2026-07-20,Registered,24,2,No,Low,No,8,Low
C006969,P2624,Solid Waste Management,Garbage Not Collected,SARAKKI,2026-07-20,Closed,85,8,Yes,Low,Yes,4,High
C006970,P0986,Others,Stray Cattle on Road,Yeshwanthpur,2026-07-20,Resolved,25,4,No,High,No,6,Medium
C006971,P1182,Public Sanitation,Unclean Public Area,Chamrajpet,2026-07-20,Resolved,55,2,No,None,No,8,Medium
C006972,P2914,Road Maintenance,Pothole,Ulsoor,2026-07-20,Closed,35,1,No,High,No,12,Medium
C006973,P0955,Solid Waste Management,Garbage Not Collected,Mathikere,2026-07-21,Closed,25,1,Yes,None,Yes,2,Low
C006974,P0500,Water Supply,Low Water Pressure,Kengeri,2026-07-21,Resolved,211,100,Yes,Low,Yes,4,Medium
C006975,P2845,Electrical,Exposed Electrical Wires,Rajajinagar,2026-07-21,Closed,10,1,No,Critical,Yes,3,Critical
C006976,P2845,Electrical,Exposed Electrical Wires,Rajajinagar,2026-07-21,Closed,12,1,No,Critical,Yes,3,Critical
C006977,P1019,Health,Increase in Mosquito Density,Hosahalli,2026-07-21,Resolved,396,47,Yes,None,Yes,4,Medium
C006978,P2794,Drainage,Drain Blockage,Padmanabhanagar,2026-07-21,Resolved,78,9,No,Medium,Yes,3,Medium
C006979,P0243,Public Sanitation,Garbage Burning,Mathikere,2026-07-21,Closed,85,12,No,Medium,No,1,Medium
C006980,P2595,Water Supply,No Water Supply,Hebbal,2026-07-21,Resolved,1198,177,Yes,Medium,No,2,High
C006981,P2017,Solid Waste Management,Garbage Vehicle Not Arrived,Electronic City,2026-07-21,Resolved,140,15,No,None,Yes,2,Medium
C006982,P2797,Solid Waste Management,Garbage Not Collected,Mathikere,2026-07-21,Closed,31,1,Yes,Low,Yes,1,Medium
C006983,P0201,Solid Waste Management,Garbage Vehicle Not Arrived,Electronic City,2026-07-21,Closed,220,30,No,None,Yes,0.5,Medium
C006984,P1506,Solid Waste Management,Garbage Vehicle Not Arrived,Electronic City,2026-07-21,Resolved,50,13,Yes,Low,No,2,Medium
C006985,P0497,Solid Waste Management,Garbage Dumping in Vacant Site,Mathikere,2026-07-21,Closed,25,0,No,None,Yes,2,Low
C006986,P2244,Water Supply,No Water Supply,Mathikere,2026-07-21,Resolved,170,16,Yes,Medium,No,8,High
C006987,P0497,Solid Waste Management,Garbage Vehicle Not Arrived,Mathikere,2026-07-21,Closed,350,23,No,Low,No,1,Medium
C006988,P0533,Public Sanitation,Garbage Burning,Mathikere,2026-07-21,Closed,85,12,No,Medium,No,2,Medium
C006989,P2628,Solid Waste Management,Garbage Not Collected,Mathikere,2026-07-21,Assigned,85,5,No,Medium,Yes,1,Medium
C006990,P0745,Water Supply,No Water Supply,Hebbal,2026-07-21,Closed,910,80,Yes,Medium,No,2,High
C006991,P0243,Solid Waste Management,Garbage Not Collected,Mathikere,2026-07-21,Closed,30,1,Yes,None,Yes,1,Low
C006992,P0349,Solid Waste Management,Garbage Vehicle Not Arrived,Electronic City,2026-07-21,In Progress,170,31,No,None,Yes,1,Medium
C006993,P1619,Electrical,Exposed Electrical Wires,Rajajinagar,2026-07-21,Closed,11,1,No,Critical,Yes,4,Critical
C006994,P2673,Sewerage,Sewage Overflow,Whitefield,2026-07-21,Resolved,75,11,Yes,High,No,24,High
C006995,P2058,Water Supply,No Water Supply,Mathikere,2026-07-21,Closed,300,25,Yes,Medium,Yes,8,High
C006996,P2342,Health,Public Health Sanitation Issue,Yeshwanthpur,2026-07-21,Resolved,127,31,No,Low,No,2,Low
C006997,P0497,Water Supply,No Water Supply,Mathikere,2026-07-21,Closed,310,30,No,Medium,Yes,12,High
C006998,P2449,Electrical,Exposed Electrical Wires,Hosahalli,2026-07-21,Closed,7,1,No,Medium,Yes,2,Medium
C006999,P2974,Water Supply,No Water Supply,Mathikere,2026-07-21,Resolved,297,42,Yes,Medium,Yes,8,High
C007000,P1084,Road Infrastructure,Speed Breaker Required,Bellandur,2026-07-21,Resolved,350,20,No,Low,Yes,6,Medium
C007001,P0546,Water Supply,No Water Supply,Hebbal,2026-07-21,Resolved,2000,291,Yes,Medium,No,2,High
C007002,P0976,Drainage,Sewage Overflow,Whitefield,2026-07-21,Resolved,80,11,Yes,High,No,24,High
C007003,P1817,Road Infrastructure,Road Cutting Not Restored,Hosahalli,2026-07-21,Resolved,55,0,No,Low,Yes,24,Medium
C007004,P0470,Solid Waste Management,Garbage Not Collected,Mathikere,2026-07-21,Closed,30,1,Yes,None,Yes,1,Low
C007005,P2855,Public Sanitation,Unclean Public Area,Chamrajpet,2026-07-21,Closed,45,2,No,Low,No,8,Medium
C007006,P0713,Water Supply,No Water Supply,Mathikere,2026-07-21,Closed,400,48,Yes,Medium,Yes,6,High
C007007,P2483,Road Infrastructure,Missing Manhole Cover,Sarakki,2026-07-21,Closed,70,12,No,High,Yes,0.5,Medium
C007008,P0970,Health,Increase in Mosquito Density,Hosahalli,2026-07-21,Resolved,395,48,Yes,None,Yes,6,High
C007009,P2398,Solid Waste Management,Garbage Vehicle Not Arrived,Mathikere,2026-07-21,Closed,350,,No,Low,No,1,Medium
C007010,P2133,Electrical,Damaged Street Light,Varthur,2026-07-21,Closed,40,1,No,High,Yes,4,Medium
C007011,P2537,Electrical,Multiple Street Lights Not Working,Hosahalli,2026-07-22,Closed,70,20,No,High,No,6,High
C007012,P2197,Sewerage,Sewer Line Blockage,Vijayanagar,2026-07-22,Resolved,520,49,Yes,Low,No,,Medium
C007013,P2696,Drainage,Open Drain,Bellandur,2026-07-22,Resolved,65,12,Yes,Low,No,48,High
C007014,P1703,Solid Waste Management,Garbage Vehicle Not Arrived,Electronic City,2026-07-22,Resolved,50,12,Yes,Low,No,1,Medium
C007015,P2352,Solid Waste Management,Garbage Not Collected,Hoodi,2026-07-22,In Progress,323,186,Yes,None,Yes,1,High
C007016,P1026,Water Supply,Pipeline Leakage,Mathikere,2026-07-22,Verified,110,33,No,Low,No,12,Low
C007017,P1734,Drainage,Open Drain,Bellandur,2026-07-22,Resolved,65,17,Yes,Low,No,36,High
C007018,P1453,Solid Waste Management,Garbage Not Collected,Hoodi,2026-07-22,In Progress,260,67,Yes,None,Yes,2,High
C007019,P2877,Water Supply,Pipeline Leakage,Mathikere,2026-07-22,Assigned,110,21,,Low,No,12,Low
C007020,P1087,Health,Increase in Mosquito Density,Koramangala,2026-07-22,Resolved,200,53,Yes,Low,No,1,Medium
C007021,P0618,Public Sanitation,Garbage Burning,Mathikere,2026-07-22,Closed,85,13,No,Medium,No,2,Medium
C007022,P2691,Health,Increase in Mosquito Density,Hosahalli,2026-07-22,Resolved,110,11,No,Low,Yes,8,Low
C007023,P2550,Electrical,Multiple Street Lights Not Working,HSR Layout,2026-07-22,Resolved,60,25,No,High,No,4,Medium
C007024,P2238,Road Maintenance,Pothole,Malleshwaram,2026-07-22,Verified,2300,316,No,High,No,24,High
C007025,P1533,Electrical,Exposed Electrical Wires,Rajajinagar,2026-07-22,Resolved,10,1,No,Critical,Yes,3,Critical
C007026,P1467,Public Sanitation,Unclean Public Area,Chamrajpet,2026-07-22,Closed,55,1,No,Low,No,6,Medium
C007027,P0463,Electrical,Multiple Street Lights Not Working,Hosahalli,2026-07-22,Closed,100,27,No,High,No,4,High
C007028,P1903,Street Infrastructure,Damaged Footpath Railing,Begur,2026-07-22,Resolved,12,1,No,High,No,8,High
C007029,P0433,Electrical,Street Light Not Working,Varthur,2026-07-22,Resolved,65,5,No,High,Yes,2,Medium
C007030,P0618,Solid Waste Management,Garbage Not Collected,Mathikere,2026-07-22,Resolved,31,1,Yes,None,No,1,Low
C007031,P0383,Health,Increase in Mosquito Density,Hosahalli,2026-07-22,Resolved,110,7,No,Low,Yes,8,Low
C007032,P2053,Solid Waste Management,Garbage Dumping in Vacant Site,Mathikere,2026-07-22,Resolved,30,0,No,None,Yes,1,Low
C007033,P1956,Public Sanitation,Unclean Public Area,Chamrajpet,2026-07-22,Resolved,45,1,No,Low,No,8,Medium
C007034,P0723,Solid Waste Management,Garbage Not Collected,Hoodi,2026-07-22,In Progress,358,160,No,None,Yes,,Critical
C007035,P0043,Solid Waste Management,Garbage Not Collected,Hoodi,2026-07-22,In Progress,230,136,Yes,None,Yes,3,High
C007036,P2940,Solid Waste Management,Garbage Vehicle Not Arrived,Mathikere,2026-07-22,Closed,540,26,No,Low,No,1,Medium
C007037,P1263,Drainage,Open Drain,Bellandur,2026-07-22,Resolved,65,13,Yes,Low,No,48,High
C007038,P1994,Public Sanitation ,Garbage Burning,Mathikere,2026-07-22,Closed,12000,8,Yes,High,No,2,Medium
C007039,P2594,Solid Waste Management,Garbage Not Collected,Hoodi,2026-07-22,In Progress,330,189,Yes,None,Yes,2,High
C007040,P0482,Drainage,Open Drain,Bellandur,2026-07-22,Resolved,95,14,Yes,Low,No,48,High
C007041,P1702,Sewerage,Sewer Line Blockage,Vijayanagar,2026-07-22,Resolved,360,64,Yes,Low,,12,Medium
C007042,P1291,Solid Waste Management,Garbage Not Collected,Hoodi,2026-07-22,In Progress,323,141,Yes,None,,2,High
C007043,P1887,Solid Waste Management,Garbage Vehicle Not Arrived,Electronic City,2026-07-22,Resolved,220,32,No,None,Yes,1,Medium
C007044,P1802,Solid Waste Management,Garbage Vehicle Not Arrived,Kadugodi,2026-07-22,Resolved,117,42,Yes,None,No,2,Medium
C007045,P0651,Health,Increase in Mosquito Density,Whitefield,2026-07-22,Resolved,510,41,No,None,No,4,Low
C007046,P0868,Electrical,Multiple Street Lights Not Working,HSR Layout,2026-07-22,Resolved,50,43,No,Medium,No,4,Medium
C007047,P0868,Electrical,Multiple Street Lights Not Working,HSR Layout,2026-07-22,Resolved,50,43,No,Medium,No,4,Medium
C007048,P0194,Electrical,Exposed Electrical Wires,Hosahalli,2026-07-22,Resolved,7,2,No,High,Yes,1,High
C007049,P2572,Road Maintenance,Pothole,Malleshwaram,2026-07-22,Verified,1400,180,Yes,High,No,24,High
C007050,P1860,Road Maintenance,Road Surface Damage,Jayanagar,2026-07-22,Resolved,30,3,No,,No,12,Low
C007051,P2595,Others,Illegal Construction,Hebbal,2026-07-22,Resolved,49,1,No,Medium,No,24,Low
C007052,P1140,Electrical,Multiple Street Lights Not Working,HSR Layout,2026-07-22,Resolved,50,17,No,,No,6,Medium
C007053,P1995,Solid Waste Management,Garbage Not Collected,Jalahalli,2026-07-23,Closed,30,5,No,Low,Yes,3,Low
C007054,P1738,Solid Waste Management,Garbage Not Collected,Hoodi,2026-07-23,In Progress,323,202,Yes,None,Yes,3,High
C007055,P0194,Health,Increase in Mosquito Density,Hosahalli,2026-07-23,Resolved,110,5,No,Low,Yes,8,Low
C007056,P1919,Road Maintenance,Pothole,Mathikere,2026-07-23,Resolved,30,2,No,High,Yes,24,Medium
C007057,P0813,Road Maintenance ,Road Maintenance Required,Kammanahalli,2026-07-23,Verified,75,1,No,Medium,No,4,Low
C007058,P1926,Road Infrastructure,Road Cutting Not Restored,JP NAGAR,2026-07-23,In Progress,50,4,,Medium,No,8,Medium
C007059,P2737,Public Sanitation,Garbage Burning,Mathikere,2026-07-23,Resolved,110,15,No,Medium,No,2,Medium
C007060,P0092,Road Maintenance,Pothole,Vijayanagar,2026-07-23,Resolved,120,2,No,None,Yes,12,Low
C007061,P0656,Drainage,Drain Blockage,Hosahalli,2026-07-23,Closed,20,1,Yes,Low,Yes,3,Low
C007062,P2502,Solid Waste Management,Garbage Not Collected,Mathikere,2026-07-23,Resolved,31,1,Yes,None,Yes,1,Low
C007063,P2655,Electrical,Street Light Not Working,Shantinagar,2026-07-23,Closed,110,3,No,Low,No,4,Medium
C007064,P0970,Solid Waste Management,Garbage Not Collected,Hosahalli,2026-07-23,Resolved,25,4,No,Low,Yes,1,Low
C007065,P0555,Solid Waste Management,Garbage Not Collected,Hoodi,2026-07-23,In Progress,310,,Yes,None,Yes,1,High
C007066,P2192,Drainage,Damaged Drain,Kadugodi,2026-07-23,Closed,25,2,No,Medium,No,48,Medium
C007067,P2339,Revenue Department,Property Tax Query,Padmanabhanagar,2026-07-23,Resolved,15,2,No,None,Yes,1,Low
C007068,P2267,Road Maintenance,Pothole,Mathikere,2026-07-23,Resolved,30,4,No,High,Yes,8,Medium
C007069,P1466,Solid Waste Management,Garbage Not Collected,BTM Layout,2026-07-23,Resolved,90,3,,Low,Yes,8,Low
C007070,P0807,Health,Increase in Mosquito Density,Hosahalli,2026-07-23,Resolved,120,7,No,Low,No,12,Low
C007071,P1026,Public Sanitation,Garbage Burning,Mathikere,2026-07-23,Resolved,85,12,,Medium,No,2,Medium
C007072,P2079,Sewerage,Manhole Overflow,Mathikere,2026-07-23,Closed,45,2,No,None,Yes,12,Low
C007073,P0078,Health,Increase in Mosquito Density,Hosahalli,2026-07-23,Resolved,110,8,No,Low,Yes,8,Low
C007074,P1872,Electrical,Multiple Street Lights Not Working,HSR Layout,2026-07-23,Resolved,60,25,No,Medium,No,4,Medium
C007075,P1633,Solid Waste Management,Garbage Not Collected,Jalahalli,2026-07-23,Resolved,40,16,No,None,Yes,2,Low
C007076,P0309,Electrical,Multiple Street Lights Not Working,HSR Layout,2026-07-23,Resolved,65,29,No,Medium,No,4,Medium
C007077,P0918,Sewerage,Sewage Overflow,Dasarahalli,2026-07-23,Resolved,190,72,Yes,Low,Yes,12,High
C007078,P1106,Road Maintenance,Pothole,Mathikere,2026-07-23,In Progress,40,2,No,High,Yes,24,High
C007079,P1787,Solid Waste Management,Garbage Not Collected,Hoodi,2026-07-23,In Progress,450,271,Yes,None,Yes,1,High
C007080,P0927,Road Maintenance,Road Maintenance Required,Padmanabhanagar,2026-07-23,In Progress,550,63,No,Low,No,4,Low
C007081,P0215,Solid Waste Management,Garbage Not Collected,Hoodi,2026-07-23,In Progress,323,107,Yes,None,Yes,1,Medium
C007082,P1850,Solid Waste Management,Garbage Not Collected,Hoodi,2026-07-23,In Progress,323,324,Yes,None,Yes,2,High
C007083,P0513,Solid Waste Management,Garbage Not Collected,Hoodi,2026-07-23,In Progress,323,161,Yes,None,Yes,2,High
C007084,P1602,Solid Waste Management,Garbage Vehicle Not Arrived,Mathikere,2026-07-23,Resolved,310,10,No,None,No,1,Medium
C007085,P0497,Drainage,Drain Blockage,Mathikere,2026-07-23,Closed,39,1,No,Medium,Yes,8,Medium
C007086,P0174,Electrical,Exposed Electrical Wires,Hosahalli,2026-07-23,Closed,7,3,No,Medium,Yes,3,High
C007087,P0747,Solid Waste Management,Garbage Not Collected,Hoodi,2026-07-23,In Progress,260,107,Yes,Low,Yes,2,High
C007088,P1556,Solid Waste Management,Garbage Not Collected,Jalahalli,2026-07-24,Closed,25,5,No,Low,Yes,2,Low
C007089,P0260,Solid Waste Management,Garbage Dumping in Vacant Site,Vijayanagar,2026-07-24,Assigned,170,35,Yes,Medium,Yes,4,Medium
C007090,P1314,Health,Increase in Mosquito Density,Varthur,2026-07-24,Resolved,269,23,Yes,Low,Yes,6,Medium
C007091,P0730,Electrical,Street Light Not Working,Sarakki,2026-07-24,Verified,15,1,No,Medium,Yes,1,Medium
C007092,P1413,Health,Increase in Mosquito Density,Whitefield,2026-07-24,Resolved,520,61,No,None,No,3,Low
C007093,P2859,Sewerage,Sewage Overflow,Dasarahalli,2026-07-24,Closed,190,31,Yes,Low,Yes,8,High
C007094,P1314,Electrical,Street Light Not Working,Varthur,2026-07-24,Resolved,85,5,No,High,Yes,2,Medium
C007095,P1314,Electrical,Street Light Not Working,Varthur,2026-07-24,Closed,85,5,,Medium,Yes,2,Medium
C007096,P0110,Solid Waste Management,Garbage Not Collected,Hoodi,2026-07-24,In Progress,323,119,Yes,None,Yes,2,High
C007097,P0573,Sewerage,Sewage Overflow,Dasarahalli,2026-07-24,Closed,100,31,Yes,Low,Yes,12,High
C007098,P0841,Road Infrastructure,Road Cutting Not Restored,Mathikere,2026-07-24,Resolved,20,1,No,Medium,Yes,12,Low
C007099,P0647,Solid Waste Management,Garbage Not Collected,Hoodi,2026-07-24,In Progress,323,165,Yes,None,Yes,2,High
C007100,P0341,Solid Waste Management,Garbage Dump,Arekere,2026-07-24,Closed,30,4,Yes,Low,Yes,2,Low
C007101,P0616,Road Maintenance,Road Maintenance Required,Kammanahalli,2026-07-24,Verified,75,0,No,High,No,6,Low
C007102,P1564,Road Maintenance,Footpath Damage,Begur,2026-07-24,Resolved,50,8,No,High,No,8,Medium
C007103,P0383,Health,Increase in Mosquito Density,Hosahalli,2026-07-24,Closed,110,6,No,Low,Yes,6,Low
C007104,P1621,Road Maintenance,Road Maintenance Required,Kammanahalli,2026-07-24,Assigned,110,1,No,Medium,No,4,Low
C007105,P0101,Solid Waste Management,Garbage Not Collected,Jalahalli,2026-07-24,Closed,40,7,No,Low,Yes,2,Low
C007106,P0446,Drainage,Drain Blockage,Hennur,2026-07-24,Closed,100,6,Yes,None,Yes,12,Medium
C007107,P0244,Water Supply,Pipeline Leakage,Mahadevapura,2026-07-24,Closed,90,11,No,High,No,24,High
C007108,P1815,Electrical,Exposed Electrical Wires,Nagarbhavi,2026-07-24,Closed,65,6,No,High,No,3,High
C007109,P2502,Solid Waste Management,Garbage Not Collected,Mathikere,2026-07-24,Resolved,31,1,Yes,None,Yes,1,Low
C007110,P1793,Water Supply,Pipeline Leakage,Mahadevapura,2026-07-24,Resolved,,13,No,High,No,24,High
C007111,P1722,Solid Waste Management,Garbage Vehicle Not Arrived,Kadugodi,2026-07-24,Resolved,117,48,Yes,None,Yes,,Medium
C007112,P1781,Health,Increase in Mosquito Density,Dasarahalli,2026-07-24,Assigned,360,143,Yes,Low,Yes,,Low
C007113,P1096,Street Infrastructure,Damaged Signboard,Kadugodi,2026-07-24,Resolved,50,2,No,None,No,8,Low
C007114,P0383,Electrical,Multiple Street Lights Not Working,Hosahalli,2026-07-24,Resolved,110,34,No,,No,4,High
C007115,P0383,Electrical,Multiple Street Lights Not Working,Hosahalli,2026-07-24,Resolved,110,34,No,Medium,No,4,High
C007116,P1443,Electrical,Multiple Street Lights Not Working,Sadashivanagar,2026-07-24,Resolved,200,40,No,Low,Yes,3,Medium
C007117,P1054,Road Maintenance,Road Maintenance Required,Padmanabhanagar,2026-07-24,Closed,290,29,No,Low,No,6,Low
C007118,P2656,Revenue Department,Property Tax Query,Padmanabhanagar,2026-07-24,Closed,15,2,,None,Yes,0.5,Low
C007119,P0841,Solid Waste Management,Garbage Not Collected,Mathikere,2026-07-24,Assigned,200,17,Yes,,No,2,Medium
C007120,P2675,Electrical,Street Light Not Working,Peenya,2026-07-24,Closed,443,60,No,Medium,Yes,0.5,Medium
C007121,P2859,Health,Increase in Mosquito Density,Dasarahalli,2026-07-24,Registered,427,79,Yes,Low,Yes,4,Medium
C007122,P1086,Drainage,Drain Blockage,Mathikere,2026-07-25,Resolved,40,0,No,Low,Yes,8,Medium
C007123,P1350,Drainage,Damaged Drain,Kadugodi,2026-07-25,Resolved,25,2,No,Medium,No,48,Medium
C007124,P0216,Road Maintenance,Road Maintenance Required,Yelahanka,2026-07-25,In Progress,120,10,No,High,Yes,12,High
C007125,P1115,Revenue Department,Khata Related Issue,Hosahalli,2026-07-25,Resolved,1,0,Yes,None,No,2,Low
C007126,P2428,Road Maintenance,Pothole,Sadashivanagar,2026-07-25,Closed,390,22,Yes,Medium,Yes,2,Medium
C007127,P2178,Water Supply,Water Leakage,Chamrajpet,2026-07-25,Closed,638,22,Yes,None,No,12,Low
C007128,P0639,Solid Waste Management,Sweeping Not Done,Shantinagar,2026-07-25,Closed,100,4,No,None,Yes,4,Low
C007129,P0702,Road Infrastructure,Road Encroachment,Kadugodi,2026-07-25,Resolved,100,11,No,Low,Yes,8,Medium
C007130,P0210,Road Maintenance,Footpath Damage,Begur,2026-07-25,Resolved,50,17,,Critical,No,8,Medium
C007131,P1182,Health,Increase in Mosquito Density,Dasarahalli,2026-07-25,Assigned,360,102,Yes,Low,Yes,4,Medium
C007132,P1553,Solid Waste Management,Garbage Not Collected,Yelahanka,2026-07-25,Resolved,70,13,No,None,No,2,Medium
C007133,P2793,Electrical,Multiple Street Lights Not Working,HSR Layout,2026-07-25,Resolved,48,16,Yes,Medium,Yes,,Medium
C007134,P1287,Road Maintenance,Pothole,Kodigehalli,2026-07-25,Closed,160,19,No,High,Yes,2,High
C007135,P0639,Water Supply,No Water Supply,Shantinagar,2026-07-25,Closed,1100,105,Yes,High,Yes,2,Critical
C007136,P2291,Solid Waste Management,Garbage Not Collected,BTM Layout,2026-07-25,Closed,65,2,No,Low,Yes,,Low
C007137,P2078,Drainage,Drain Blockage,Hennur,2026-07-25,Resolved,90,4,Yes,None,Yes,12,Medium
C007138,P1410,Electrical,Damaged Street Light,Varthur,2026-07-25,Assigned,510,62,No,Low,Yes,3,Low
C007139,P1899,Solid Waste Management,Garbage Not Collected,Yelahanka,2026-07-26,Resolved,90,19,No,None,No,2,Medium
C007140,P2197,Solid Waste Management,Garbage Dumping in Vacant Site,Vijayanagar,2026-07-26,Assigned,173,32,Yes,Medium,Yes,4,Medium
C007141,P2257,Road Maintenance,Pothole,Sadashivanagar,2026-07-26,Closed,390,22,Yes,Medium,Yes,2,Medium
C007142,P0281,Water Supply,No Water Supply,Shantinagar,2026-07-26,Resolved,1800,183,Yes,High,No,3,Critical
C007143,P2020,Road Maintenance,Pothole,Sarakki,2026-07-26,Resolved,120,9,No,Medium,Yes,8,Medium
C007144,P1214,Water Supply,Low Water Pressure,Padmanabhanagar,2026-07-26,Resolved,140,16,Yes,Low,No,4,Medium
C007145,P1162,Electrical,Damaged Street Light,Nagarbhavi,2026-07-26,In Progress,4,0,No,Critical,No,2,High
C007146,P0751,Solid Waste Management,Garbage Dumping in Vacant Site,Basavanagudi,2026-07-26,Resolved,220,32,No,Low,Yes,8,Low
C007147,P2969,Electrical,Street Light Not Working,Hebbal,2026-07-26,Resolved,9,0,No,High,Yes,2,Medium
C007148,P0081,Sewerage,Manhole Overflow,Marathahalli,2026-07-26,Resolved,390,65,,Medium,Yes,4,High
C007149,P1742,Solid Waste Management,Garbage Dumping in Vacant Site,Basavanagudi,2026-07-26,Resolved,212,42,No,Low,No,8,Low
C007150,P0076,Road Infrastructure,Speed Breaker Required,Domlur,2026-07-26,Resolved,197,90,No,Low,No,16,Medium
C007151,P2197,Electrical,Exposed Electrical Wires,Vijayanagar,2026-07-26,Resolved,15,2,Yes,Critical,Yes,4,High
C007152,P0587,Water Supply,Low Water Pressure,Padmanabhanagar,2026-07-26,Resolved,170,17,Yes,Low,No,4,High
C007153,P1054,Water Supply,Low Water Pressure,Padmanabhanagar,2026-07-26,Resolved,140,15,Yes,Low,No,4,Medium
C007154,P1853,Road Maintenance,Pothole,Padmanabhanagar,2026-07-26,Resolved,640,38,No,Low,No,4,Low
C007155,P0794,Solid Waste Management,Garbage Not Collected,Yelahanka,2026-07-26,Resolved,120,24,No,None,No,3,Medium
C007156,P1605,Solid Waste Management,Garbage Not Collected,Ulsoor,2026-07-27,Resolved,200,44,Yes,Low,Yes,0.5,Low
C007157,P2701,Electrical,Damaged Street Light,Nagarbhavi,2026-07-27,In Progress,2,0,No,Critical,,2,High
C007158,P1141,Public Sanitation,Unclean Public Area,Marathahalli,2026-07-27,Assigned,290,98,No,Low,Yes,4,Medium
C007159,P2939,Solid Waste Management,Garbage Not Collected,Yelahanka,2026-07-27,Closed,95,31,No,None,No,2,Medium
C007160,P2321,Road Maintenance,Pothole,Padmanabhanagar,2026-07-27,Resolved,330,,No,Low,Yes,4,Low
C007161,P1926,Electrical,Street Light Not Working,JP Nagar,2026-07-27,Resolved,20,3,Yes,Medium,No,3,Medium
C007162,P0858,Drainage,Drain Overflow,HSR Layout,2026-07-27,Verified,841,45,No,Low,Yes,24,Medium
C007163,P2333,Solid Waste Management,Garbage Not Collected,Ulsoor,2026-07-27,Resolved,200,43,Yes,Low,Yes,1,Low
C007164,P0540,Sewerage,Sewage Overflow,Hennur,2026-07-27,Resolved,169,15,Yes,Medium,No,24,High
C007165,P2889,Road Maintenance,Pothole,Kodigehalli,2026-07-27,Resolved,160,22,No,,Yes,3,High
C007166,P1899,Solid Waste Management,Garbage Not Collected,Ulsoor,2026-07-27,Resolved,200,41,Yes,Low,Yes,2,Low
C007167,P0961,Road Maintenance,Pothole,Shantinagar,2026-07-27,Resolved,230,12,No,Medium,Yes,4,Low
C007168,P0107,Road Maintenance,Pothole,Shantinagar,2026-07-27,Resolved,240,12,No,Medium,Yes,4,Low
C007169,P0748,Road Infrastructure,Road Signage Missing,Gandhinagar,2026-07-27,Resolved,95,26,No,Medium,Yes,8,Medium
C007170,P0212,Drainage,Drain Overflow,HSR Layout,2026-07-27,Verified,1000,63,No,Low,Yes,16,Medium
C007171,P1363,Solid Waste Management,Garbage Dump,Rajajinagar,2026-07-27,Closed,129,5,Yes,Medium,Yes,6,Medium
C007172,P0580,Others,Miscellaneous Complaint,Malleshwaram,2026-07-27,Resolved,6,1,Yes,High,No,2,Low
C007173,P1087,Public Sanitation,Public Toilet Not Maintained,Whitefield,2026-07-27,In Progress,430,66,Yes,Low,No,3,High
C007174,P2035,Public Sanitation,Public Toilet Not Maintained,Whitefield,2026-07-27,Resolved,450,93,Yes,Medium,No,4,High
C007175,P2291,Electrical,Street Light Not Working,JP Nagar,2026-07-27,Resolved,20,3,Yes,Low,No,3,Medium
C007176,P2504,Public Sanitation,Public Toilet Not Maintained,Shantinagar,2026-07-27,Closed,75,15,No,Low,Yes,3,High
C007177,P0651,Public Sanitation,Public Toilet Not Maintained,Whitefield,2026-07-27,Resolved,420,55,Yes,Low,No,4,High
C007178,P0349,Solid Waste Management,Sweeping Not Done,Electronic City,2026-07-27,Resolved,75,,No,Low,No,1,Low
C007179,P2176,Solid Waste Management,Garbage Dump,Electronic City,2026-07-28,Resolved,50,8,No,Low,No,4,High
C007180,P2430,Sewerage,Sewer Line Blockage,Hebbal,2026-07-28,Closed,207,10,No,High,No,2,High
C007181,P2795,Solid Waste Management,Garbage Dump,Electronic City,2026-07-28,Resolved,30,4,No,None,No,4,Medium
C007182,P0708,Solid Waste Management,Garbage Dump,Electronic City,2026-07-28,Closed,45,6,No,Low,No,4,Medium
C007183,P1445,Solid Waste Management,Garbage Not Collected,Hoodi,2026-07-28,Resolved,120,23,No,High,No,4,Medium
C007184,P0038,Solid Waste Management,Garbage Vehicle Not Arrived,Sarakki,2026-07-28,Closed,160,19,Yes,Low,No,,Medium
C007185,P1087,Solid Waste Management,Garbage Vehicle Not Arrived,Whitefield,2026-07-28,Closed,110,8,No,Low,Yes,2,Low
C007186,P2789,Street Infrastructure,Bus Shelter Damaged,Malleshwaram,2026-07-28,In Progress,30,7,No,Critical,No,16,Medium
C007187,P1163,Drainage,Damaged Drain,Koramangala,2026-07-28,In Progress,127,6,No,Low,Yes,48,Medium
C007188,P1900,Solid Waste Management,Garbage Dump,Sarakki,2026-07-28,Closed,220,9,Yes,Critical,Yes,2,High
C007189,P0232,Public Sanitation,Public Toilet Not Maintained,Whitefield,2026-07-28,Resolved,450,56,Yes,Low,No,4,High
C007190,P0449,Solid Waste Management,Garbage Vehicle Not Arrived,Whitefield,2026-07-28,Closed,110,6,No,Low,Yes,2,Low
C007191,P0745,Sewerage,Sewer Line Blockage,Hebbal,2026-07-28,Resolved,145,12,No,High,No,1,High
C007192,P2445,Road Maintenance,Pothole,Mathikere,2026-07-28,In Progress,102,3,No,None,Yes,2,Low
C007193,P0577,Solid Waste Management,Garbage Vehicle Not Arrived,Sarakki,2026-07-28,Resolved,130,15,Yes,Low,No,4,Medium
C007194,P1917,Solid Waste Management,Garbage Vehicle Not Arrived,Sadashivanagar,2026-07-28,Closed,240,49,No,None,Yes,1,Low
C007195,P2189,Drainage,Damaged Drain,Yeshwanthpur,2026-07-28,Closed,70,10,No,Medium,No,24,High
C007196,P1749,Solid Waste Management,Garbage Dumping in Vacant Site,Peenya,2026-07-29,In Progress,20,1,No,Medium,Yes,,Medium
C007197,P2572,Drainage,Drain Blockage,Malleshwaram,2026-07-29,Resolved,100,5,No,Medium,No,8,Medium
C007198,P1694,Sewerage,Sewage Overflow,Whitefield,2026-07-29,Closed,25,3,No,None,No,24,Low
C007199,P2564,Electrical,Street Light Not Working,Sadashivanagar,2026-07-29,Closed,35,3,No,Medium,No,1,Medium
C007200,P0967,Street Infrastructure,Damaged Signboard,Gandhinagar,2026-07-29,Assigned,400,27,No,Low,No,6,Medium
C007201,P0349,Solid Waste Management,Garbage Dump,Electronic City,2026-07-29,Resolved,75,15,No,Low,No,4,Medium
C007202,P0115,Electrical,Street Light Not Working,Ulsoor,2026-07-29,Closed,30,6,No,Low,Yes,1,Medium
C007203,P1619,Solid Waste Management,Garbage Dump,Rajajinagar,2026-07-29,Resolved,60,2,Yes,High,No,4,Medium
C007204,P1797,Road Maintenance,Footpath Damage,Kadugodi,2026-07-29,Resolved,180,41,No,Medium,No,4,Medium
C007205,P0708,Sewerage,Manhole Overflow,Shivajinagar,2026-07-29,Resolved,120,7,No,High,No,8,Medium
C007206,P1436,Sewerage,Sewer Line Blockage,Hebbal,2026-07-29,Resolved,150,10,No,High,No,2,Medium
C007207,P1053,Solid Waste Management,Garbage Dumping in Vacant Site,Hosahalli,2026-07-29,Resolved,90,11,Yes,Critical,No,12,High
C007208,P1211,Drainage,Drain Blockage,Malleshwaram,2026-07-29,Resolved,100,5,No,Medium,No,8,Medium
C007209,P1268,Water Supply,No Water Supply,Hosahalli,2026-07-29,Resolved,1001,88,Yes,Medium,Yes,6,High
C007210,P0692,Drainage,Damaged Drain,Hosahalli,2026-07-29,Closed,20,0,No,None,No,8,Low
C007211,P1004,Others,Miscellaneous Complaint,Sarakki,2026-07-29,Assigned,4,0,No,None,No,1,Low
C007212,P0764,Road Maintenance,Road Surface Damage,Hosahalli,2026-07-29,Resolved,530,8,No,Low,Yes,48,Low
C007213,P2855,Road Maintenance,Road Maintenance Required,Chamrajpet,2026-07-29,Assigned,85,1,No,None,No,4,Low
C007214,P1017,Electrical,Street Light Not Working,Ulsoor,2026-07-29,Closed,25,1,No,Medium,Yes,1,Low
C007215,P2017,Solid Waste Management,Sweeping Not Done,Electronic City,2026-07-29,Resolved,90,7,No,Low,No,,Low
C007216,P0383,Others,Illegal Construction,Hosahalli,2026-07-29,In Progress,55,2,No,Medium,No,8,Low
C007217,P1710,Electrical,Exposed Electrical Wires,Kadugodi,2026-07-29,Resolved,150,43,No,High,No,4,Medium
C007218,P1211,Sewerage,Sewer Line Blockage,Hebbal,2026-07-29,Resolved,100,6,No,High,No,2,High
C007219,P1797,Electrical,Damaged Street Light,Kadugodi,2026-07-29,Closed,25,,No,High,No,4,Medium
C007220,P0746,Electrical,Street Light Not Working,Sadashivanagar,2026-07-29,Resolved,,5,No,High,Yes,0.5,Medium
C007221,P2048,Electrical,Street Light Not Working,Ulsoor,2026-07-29,Closed,35,7,No,Medium,Yes,2,Medium
C007222,P2711,Water Supply,Low Water Pressure,Jayanagar,2026-07-30,Resolved,1200,103,Yes,None,No,12,Medium
C007223,P2432,Water Supply,No Water Supply,Mathikere,2026-07-30,Resolved,95,17,Yes,Low,No,2,Medium
C007224,P0383,Road Maintenance,Road Surface Damage,Hosahalli,2026-07-30,Resolved,530,,No,Low,Yes,48,Low
C007225,P0383,Road Maintenance,Road Surface Damage,Hosahalli,2026-07-30,Resolved,530,4,No,Low,Yes,48,Low
C007226,P2005,Public Sanitation,Garbage Burning,Basavanagudi,2026-07-30,Resolved,60,10,No,High,No,3,High
C007227,P0938,Water Supply,No Water Supply,Electronic City,2026-07-30,Resolved,65,2,Yes,Medium,Yes,6,Critical
C007228,P0422,Road Maintenance,Road Surface Damage,BTM Layout,2026-07-30,Resolved,1400,190,No,Low,Yes,8,High
C007229,P2146,Sewerage,Sewer Line Blockage,Hoodi,2026-07-30,Closed,40,1,Yes,None,Yes,2,Medium
C007230,P0513,Solid Waste Management,Garbage Not Collected,Hoodi,2026-07-30,Resolved,120,31,No,High,No,4,High
C007231,P2467,Sewerage,Sewer Line Blockage,Hoodi,2026-07-30,Closed,40,1,Yes,None,Yes,2,Medium
C007232,P2419,Sewerage,Sewer Line Blockage,Hoodi,2026-07-30,Closed,50,1,Yes,Low,Yes,2,Medium
C007233,P1373,Sewerage,Sewer Line Blockage,Hoodi,2026-07-30,Resolved,30,1,Yes,Low,Yes,2,High
C007234,P0023,Road Maintenance,Road Surface Damage,Byatarayanapura,2026-07-30,Resolved,20,,No,Low,No,12,Medium
C007235,P0555,Sewerage,Manhole Overflow,Padmanabhanagar,2026-07-30,Closed,60,5,Yes,Medium,No,6,Medium
C007236,P1467,Solid Waste Management,Garbage Dumping in Vacant Site,Peenya,2026-07-30,Assigned,20,1,No,Medium,Yes,3,Medium
C007237,P2351,Sewerage,Sewer Line Blockage,Hoodi,2026-07-30,Closed,40,1,Yes,Medium,No,1,Medium
C007238,P0573,Public Sanitation,Unclean Public Area,Hosahalli,2026-07-30,Resolved,31,4,No,Medium,Yes,4,Low
C007239,P2352,Sewerage,Sewer Line Blockage,Hoodi,2026-07-30,Closed,35,1,Yes,Low,Yes,2,Medium
C007240,P1817,Water Supply,No Water Supply,Hosahalli,2026-07-30,Resolved,890,84,Yes,Medium,Yes,6,High
C007241,P1549,Sewerage,Sewer Line Blockage,Hoodi,2026-07-30,Resolved,40,1,Yes,Low,Yes,2,Medium
C007242,P2724,Road Infrastructure,Road Cutting Not Restored,Indiranagar,2026-07-30,Resolved,196,10,No,High,Yes,4,High
C007243,P0546,Electrical,Damaged Street Light,Hebbal,2026-07-30,In Progress,7,0,No,High,No,4,Medium
C007244,P0218,Solid Waste Management,Garbage Vehicle Not Arrived,Sarakki,2026-07-30,Closed,140,19,Yes,Low,No,3,Medium
C007245,P1926,Street Infrastructure,Fallen Tree Branch,JP Nagar,2026-07-30,Resolved,20,3,No,High,No,4,Medium
C007246,P1076,Health,Stray Dog Menace,Sarakki,2026-07-30,Resolved,80,27,No,High,Yes,1,Medium
C007247,P0456,Water Supply,No Water Supply,Hennur,2026-07-30,Resolved,510,82,Yes,None,No,4,High
C007248,P2914,Road Maintenance,Road Surface Damage,Ulsoor,2026-07-30,Verified,55,1,No,Low,Yes,24,Medium
C007249,P0194,Public Sanitation,Unclean Public Area,Hosahalli,2026-07-30,Resolved,31,2,No,Low,Yes,4,Low
C007250,P2447,Road Maintenance,Footpath Damage,Kadugodi,2026-07-30,Resolved,260,48,No,High,No,3,Medium
C007251,P1567,Water Supply,No Water Supply,Mathikere,2026-07-30,Closed,137,21,Yes,Low,No,3,High
C007252,P2764,Electrical,Street Light Not Working,Sadashivanagar,2026-07-30,Resolved,35,4,No,High,No,1,Medium
C007253,P0823,Road Maintenance,Road Surface Damage,Ulsoor,2026-07-30,Assigned,60,0,No,Low,Yes,24,Low
C007254,P0787,Water Supply,No Water Supply,Mathikere,2026-07-30,Resolved,100,25,Yes,Low,No,2,Medium
C007255,P2142,Solid Waste Management,Garbage Vehicle Not Arrived,Yeshwanthpur,2026-07-30,Closed,50,2,Yes,High,No,2,Low
C007256,P2913,Solid Waste Management,Garbage Dumping in Vacant Site,Hosahalli,2026-07-30,Resolved,85,11,No,High,No,12,High
C007257,P2205,Public Sanitation,Garbage Burning,Shantinagar,2026-07-30,Resolved,870,80,Yes,Medium,Yes,2,Medium
C007258,P0473,Electrical,Street Light Not Working,Kadugodi,2026-07-31,Resolved,60,4,No,Low,Yes,2,Low
C007259,P1445,Sewerage,Sewer Line Blockage,Hoodi,2026-07-31,Resolved,40,1,Yes,None,Yes,1,Medium
C007260,P1567,Water Supply,No Water Supply,Mathikere,2026-07-31,Closed,137,21,Yes,Low,No,3,High
C007261,P2690,Electrical,Multiple Street Lights Not Working,Koramangala,2026-07-31,Resolved,340,4,No,Low,Yes,2,Medium
C007262,P0392,Road Infrastructure,Pothole,Chickpet,2026-07-31,Resolved,160,38,No,Medium,No,8,Medium
C007263,P2109,Water Supply,No Water Supply,Hennur,2026-07-31,Resolved,710,167,Yes,None,No,4,High
C007264,P0680,Drainage,Open Drain,Shantinagar,2026-07-31,Resolved,85,20,No,Low,Yes,12,High
C007265,P2471,Sewerage,Sewage Overflow,Electronic City,2026-07-31,Assigned,84,16,Yes,Critical,Yes,,Critical
C007266,P0925,Public Sanitation,Garbage Burning,Gandhinagar,2026-07-31,Resolved,696,145,No,High,Yes,1,High
C007267,P0772,Electrical,Damaged Street Light,JP Nagar,2026-07-31,Closed,15,1,No,Critical,No,2,Medium
C007268,P0498,Sewerage,Sewage Overflow,Electronic City,2026-07-31,Assigned,84,18,Yes,Critical,Yes,8,Critical
C007269,P0062,Drainage,Drain Blockage,Malleshwaram,2026-07-31,Resolved,100,3,No,Medium,No,6,Medium
C007270,P1638,Health,Increase in Mosquito Density,Hosahalli,2026-07-31,Resolved,800,68,No,Low,No,36,Medium
C007271,P0349,Sewerage,Sewage Overflow,Electronic City,2026-07-31,Assigned,90,15,Yes,Medium,Yes,12,Critical
C007272,P0641,Solid Waste Management,Garbage Vehicle Not Arrived,Yeshwanthpur,2026-07-31,Closed,20,1,Yes,High,No,2,Low
C007273,P0838,Sewerage,Sewage Overflow,Electronic City,2026-07-31,Assigned,99,14,Yes,High,Yes,8,Critical
C007274,P0753,Water Supply,No Water Supply,Hennur,2026-07-31,Resolved,12000,,Yes,None,No,4,High
C007275,P2406,Water Supply,No Water Supply,Mathikere,2026-07-31,Resolved,100,19,Yes,Low,No,2,Medium
C007276,P0349,Sewerage,Sewage Overflow,Peenya,2026-07-31,Verified,65,8,Yes,High,No,8,High
C007277,P3000,Electrical,Exposed Electrical Wires,Sadashivanagar,2026-07-31,In Progress,30,0,No,Critical,No,4,Medium
C007278,P1949,Water Supply,No Water Supply,Electronic City,2026-07-31,Closed,90,1,Yes,Medium,Yes,8,Critical
C007279,P0555,Sewerage,Sewer Line Blockage,Hoodi,2026-07-31,Resolved,40,1,Yes,Low,Yes,3,Medium
C007280,P0250,Sewerage,Sewer Line Blockage ,Hoodi,2026-07-31,Closed,40,1,Yes,Low,Yes,3,Medium
C007281,P2198,Road Infrastructure,Road Cutting Not Restored,Indiranagar,2026-07-31,Resolved,196,,No,High,Yes,4,High
C007282,P2820,Street Infrastructure,Fallen Tree Branch,Shivajinagar,2026-07-31,Resolved,40,6,No,High,No,12,Medium
C007283,P2813,Health,Increase in Mosquito Density,Hosahalli,2026-07-31,Resolved,995,67,No,Low,No,24,Medium
C007284,P1378,Electrical,Street Light Not Working,Anjanapura,2026-07-31,Resolved,50,2,No,Medium,Yes,3,Medium
C007285,P0708,Water Supply,No Water Supply,Electronic City,2026-07-31,Resolved,95,2,Yes,Medium,Yes,8,Critical
C007286,P2084,Solid Waste Management,Garbage Dump,Hosahalli,2026-07-31,Resolved,141,19,Yes,Low,Yes,12,Medium
C007287,P0043,Revenue Department,Trade Licence Issue,Hoodi,2026-07-31,Resolved,4,0,No,None,No,0.5,Low
C007288,P2150,Others,Miscellaneous Complaint,Sarakki,2026-07-31,Assigned,4,0,No,None,No,,Low
C007289,P2896,Road Maintenance,Pothole,Anjanapura,2026-08-01,Closed,313,20,No,Critical,Yes,4,High
C007290,P1584,Solid Waste Management,Garbage Not Collected,Koramangala,2026-08-01,Resolved,420,85,Yes,None,No,8,Medium
C007291,P2045,Electrical,Multiple Street Lights Not Working,Yeshwanthpur,2026-08-01,Resolved,130,19,No,Low,No,8,Medium
C007292,P2737,Water Supply,No Water Supply,Mathikere,2026-08-01,Resolved,133,27,Yes,Low,No,2,Medium
C007293,P0746,Electrical,Multiple Street Lights Not Working,Yeshwanthpur,2026-08-01,Resolved,135,29,No,Low,No,12,Medium
C007294,P2416,Solid Waste Management,Garbage Not Collected,Kengeri,2026-08-01,Closed,540,79,No,Low,Yes,3,Low
C007295,P0215,Sewerage,Sewer Line Blockage,Hoodi,2026-08-01,Resolved,35,1,Yes,Low,Yes,2,Medium
C007296,P1807,Road Maintenance,Road Surface Damage,Byatarayanapura,2026-08-01,Closed,20,1,No,Low,No,12,Medium
C007297,P1959,Electrical,Street Light Not Working,Anjanapura,2026-08-01,Resolved,30,1,No,High,Yes,2,Medium
C007298,P1291,Sewerage,Sewer Line Blockage,Hoodi,2026-08-01,Closed,30,1,Yes,Low,Yes,2,Medium
C007299,P2191,Solid Waste Management,Garbage Not Collected,Koramangala,2026-08-01,Resolved,480,85,Yes,Low,No,8,Medium
C007300,P0498,Drainage,Drain Blockage,Electronic City,2026-08-01,Resolved,15,0,No,None,Yes,8,Low
C007301,P0347,Water Supply,No Water Supply,Electronic City,2026-08-01,Closed,80,2,,Medium,Yes,8,Critical
C007302,P1899,Electrical,Street Light Not Working,Yelahanka,2026-08-01,Closed,10,0,No,None,Yes,0.5,Low
C007303,P0918,Drainage,Drain Blockage,Dasarahalli,2026-08-01,Resolved,230,1,No,Medium,Yes,2,Low
C007304,P0873,Solid Waste Management,Garbage Not Collected,Dasarahalli,2026-08-01,Closed,60,2,Yes,Low,No,4,Low
C007305,P2084,Drainage,Drain Blockage,Hosahalli,2026-08-01,Verified,90,3,Yes,None,Yes,3,Low
C007306,P2656,Others,Miscellaneous Complaint,Padmanabhanagar,2026-08-01,Assigned,25,0,No,None,No,8,Medium
C007307,P2293,Road Maintenance,Footpath Damage,Hebbal,2026-08-01,Resolved,40,9,No,Low,No,24,Low
C007308,P2125,Drainage,Drain Blockage,Hosahalli,2026-08-01,Verified,90,5,Yes,None,Yes,1,Low
C007309,P0897,Sewerage,Sewer Line Blockage,Hoodi,2026-08-01,Closed,45,1,Yes,Medium,Yes,2,Medium
C007310,P2013,Road Maintenance,Pothole,Dasarahalli,2026-08-01,Resolved,35,3,No,High,Yes,8,Medium
C007311,P0699,Solid Waste Management,Garbage Vehicle Not Arrived,Yeshwanthpur,2026-08-01,Resolved,69,2,Yes,Medium,No,,Low
C007312,P0569,Electrical,Street Light Not Working,Kadugodi,2026-08-01,Closed,60,6,No,Low,Yes,2,Low
C007313,P1455,Sewerage,Sewage Overflow,Electronic City,2026-08-01,Assigned,80,8,Yes,High,Yes,8,Critical
C007314,P1959,Road Maintenance,Pothole,Anjanapura,2026-08-01,Resolved,250,12,No,Critical,Yes,4,Medium
C007315,P1959,Road Maintenance,Pothole,Anjanapura,2026-08-01,Resolved,250,12,No,High,,4,Medium
C007316,P0041,Road Maintenance,Road Surface Damage,BTM Layout,2026-08-01,Resolved,1425,129,No,Low,Yes,8,High
C007317,P1694,Road Maintenance,Pothole,Chickpet,2026-08-01,Resolved,220,23,No,High,No,8,Medium
C007318,P1054,Street Infrastructure,Damaged Signboard,KR Puram,2026-08-01,Assigned,120,8,,Low,No,8,Medium
C007319,P0546,Road Maintenance,Footpath Damage,Hebbal,2026-08-01,Resolved,39,7,No,Low,No,24,Low
C007320,P1895,Solid Waste Management,Garbage Dumping in Vacant Site,Yeshwanthpur,2026-08-01,Resolved,80,0,Yes,Low,Yes,4,Medium
C007321,P0497,Water Supply,No Water Supply,Mathikere,2026-08-01,Closed,100,14,,Medium,No,,Medium
C007322,P1903,Public Sanitation,Unclean Public Area,Begur,2026-08-01,Resolved,7,0,No,Medium,No,3,Low
C007323,P1798,Solid Waste Management,Garbage Dumping in Vacant Site,Yeshwanthpur,2026-08-01,Closed,,0,Yes,Low,Yes,,Medium
C007324,P2937,Street Infrastructure,Fallen Tree Branch,Sadashivanagar,2026-08-01,Resolved,31,2,No,High,No,8,High
C007325,P0079,Sewerage,Sewage Overflow,Electronic City,2026-08-02,Assigned,95,16,Yes,High,Yes,8,Critical
C007326,P2720,Electrical,Multiple Street Lights Not Working,Yeshwanthpur,2026-08-02,Resolved,239,28,No,Low,No,8,Medium
C007327,P2623,Road Maintenance,Pothole,Hennur,2026-08-02,Resolved,25,1,No,Medium,No,4,Medium
C007328,P0802,Solid Waste Management,Garbage Not Collected,Kadugodi,2026-08-02,In Progress,25,4,No,Medium,Yes,2,Medium
C007329,P1359,Water Supply,No Water Supply,Hennur,2026-08-02,Resolved,1321,341,No,None,No,4,High
C007330,P0750,Electrical,Multiple Street Lights Not Working,Yeshwanthpur,2026-08-02,Resolved,130,12,No,Low,No,8,Medium
C007331,P2823,Solid Waste Management,Garbage Not Collected,Dasarahalli,2026-08-02,Resolved,60,2,Yes,None,No,4,Low
C007332,P1320,Solid Waste Management,Garbage Not Collected,Koramangala,2026-08-02,Resolved,420,122,Yes,None,No,8,Medium
C007333,P0699,Electrical,Multiple Street Lights Not Working,Yeshwanthpur,2026-08-02,Closed,95,15,No,Low,No,8,Medium
C007334,P1764,Solid Waste Management,Garbage Not Collected,Dasarahalli,2026-08-02,Resolved,40,,Yes,Low,Yes,4,Low
C007335,P0498,Solid Waste Management,Garbage Vehicle Not Arrived,Electronic City,2026-08-02,Closed,15,0,No,Medium,No,1,Low
C007336,P1527,Road Maintenance,Pothole,Hennur,2026-08-02,Closed,25,1,No,High,No,4,Medium
C007337,P2185,Road Maintenance,Footpath Damage,Hebbal,2026-08-02,Resolved,39,5,No,None,No,24,Low
C007338,P2192,Solid Waste Management,Garbage Not Collected,Kadugodi,2026-08-02,In Progress,32,5,No,High,No,2,Medium
C007339,P1789,Solid Waste Management,Garbage Not Collected,Kammanahalli,2026-08-02,Resolved,60,2,Yes,None,No,8,Low
C007340,P0369,Health,Stray Dog Menace,Shantinagar,2026-08-02,Closed,25,3,No,Low,No,1,Medium
C007341,P2762,Street Infrastructure,Fallen Tree Branch,Sadashivanagar,2026-08-02,Resolved,38,3,No,High,No,8,High
C007342,P2029,Road Maintenance,Pothole,Mathikere,2026-08-02,Resolved,130,2,No,Critical,Yes,3,High
C007343,P1095,Electrical,Multiple Street Lights Not Working,Chamrajpet,2026-08-02,Resolved,30,0,No,Medium,Yes,4,Low
C007344,P0720,Electrical,Multiple Street Lights Not Working,BTM Layout,2026-08-02,Resolved,130,1,No,High,No,3,High
C007345,P0952,Electrical,Multiple Street Lights Not Working,Chamrajpet,2026-08-02,Resolved,30,0,No,None,No,4,Low
C007346,P0016,Solid Waste Management,Garbage Not Collected,Dasarahalli,2026-08-02,Resolved,45,2,Yes,None,Yes,4,Low
C007347,P0013,Electrical,Multiple Street Lights Not Working,BTM Layout,2026-08-02,Resolved,75,0,No,High,No,4,High
C007348,P0612,Electrical,Street Light Not Working,Mathikere,2026-08-03,Resolved,,1,No,Medium,Yes,2,Medium
C007349,P2177,Road Maintenance,Pothole,Mathikere,2026-08-03,Resolved,104,2,No,High,Yes,2,High
C007350,P1368,Health,Increase in Mosquito Density,Hoodi,2026-08-03,Closed,30,15,Yes,Low,No,6,Medium
C007351,P1378,Electrical,Multiple Street Lights Not Working,BTM Layout,2026-08-03,Resolved,75,0,No,High,No,4,Critical
C007352,P2720,Electrical,Multiple Street Lights Not Working,Yeshwanthpur,2026-08-03,Resolved,239,28,No,Low,No,8,Medium
C007353,P0943,Electrical,Multiple Street Lights Not Working,Gandhinagar,2026-08-03,Resolved,200,49,No,High,No,6,High
C007354,P0125,Solid Waste Management,Garbage Not Collected,Banaswadi,2026-08-03,Closed,30,5,No,Low,No,1,Low
C007355,P1631,Solid Waste Management,Garbage Not Collected,Koramangala,2026-08-03,Resolved,510,87,Yes,Low,No,8,Medium
C007356,P1243,Drainage,Drain Blockage,Dasarahalli,2026-08-03,Resolved,230,1,No,Medium,No,2,Low
C007357,P0899,Street Infrastructure,Bus Shelter Damaged,Rajajinagar,2026-08-03,Resolved,160,11,No,,No,4,Medium
C007358,P0422,Electrical,Multiple Street Lights Not Working,BTM Layout,2026-08-03,Resolved,75,1,No,High,No,4,High
C007359,P1016,Road Infrastructure,Road Cutting Not Restored,Kengeri,2026-08-03,Resolved,290,30,No,Low,No,16,Medium
C007360,P2177,Electrical,Street Light Not Working,Mathikere,2026-08-03,Closed,15,1,No,Medium,Yes,2,Medium
C007361,P0307,Road Infrastructure,Road Cutting Not Restored,Kengeri,2026-08-03,Closed,240,17,No,Medium,No,16,Medium
C007362,P0810,Solid Waste Management,Garbage Not Collected,Banaswadi,2026-08-03,Closed,,3,No,Low,No,1,Low
C007363,P0810,Solid Waste Management,Garbage Not Collected,Banaswadi,2026-08-03,Registered,30,3,No,Low,No,1,Low
C007364,P2600,Electrical,Street Light Not Working,Hoodi,2026-08-03,Closed,536,11,No,Medium,Yes,1,Medium
C007365,P2274,Road Maintenance,Road Surface Damage,Vijayanagar,2026-08-03,Resolved,410,6,No,None,No,4,Low
C007366,P2691,Electrical,Damaged Street Light,Hosahalli,2026-08-03,Closed,30,1,No,High,Yes,3,Medium
C007367,P1976,Sewerage,Manhole Overflow,Shantinagar,2026-08-03,Resolved,30,5,No,,Yes,3,High
C007368,P1015,Water Supply,Water Leakage,Hoodi,2026-08-03,In Progress,448,30,Yes,None,Yes,12,Medium
C007369,P1503,Solid Waste Management,Garbage Not Collected,Banaswadi,2026-08-03,Resolved,45,1,No,Low,Yes,2,Low
C007370,P0383,Drainage,Drain Blockage,Hosahalli,2026-08-03,Registered,100,5,Yes,None,Yes,2,Medium
C007371,P2955,Electrical,Multiple Street Lights Not Working,Chamrajpet,2026-08-03,Resolved,30,0,No,Low,No,4,Low
C007372,P1763,Road Maintenance,Pothole,Anjanapura,2026-08-03,Resolved,250,7,No,Critical,Yes,4,High
C007373,P1771,Solid Waste Management,Garbage Not Collected,Dasarahalli,2026-08-03,Closed,45,1,Yes,None,No,6,Low
C007374,P0079,Drainage,Drain Blockage,Electronic City,2026-08-03,Closed,20,0,No,None,Yes,8,Low
C007375,P0890,Water Supply ,No Water Supply,Hosahalli,2026-08-03,Resolved,110,34,Yes,None,Yes,3,High
C007376,P0528,Public Sanitation,Public Toilet Not Maintained,Gandhinagar,2026-08-03,Resolved,220,,Yes,None,Yes,8,Low
C007377,P2089,Others,Miscellaneous Complaint,Kodigehalli,2026-08-03,Closed,15,2,No,,No,8,Low
C007378,P2734,Solid Waste Management,Garbage Vehicle Not Arrived,Bellandur,2026-08-04,Resolved,290,17,No,Critical,Yes,6,High
C007379,P0488,Water Supply,Pipeline Leakage,Dasarahalli,2026-08-04,Resolved,90,12,No,None,Yes,8,Low
C007380,P0909,Electrical,Damaged Street Light,Jalahalli,2026-08-04,Assigned,20,4,No,Low,Yes,6,Medium
C007381,P2538,Health,Increase in Mosquito Density,Bellandur,2026-08-04,Resolved,49,11,No,Low,Yes,8,Medium
C007382,P0974,Revenue Department,Trade Licence Issue,Mathikere,2026-08-04,In Progress,7,1,No,None,Yes,1,Low
C007383,P1953,Solid Waste Management,Garbage Not Collected,Banaswadi,2026-08-04,Closed,45,1,No,None,Yes,2,Low
C007384,P2395,Street Infrastructure,Bus Shelter Damaged,Mathikere,2026-08-04,Closed,14,4,No,None,Yes,16,Low
C007385,P0548,Public Sanitation,Public Toilet Not Maintained,Jalahalli,2026-08-04,Resolved,40,4,No,None,No,4,Low
C007386,P1626,Electrical,Multiple Street Lights Not Working,Chamrajpet,2026-08-04,Resolved,25,0,No,Low,Yes,4,Low
C007387,P1075,Solid Waste Management,Garbage Not Collected,Banaswadi,2026-08-04,Closed,50,1,No,Low,Yes,3,Low
C007388,P1095,Health,Increase in Mosquito Density,Chamrajpet,2026-08-04,Resolved,35,6,No,None,Yes,4,Medium
C007389,P1527,Street Infrastructure,Damaged Footpath Railing,Hennur,2026-08-04,Resolved,187,37,No,None,No,3,Low
C007390,P2811,Water Supply,No Water Supply,Padmanabhanagar,2026-08-04,Resolved,180,26,Yes,High,Yes,8,Critical
C007391,P1134,Road Infrastructure,Road Signage Missing,Yelahanka,2026-08-04,Resolved,190,10,No,None,No,2,Low
C007392,P0161,Electrical,Street Light Not Working,Yelahanka,2026-08-04,Closed,50,9,No,Medium,No,4,Low
C007393,P1453,Health,Increase in Mosquito Density,Hoodi,2026-08-04,Resolved,30,8,Yes,Low,No,4,Medium
C007394,P2070,Road Maintenance,Pothole,Mathikere,2026-08-04,Closed,104,1,No,High,Yes,2,High
C007395,P1764,Water Supply,Pipeline Leakage,Dasarahalli,2026-08-04,Closed,90,9,No,Low,Yes,8,Low
C007396,P1421,Road Infrastructure,Speed Breaker Required,Basavanagudi,2026-08-04,Closed,90,12,Yes,Low,No,8,High
C007397,P2862,Street Infrastructure,Fallen Tree Branch,Sarakki,2026-08-04,Assigned,6,0,No,High,,4,Medium
C007398,P1582,Electrical,Street Light Not Working,Hoodi,2026-08-04,Resolved,320,5,No,Medium,Yes,1,Medium
C007399,P2962,Solid Waste Management,Garbage Not Collected,Banaswadi,2026-08-04,Resolved,20,2,No,Low,No,1,Medium
C007400,P2259,Electrical,Multiple Street Lights Not Working,Chamrajpet,2026-08-04,Resolved,25,0,No,Low,Yes,4,Low
C007401,P1688,Drainage,Drain Overflow,Anjanapura,2026-08-04,Resolved,60,2,Yes,Low,No,16,Medium
C007402,P2291,Electrical,Multiple Street Lights Not Working,BTM Layout,2026-08-04,Resolved,75,1,No,High,No,4,High
C007403,P2291,Electrical,Multiple Street Lights Not Working,BTM Layout,2026-08-04,Resolved,65,1,No,High,No,4,High
C007404,P1453,Electrical,Electric Pole Damaged,Hoodi,2026-08-04,Closed,30,1,No,High,No,6,Medium
C007405,P0706,Electrical,Exposed Electrical Wires,Shantinagar,2026-08-04,Closed,15,3,No,High,No,4,Medium
C007406,P1314,Water Supply,No Water Supply,Varthur,2026-08-04,Resolved,1018,387,Yes,Low,No,12,Critical
C007407,P1892,Water Supply,No Water Supply,Hosahalli,2026-08-04,Resolved,110,26,Yes,None,Yes,6,High
C007408,P1273,Revenue Department,Khata Related Issue,Rajajinagar,2026-08-05,Closed,1,0,No,None,No,0.5,Low
C007409,P2186,Public Sanitation,Public Toilet Not Maintained,Gandhinagar,2026-08-05,Closed,160,6,No,None,Yes,8,Low
C007410,P2435,Health,Increase in Mosquito Density,Marathahalli,2026-08-05,Resolved,25,3,Yes,Medium,No,8,Medium
C007411,P2003,Water Supply,No Water Supply,Mathikere,2026-08-05,In Progress,340,48,Yes,Medium,No,12,Medium
C007412,P2718,Drainage,Damaged Drain,Marathahalli,2026-08-05,Resolved,90,,No,Low,No,24,Medium
C007413,P2718,Drainage,Damaged Drain,Marathahalli,2026-08-05,Resolved,80,6,No,Low,No,24,Medium
C007414,P2014,Drainage,Drain Blockage,Hoodi,2026-08-05,In Progress,45,5,Yes,Medium,Yes,12,High
C007415,P2161,Water Supply,No Water Supply,Mathikere,2026-08-05,Resolved,130,6,Yes,Medium,No,8,High
C007416,P2014,Health,Increase in Mosquito Density,Hoodi,2026-08-05,Resolved,30,11,Yes,Low,No,6,Medium
C007417,P2479,Solid Waste Management,Garbage Not Collected,Kadugodi,2026-08-05,Closed,30,1,Yes,None,Yes,12,Low
C007418,P0288,Water Supply,No Water Supply,Mathikere,2026-08-05,In Progress,150,17,Yes,Medium,No,8,Medium
C007419,P0285,Electrical,Electric Pole Damaged,Padmanabhanagar,2026-08-05,Closed,30,4,Yes,Medium,No,1,High
C007420,P2359,Electrical,Street Light Not Working,Varthur,2026-08-05,Resolved,10,0,No,Medium,No,6,Medium
C007421,P1442,Solid Waste Management,Garbage Not Collected,Banaswadi,2026-08-05,Resolved,30,,No,Low,No,2,Low
C007422,P2440,Electrical,Street Light Not Working,Varthur,2026-08-05,Resolved,15,0,No,High,No,4,Medium
C007423,P0185,Drainage,Drain Overflow,Hennur,2026-08-05,Resolved,140,12,Yes,Low,Yes,2,Medium
C007424,P2422,Road Maintenance,Road Surface Damage,Kadugodi,2026-08-05,Assigned,8000,,No,Medium,Yes,4,High
C007425,P1155,Revenue Department,Trade Licence Issue,Sadashivanagar,2026-08-05,Closed,3,0,No,None,No,1,Low
C007426,P1155,Revenue Department,Trade Licence Issue,Sadashivanagar,2026-08-05,Closed,3,0,No,None,No,1,Low
C007427,P0810,Solid Waste Management,Garbage Not Collected,Banaswadi,2026-08-05,Resolved,65,2,No,Low,Yes,2,Low
C007428,P2945,Road Maintenance,Road Surface Damage,Kadugodi,2026-08-05,Assigned,160,22,No,Medium,Yes,4,High
C007429,P0307,Road Infrastructure,Road Cutting Not Restored,Kengeri,2026-08-05,Closed,240,17,No,Medium,No,16,Medium
C007430,P2807,Drainage,Drain Overflow,Anjanapura,2026-08-05,Resolved,80,2,Yes,Low,No,12,Medium
C007431,P0393,Solid Waste Management,Garbage Not Collected,Kadugodi,2026-08-05,Resolved,30,1,Yes,None,No,8,Low
C007432,P1471,Public Sanitation,Public Toilet Not Maintained,Jalahalli,2026-08-05,Resolved,55,5,No,Low,No,4,Low
C007433,P0080,Water Supply,No Water Supply,Varthur,2026-08-05,Resolved,1018,255,Yes,Low,No,12,Critical
C007434,P1797,Road Maintenance,Road Surface Damage,Kadugodi,2026-08-06,In Progress,190,33,No,Medium,Yes,4,High
C007435,P1566,Water Supply,No Water Supply,Padmanabhanagar,2026-08-06,Closed,230,20,Yes,Critical,Yes,12,Critical
C007436,P2547,Drainage,Damaged Drain,Marathahalli,2026-08-06,Resolved,100,6,No,Low,No,36,Medium
C007437,P0888,Drainage,Damaged Drain,Marathahalli,2026-08-06,Resolved,100,8,No,Low,No,16,Medium
C007438,P2840,Drainage,Drain Overflow,Chickpet,2026-08-06,Resolved,520,200,Yes,Medium,No,4,High
C007439,P2045,Electrical,Street Light Not Working,Yeshwanthpur,2026-08-06,In Progress,9,4,No,Medium,No,1,High
C007440,P2204,Electrical,Street Light Not Working,Mathikere,2026-08-06,Resolved,20,1,No,High,No,2,Low
C007441,P2590,Road Maintenance,Pothole,Shantinagar,2026-08-06,Resolved,160,24,No,High,No,12,High
C007442,P0215,Electrical,Street Light Not Working,Hoodi,2026-08-06,Resolved,320,6,No,Medium,No,1,Low
C007443,P2434,Health,Increase in Mosquito Density,Chamrajpet,2026-08-06,Closed,35,9,No,Low,Yes,4,Medium
C007444,P2248,Solid Waste Management,Sweeping Not Done,Kammanahalli,2026-08-06,Closed,120,11,No,None,No,1,Low
C007445,P0826,Solid Waste Management,Garbage Dump,Bellandur,2026-08-06,Resolved,90,3,No,Medium,No,4,Low
C007446,P0511,Road Maintenance,Road Surface Damage,Kadugodi,2026-08-06,In Progress,110,16,Yes,Medium,Yes,6,High
C007447,P1605,Drainage,Drain Blockage,Ulsoor,2026-08-06,Resolved,720,7,No,Medium,Yes,4,Medium
C007448,P0868,Drainage,Drain Overflow,HSR Layout,2026-08-06,Closed,40,2,No,High,Yes,12,High
C007449,P2109,Street Infrastructure,Damaged Footpath Railing,Hennur,2026-08-06,Resolved,170,26,No,None,No,6,Low
C007450,P2337,Drainage,Drain Overflow,HSR Layout,2026-08-06,Resolved,40,3,No,High,Yes,12,High
C007451,P2908,Solid Waste Management,Sweeping Not Done,GANDHINAGAR,2026-08-06,Closed,85,3,Yes,Low,No,4,Medium
C007452,P1208,Health,Stray Dog Menace,Nagarbhavi,2026-08-06,Resolved,17,4,No,Low,No,4,Low
C007453,P0249,Drainage,Damaged Drain,Marathahalli,2026-08-06,Resolved,110,10,No,Low,No,24,Medium
C007454,P0032,Drainage,Drain Blockage,Sadashivanagar,2026-08-06,Verified,290,7,No,Low,No,8,Medium
C007455,P0698,Drainage,Drain Overflow,Chickpet,2026-08-06,Resolved,470,204,Yes,Medium,No,4,High
C007456,P0608,Road Maintenance,Pothole,Ulsoor,2026-08-06,Resolved,120,10,No,High,Yes,3,High
C007457,P0946,Road Maintenance,Footpath Damage,Varthur,2026-08-06,Resolved,290,6,No,Medium,No,36,Medium
C007458,P2087,Others,Illegal Construction,Sarakki,2026-08-06,Resolved,26,2,No,None,No,16,Low
C007459,P1608,Road Maintenance,Road Surface Damage,Kadugodi,2026-08-06,Assigned,160,16,No,Medium,Yes,4,Medium
C007460,P1662,Electrical,Street Light Not Working,Yeshwanthpur,2026-08-06,Resolved,10,,No,Low,No,1,High
C007461,P2376,Drainage,Drain Overflow,Anjanapura,2026-08-06,Resolved,75,3,Yes,Medium,No,12,Medium
C007462,P1866,Road Maintenance,Pothole,Dasarahalli,2026-08-07,Verified,160,10,No,Critical,Yes,16,Critical
C007463,P0285,Electrical,Exposed Electrical Wires,Padmanabhanagar,2026-08-07,Closed,180,25,No,High,No,3,High
C007464,P0160,Solid Waste Management,Garbage Not Collected,Hennur,2026-08-07,Resolved,7,1,No,Low,Yes,4,Low
C007465,P0570,Road Maintenance,Road Surface Damage,Vijayanagar,2026-08-07,Resolved,350,7,No,High,Yes,16,High
C007466,P0144,Sewerage,Sewage Overflow,JP Nagar,2026-08-07,Verified,420,134,Yes,Medium,No,8,Medium
C007467,P2134,Drainage,Drain Blockage,Hoodi,2026-08-07,Resolved,65,5,Yes,High,Yes,,High
C007468,P1016,Drainage,Drain Blockage,Kengeri,2026-08-07,Closed,340,11,Yes,Low,No,2,High
C007469,P1456,Road Maintenance,Pothole,Arekere,2026-08-07,Resolved,25,0,No,Medium,No,4,Low
C007470,P2623,Solid Waste Management,Garbage Not Collected,Hennur,2026-08-07,Resolved,7,1,No,Low,Yes,4,Low
C007471,P2094,Health,Increase in Mosquito Density,Hebbal,2026-08-07,Resolved,210,,No,High,Yes,1,Critical
C007472,P2641,Electrical,Street Light Not Working,Bellandur,2026-08-07,Resolved,60,6,No,High,Yes,1,Medium
C007473,P0618,Water Supply,No Water Supply,Mathikere,2026-08-07,Assigned,203,30,Yes,Medium,No,12,Medium
C007474,P2550,Health,Increase in Mosquito Density,Mathikere,2026-08-07,Verified,290,100,Yes,Medium,Yes,12,High
C007475,P1152,Road Maintenance,Pothole,Rajarajeshwari Nagar,2026-08-07,Resolved,120,4,No,Medium,Yes,16,High
C007476,P1207,Drainage,Drain Overflow,Nagarbhavi,2026-08-07,Closed,90,6,No,Medium,No,4,Medium
C007477,P1368,Drainage,Drain Blockage,Hoodi,2026-08-07,Resolved,65,6,Yes,High,Yes,8,High
C007478,P2491,Health,Increase in Mosquito Density,Varthur,2026-08-07,Resolved,230,38,No,Medium,Yes,4,High
C007479,P1373,Revenue Department,Khata Related Issue,Hoodi,2026-08-07,Resolved,5,0,No,None,Yes,1,Low
C007480,P1815,Drainage,Drain Overflow,Nagarbhavi,2026-08-07,Resolved,50,1,No,Medium,No,,Medium
C007481,P1527,Revenue Department,Trade Licence Issue,Sadashivanagar,2026-08-07,Resolved,3,0,No,None,No,2,Low
C007482,P2249,Health,Increase in Mosquito Density,Varthur,2026-08-07,Resolved,230,54,No,Medium,Yes,4,High
C007483,P1674,Electrical,Damaged Street Light,Nagarbhavi,2026-08-07,Resolved,8,1,No,Low,Yes,2,Medium
C007484,P1909,Road Maintenance,Footpath Damage,Malleshwaram,2026-08-07,Assigned,192,15,No,High,Yes,8,Medium
C007485,P1474,Water Supply,No Water Supply,Mathikere,2026-08-07,Resolved,210,9,Yes,High,No,12,High
C007486,P1474,Water Supply,No Water Supply,Mathikere,2026-08-07,Closed,210,9,Yes,High,No,12,High
C007487,P2255,Electrical,Street Light Not Working,Bellandur,2026-08-07,Resolved,60,4,No,High,Yes,1,Medium
C007488,P2962,Road Maintenance,Road Maintenance Required,Banaswadi,2026-08-07,In Progress,45,1,No,Low,No,4,Low
C007489,P1902,Road Maintenance,Pothole,Hosahalli,2026-08-07,Resolved,44,9,No,Medium,Yes,4,Medium
C007490,P1552,Drainage,Drain Blockage,Padmanabhanagar,2026-08-07,Closed,127,25,No,Low,Yes,12,Low
C007491,P0951,Road Maintenance,Footpath Damage,Malleshwaram,2026-08-07,Assigned,192,24,No,Medium,Yes,6,Medium
C007492,P1771,Solid Waste Management,Garbage Not Collected,Dasarahalli,2026-08-07,Closed,220,42,No,Low,Yes,3,Low
C007493,P2279,Road Maintenance,Pothole,Hosahalli,2026-08-07,Resolved,55,9,Yes,Medium,Yes,3,Medium
C007494,P2564,Sewerage,Sewage Overflow,Sadashivanagar,2026-08-07,Closed,60,22,,Low,Yes,4,Low
C007495,P0865,Drainage,Drain Blockage,Kengeri,2026-08-07,Resolved,390,28,No,None,No,2,Medium
C007496,P0023,Road Maintenance,Pothole,Byatarayanapura,2026-08-07,Resolved,950,36,No,Medium,Yes,24,Medium
C007497,P2358,Electrical,Electric Pole Damaged,Padmanabhanagar,2026-08-07,Closed,30,4,No,Medium,Yes,2,High
C007498,P2358,Electrical,Electric Pole Damaged,Padmanabhanagar,2026-08-07,Closed,30,,No,Medium,Yes,2,High
C007499,P2249,Electrical,Street Light Not Working,Varthur,2026-08-07,Resolved,14,1,No,Medium,No,3,Medium
C007500,P1945,Road Maintenance,Pothole,Shantinagar,2026-08-07,Closed,95,14,No,Medium,Yes,24,Low
C007501,P0555,Street Infrastructure,Street Light Not Working,Hoodi,2026-08-07,Closed,55,2,No,Medium,Yes,2,High
C007502,P1157,Drainage,Drain Blockage,Sadashivanagar,2026-08-07,Verified,330,7,,Low,No,8,Medium
C007503,P1122,Electrical,Electric Pole Damaged,Anjanapura,2026-08-07,Closed,310,3,No,Medium,Yes,4,Critical
C007504,P2429,Sewerage,Sewage Overflow,Hosahalli,2026-08-08,Resolved,40,8,Yes,Medium,Yes,2,Medium
C007505,P0397,Health,Increase in Mosquito Density,Sadashivanagar,2026-08-08,Resolved,99,44,Yes,Medium,No,2,High
C007506,P0239,Drainage,Damaged Drain,Shivajinagar,2026-08-08,Closed,47,2,No,Medium,No,48,Low
C007507,P1917,Sewerage,Sewage Overflow,Sadashivanagar,2026-08-08,Resolved,45,11,No,Low,Yes,4,Low
C007508,P2937,Health,Increase in Mosquito Density,Sadashivanagar,2026-08-08,Resolved,110,42,Yes,Medium,Yes,2,High
C007509,P2140,Road Maintenance,Footpath Damage,Whitefield,2026-08-08,Resolved,60,1,No,Medium,No,16,Low
C007510,P1054,Drainage,Drain Overflow,Padmanabhanagar,2026-08-08,Resolved,15,3,Yes,Medium,No,12,Medium
C007511,P1359,Health,Increase in Mosquito Density,Varthur,2026-08-08,Resolved,240,48,No,Medium,Yes,4,High
C007512,P0938,Electrical,Exposed Electrical Wires,Electronic City,2026-08-08,Resolved,20,4,No,Critical,Yes,3,High
C007513,P1359,Drainage,Drain Overflow,Varthur,2026-08-08,In Progress,220,69,No,None,Yes,12,Medium
C007514,P2329,Health,Increase in Mosquito Density,Hebbal,2026-08-08,Resolved,210,33,Yes,High,Yes,,Critical
C007515,P2510,Electrical,Street Light Not Working,Hoodi,2026-08-08,Closed,180,6,No,Medium,Yes,2,Medium
C007516,P1140,Drainage,Drain Overflow,HSR Layout,2026-08-08,Resolved,50,4,No,High,Yes,12,High
C007517,P0347,Electrical,Exposed Electrical Wires,Electronic City,2026-08-08,Closed,20,3,Yes,Critical,Yes,4,High
C007518,P1674,Drainage,Drain Overflow,Nagarbhavi,2026-08-08,Resolved,90,3,No,Medium,Yes,3,Medium
C007519,P2356,Drainage,Drain Overflow,Nagarbhavi,2026-08-08,Resolved,80,4,No,Low,No,4,Medium
C007520,P2754,Drainage,Drain Overflow,Varthur,2026-08-08,In Progress,170,56,No,None,Yes,12,Medium
C007521,P0691,Solid Waste Management,Sweeping Not Done,Vasanthnagar,2026-08-08,Resolved,,57,No,None,Yes,4,Low
C007522,P1162,Health,Stray Dog Menace,Nagarbhavi,2026-08-08,Resolved,20,6,No,Low,No,4,Low
C007523,P0263,Drainage,Drain Overflow,Indiranagar,2026-08-08,Resolved,1300,196,No,High,Yes,16,High
C007524,P2312,Drainage,Drain Blockage,Mathikere,2026-08-08,Verified,40,5,No,Low,Yes,2,Medium
C007525,P1797,Solid Waste Management,Garbage Dumping in Vacant Site,Kadugodi,2026-08-08,Resolved,17,1,No,Low,No,12,Low
C007526,P2910,Road Infrastructure,Speed Breaker Required,Ulsoor,2026-08-08,Resolved,90,14,No,High,No,4,Medium
C007527,P1849,Road Maintenance,Road Surface Damage,Shivajinagar,2026-08-08,In Progress,560,45,Yes,High,Yes,24,High
C007528,P0708,Road Maintenance,Road Surface Damage,Shivajinagar,2026-08-08,In Progress,392,31,No,Medium,Yes,24,High
C007529,P1198,Sewerage,Sewage Overflow,Kammanahalli,2026-08-08,Closed,75,7,Yes,Low,No,24,Low
C007530,P2463,Solid Waste Management,Garbage Dumping in Vacant Site,Kadugodi,2026-08-08,Resolved,17,1,No,None,No,12,Medium
C007531,P0252,Health,Stray Dog Menace,Nagarbhavi,2026-08-08,Resolved,25,8,No,Medium,No,4,Low
C007532,P0607,Road Maintenance,Road Surface Damage,Shivajinagar,2026-08-08,Assigned,560,28,No,High,Yes,24,High
C007533,P0152,Electrical,Street Light Not Working,Kodigehalli,2026-08-08,Closed,20,2,No,Low,No,3,Low
C007534,P0773,Sewerage,Manhole Overflow,Basavanagudi,2026-08-08,Resolved,390,62,No,Medium,No,4,Critical
C007535,P2471,Road Maintenance,Pothole,Electronic City,2026-08-08,Assigned,100,3,No,Low,No,3,Low
C007536,P0215,Electrical,Street Light Not Working,Hoodi,2026-08-08,Closed,307,13,No,Medium,Yes,,Medium
C007537,P1425,Sewerage,Manhole Overflow,Basavanagudi,2026-08-08,Resolved,380,69,No,Medium,No,6,Critical
C007538,P2138,Health,Increase in Mosquito Density,Kadugodi,2026-08-08,Resolved,230,58,No,High,Yes,4,Medium
C007539,P2018,Drainage,Drain Overflow ,Padmanabhanagar,2026-08-08,Resolved,15,4,Yes,Medium,No,12,Medium
C007540,P0573,Solid Waste Management,Garbage Not Collected,Dasarahalli,2026-08-08,Closed,200,18,No,Low,,2,Low
C007541,P2138,Solid Waste Management,Garbage Dumping in Vacant Site,Kadugodi,2026-08-08,Closed,17,1,No,Low,No,12,Low
C007542,P2433,Road Maintenance,Pothole,Arekere,2026-08-08,Resolved,30,0,No,Medium,No,4,Low
C007543,P2312,Road Infrastructure,Speed Breaker Required,Mathikere,2026-08-08,Assigned,,1,No,Low,Yes,8,Low
C007544,P1078,Drainage,Drain Overflow,Varthur,2026-08-08,Assigned,181,49,No,None,Yes,8,Medium
C007545,P0858,Drainage,Drain Overflow,Varthur,2026-08-08,In Progress,260,92,No,None,No,12,Medium
C007546,P1054,Drainage,Damaged Drain,Padmanabhanagar,2026-08-08,Closed,270,71,No,None,No,8,Medium
C007547,P1458,Revenue Department,Trade Licence Issue,Chickpet,2026-08-08,Resolved,2,0,No,,No,0.5,Low
C007548,P2683,Drainage,Damaged Drain,Shivajinagar,2026-08-09,Closed,47,3,No,,No,48,Low
C007549,P2070,Drainage,Drain Blockage,Mathikere,2026-08-09,Assigned,29,6,No,Low,Yes,2,Medium
C007550,P1821,Drainage,Drain Overflow,Nagarbhavi,2026-08-09,Closed,90,5,No,Medium,No,6,Medium
C007551,P0383,Health,Stray Dog Menace,Hosahalli,2026-08-09,Verified,100,28,No,High,Yes,2,High
C007552,P0573,Electrical,Damaged Street Light,Dasarahalli,2026-08-09,In Progress,4,0,No,Medium,No,2,Medium
C007553,P1657,Electrical,Damaged Street Light,Dasarahalli,2026-08-09,Assigned,3,0,No,Medium,No,2,Medium
C007554,P0258,Road Maintenance,Pothole,Dasarahalli,2026-08-09,Assigned,160,11,No,Critical,,24,Critical
C007555,P0316,Drainage,Drain Blockage,Kengeri,2026-08-09,Resolved,370,17,No,,No,2,Medium
C007556,P0771,Health,Increase in Mosquito Density,Varthur,2026-08-09,Closed,290,77,No,Medium,Yes,6,High
C007557,P1968,Road Infrastructure,Speed Breaker Required,Mathikere,2026-08-09,Assigned,10,2,No,Low,Yes,8,Low
C007558,P1157,Health,Increase in Mosquito Density,Sadashivanagar,2026-08-09,Closed,120,49,Yes,Low,No,2,Medium
C007559,P0538,Road Maintenance,Pothole,Electronic City,2026-08-09,Assigned,100,3,No,Low,No,4,Low
C007560,P1663,Solid Waste Management,Garbage Dumping in Vacant Site,Kadugodi,2026-08-09,Closed,17,2,No,Low,No,12,Low
C007561,P1445,Electrical,Street Light Not Working,Hoodi,2026-08-09,Resolved,180,6,No,Medium,Yes,2,Medium
C007562,P0721,Drainage,Drain Overflow,Padmanabhanagar,2026-08-09,Resolved,20,4,Yes,Low,No,16,Medium
C007563,P1552,Electrical,Street Light Not Working,Hoodi,2026-08-09,Resolved,80,4,No,Medium,Yes,2,High
C007564,P1837,Drainage,Drain Blockage,Mathikere,2026-08-09,Assigned,29,7,No,Low,Yes,2,Medium
C007565,P0738,Road Infrastructure,Speed Breaker Required,Bellandur,2026-08-09,Resolved,70,10,No,Low,Yes,24,Low
C007566,P2791,Drainage,Drain Overflow,Varthur,2026-08-09,In Progress,200,63,No,None,Yes,8,Medium
C007567,P2011,Sewerage,Manhole Overflow,Basavanagudi,2026-08-09,Resolved,321,53,No,Medium,No,6,Critical
C007568,P1365,Sewerage,Sewage Overflow,Sadashivanagar,2026-08-09,Resolved,55,,Yes,Low,,4,Low
C007569,P2839,Public Sanitation,Garbage Burning,Dasarahalli,2026-08-09,Registered,190,33,No,None,No,3,Medium
C007570,P1284,Electrical,Street Light Not Working,Hoodi,2026-08-09,Resolved,80,5,No,Medium,Yes,2,High
C007571,P0506,Drainage,Drain Blockage,Mathikere,2026-08-09,Verified,30,4,Yes,Low,Yes,2,Medium
C007572,P1478,Road Maintenance,Pothole,Rajarajeshwari Nagar,2026-08-09,Resolved,160,3,No,Medium,,24,High
C007573,P2656,Solid Waste Management,Garbage Dumping in Vacant Site,Padmanabhanagar,2026-08-10,Assigned,220,4,No,Low,No,12,Low
C007574,P1732,Road Infrastructure,Speed Breaker Required,Jalahalli,2026-08-10,Closed,,89,No,None,Yes,24,Medium
C007575,P2187,Electrical,Street Light Not Working,Anjanapura,2026-08-10,Resolved,5,1,No,Medium,No,2,Low
C007576,P2495,Road Infrastructure,Road Cutting Not Restored,Sarakki,2026-08-10,Resolved,200,60,No,High,No,16,High
C007577,P1919,Electrical,Damaged Street Light,Mathikere,2026-08-10,Resolved,5,0,No,Medium,Yes,4,Medium
C007578,P2452,Sewerage,Sewage Overflow,Shantinagar,2026-08-10,Resolved,166,,Yes,Medium,Yes,8,Medium
C007579,P0312,Electrical,Street Light Not Working,Anjanapura,2026-08-10,Resolved,4,1,No,Medium,No,1,Low
C007580,P2791,Road Infrastructure,Missing Manhole Cover,Varthur,2026-08-10,Resolved,25,8,No,Critical,No,1,High
C007581,P0015,Sewerage,Sewage Overflow,Shantinagar,2026-08-10,Closed,166,4,Yes,,No,8,Medium
C007582,P0194,Solid Waste Management,Garbage Not Collected,Hosahalli,2026-08-10,Resolved,65,7,No,Low,Yes,,High
C007583,P2238,Electrical,Multiple Street Lights Not Working,Malleshwaram,2026-08-10,Resolved,920,25,No,Low,Yes,3,Low
C007584,P1662,Road Infrastructure,Road Encroachment,Yeshwanthpur,2026-08-10,Closed,470,0,No,Medium,No,24,Medium
C007585,P0918,Electrical,Exposed Electrical Wires,Dasarahalli,2026-08-10,Resolved,35,4,No,Critical,No,4,High
C007586,P0846,Drainage,Drain Overflow,Varthur,2026-08-10,Assigned,113,48,,None,Yes,8,Medium
C007587,P1251,Drainage,Drain Overflow,Padmanabhanagar,2026-08-10,Resolved,15,3,Yes,Medium,No,12,Medium
C007588,P2083,Health,Stray Dog Menace,Shivajinagar,2026-08-10,Assigned,90,4,No,None,Yes,1,Low
C007589,P1190,Drainage,Drain Overflow,Varthur,2026-08-10,Assigned,190,51,No,None,Yes,12,Medium
C007590,P1044,Sewerage,Manhole Overflow,Basavanagudi,2026-08-10,Resolved,390,65,No,Medium,No,4,Critical
C007591,P0046,Electrical,Street Light Not Working,Anjanapura,2026-08-10,Resolved,5,0,No,Medium,No,2,Low
C007592,P0717,Water Supply,No Water Supply,Chamrajpet,2026-08-10,Assigned,270,37,Yes,Low,No,8,Medium
C007593,P2955,Water Supply,No Water Supply,Chamrajpet,2026-08-10,Verified,260,21,Yes,Medium,No,12,Medium
C007594,P1588,Drainage,Drain Overflow,Varthur,2026-08-10,In Progress,190,83,No,None,Yes,12,Medium
C007595,P0421,Road Infrastructure,Road Cutting Not Restored,Sarakki,2026-08-10,Closed,,32,Yes,High,No,24,High
C007596,P2530,Health,Stray Dog Menace,Shivajinagar,2026-08-11,Assigned,,5,No,None,Yes,2,Low
C007597,P0664,Road Infrastructure,Road Cutting Not Restored,Malleshwaram,2026-08-11,In Progress,168,16,No,Low,Yes,16,Low
C007598,P0786,Electrical,Damaged Street Light,Kadugodi,2026-08-11,In Progress,7,1,No,High,Yes,2,Medium
C007599,P1283,Drainage,Open Drain,Nagarbhavi,2026-08-11,Resolved,90,18,No,Medium,Yes,12,High
C007600,P1919,Road Maintenance,Pothole,Mathikere,2026-08-11,Resolved,20,0,No,Low,Yes,4,Low
C007601,P1623,Electrical,Street Light Not Working,Anjanapura,2026-08-11,Resolved,4,0,No,Medium,No,1,Low
C007602,P2652,Road Maintenance,Pothole,Anjanapura,2026-08-11,Resolved,240,13,No,Medium,No,2,Low
C007603,P1070,Water Supply,Water Leakage,Dasarahalli,2026-08-11,Resolved,,7,Yes,Low,No,12,Medium
C007604,P1137,Drainage,Drain Blockage,Mathikere,2026-08-11,Assigned,29,4,No,None,Yes,2,Medium
C007605,P2530,Street Infrastructure,Bus Shelter Damaged,Shivajinagar,2026-08-11,Verified,65,8,No,None,No,4,Medium
C007606,P0868,Sewerage,Sewage Overflow,HSR Layout,2026-08-11,Closed,400,38,Yes,Medium,No,8,Medium
C007607,P0626,Drainage,Drain Overflow,Padmanabhanagar,2026-08-11,Assigned,126,11,Yes,High,Yes,4,High
C007608,P0243,Water Supply,Low Water Pressure,Mathikere,2026-08-11,Closed,65,21,No,None,No,4,Medium
C007609,P2647,Electrical,Exposed Electrical Wires,Begur,2026-08-11,Closed,3,1,Yes,High,No,2,High
C007610,P1070,Electrical,Exposed Electrical Wires,Dasarahalli,2026-08-11,In Progress,60,6,No,Critical,No,4,High
C007611,P1318,Electrical,Street Light Not Working,Bommanahalli,2026-08-11,In Progress,15,1,,Medium,No,4,Low
C007612,P1994,Road Maintenance,Pothole,Mathikere,2026-08-11,Resolved,20,0,No,Low,Yes,4,Low
C007613,P1994,Road Maintenance,Pothole,Mathikere,2026-08-11,Resolved,20,0,No,None,Yes,4,Low
C007614,P0194,Sewerage,Manhole Overflow,Hosahalli,2026-08-11,Resolved,140,13,No,High,No,2,Medium
C007615,P2656,Drainage,Drain Overflow,Padmanabhanagar,2026-08-11,Assigned,126,9,Yes,High,Yes,4,High
C007616,P0123,Electrical,Street Light Not Working,Kadugodi,2026-08-12,In Progress,100,4,No,Low,No,2,Medium
C007617,P2516,Water Supply,No Water Supply,Chamrajpet,2026-08-12,In Progress,160,17,Yes,Medium,No,8,Medium
C007618,P0123,Electrical,Damaged Street Light,Kadugodi,2026-08-12,In Progress,10,2,No,High,Yes,2,Medium
C007619,P2418,Drainage,Damaged Drain,Chamrajpet,2026-08-12,Resolved,25,5,No,Low,No,36,Low
C007620,P0422,Drainage,Drain Overflow,BTM LAYOUT,2026-08-12,Closed,888,19,No,High,Yes,3,Critical
C007621,P1989,Water Supply,No Water Supply,Shivajinagar,2026-08-12,Resolved,1725,394,Yes,Medium,Yes,8,Critical
C007622,P0495,Health,Stray Dog Menace,Shivajinagar,2026-08-12,Assigned,75,4,No,None,Yes,2,Low
C007623,P1012,Sewerage,Sewer Line Blockage,Whitefield,2026-08-12,Resolved,110,20,Yes,High,Yes,4,Critical
C007624,P0495,Water Supply,No Water Supply,Shivajinagar,2026-08-12,Resolved,2800,932,No,Medium,Yes,12,Critical
C007625,P1329,Road Infrastructure,Road Cutting Not Restored,Malleshwaram,2026-08-12,Closed,210,12,No,Low,Yes,16,Low
C007626,P0764,Sewerage,Manhole Overflow,Hosahalli,2026-08-12,Resolved,50,10,No,High,,2,Medium
C007627,P2516,Public Sanitation,Garbage Burning,Kengeri,2026-08-12,Registered,90,6,No,High,No,1,Medium
C007628,P1211,Road Infrastructure,Road Cutting Not Restored,Malleshwaram,2026-08-12,Closed,112,6,No,Low,Yes,16,Low
C007629,P2737,Road Maintenance,Pothole,Mathikere,2026-08-12,Closed,35,1,No,Low,Yes,4,Low
C007630,P0530,Electrical,Street Light Not Working,BTM Layout,2026-08-12,Registered,95,9,No,High,Yes,1,High
C007631,P2179,Solid Waste Management,Garbage Not Collected,Hosahalli,2026-08-12,Resolved,55,12,No,Low,Yes,4,High
C007632,P0598,Sewerage,Sewer Line Blockage,Whitefield,2026-08-12,Resolved,115,23,Yes,High,Yes,4,Critical
C007633,P2102,Sewerage,Sewer Line Blockage,Whitefield,2026-08-12,Resolved,130,19,Yes,High,Yes,4,Critical
C007634,P1489,Electrical,Exposed Electrical Wires,Dasarahalli,2026-08-12,Resolved,,2,No,Critical,No,4,High
C007635,P2569,Electrical,Street Light Not Working,BTM Layout,2026-08-12,Verified,80,11,No,High,Yes,1,High
C007636,P0501,Drainage,Drain Blockage,Gandhinagar,2026-08-13,Assigned,340,33,No,Medium,Yes,8,Medium
C007637,P1378,Solid Waste Management,Garbage Vehicle Not Arrived,Anjanapura,2026-08-13,Verified,50,9,No,Medium,Yes,1,High
C007638,P1103,Road Maintenance,Road Surface Damage,Chickpet,2026-08-13,Resolved,60,1,No,Medium,,12,Low
C007639,P2998,Road Maintenance,Pothole,Shantinagar,2026-08-13,Closed,210,37,Yes,Medium,Yes,12,High
C007640,P1528,Solid Waste Management,Garbage Vehicle Not Arrived,Anjanapura,2026-08-13,Assigned,30,8,No,Low,Yes,1,High
C007641,P2424,Drainage,Drain Overflow,Mathikere,2026-08-13,Assigned,35,5,Yes,Low,No,8,Medium
C007642,P1126,Electrical,Street Light Not Working,Hosahalli,2026-08-13,Verified,37,8,No,Medium,Yes,0.5,Medium
C007643,P2504,Solid Waste Management,Garbage Not Collected,Shantinagar,2026-08-13,Resolved,150,5,No,Low,Yes,12,Low
C007644,P2855,Drainage,Damaged Drain,Chamrajpet,2026-08-13,Resolved,14,1,No,Low,No,48,Low
C007645,P2780,Road Maintenance,Pothole,Kodigehalli,2026-08-13,Resolved,55,,No,Critical,Yes,4,Critical
C007646,P0412,Road Maintenance,Road Surface Damage,Yelahanka,2026-08-13,In Progress,350,22,No,High,Yes,24,High
C007647,P0908,Drainage,Drain Overflow,Mathikere,2026-08-13,Assigned,67,8,Yes,Low,Yes,8,Medium
C007648,P0623,Street Infrastructure,Fallen Tree Branch,HSR Layout,2026-08-13,Assigned,130,5,No,Medium,No,1,Medium
C007649,P2415,Drainage,Drain Overflow,Mathikere,2026-08-13,In Progress,55,5,Yes,Low,Yes,12,Medium
C007650,P0078,Street Infrastructure,Fallen Tree Branch,Hosahalli,2026-08-13,Closed,50,1,No,Critical,Yes,2,High
C007651,P2575,Solid Waste Management,Garbage Vehicle Not Arrived,Anjanapura,2026-08-13,Assigned,37,7,No,Medium,Yes,1,High
C007652,P1996,Solid Waste Management,Garbage Not Collected,Vijayanagar,2026-08-13,Resolved,290,44,No,Medium,No,6,Medium
C007653,P2003,Drainage,Drain Overflow,Mathikere,2026-08-13,Assigned,55,5,Yes,Low,Yes,8,Medium
C007654,P2221,Drainage,Damaged Drain,Chamrajpet,2026-08-13,Resolved,20,4,No,Low,No,48,Low
C007655,P0183,Street Infrastructure,Fallen Tree Branch,Hosahalli,2026-08-13,In Progress,30,1,No,Critical,No,3,High
C007656,P2866,Solid Waste Management,Garbage Vehicle Not Arrived,Anjanapura,2026-08-13,Assigned,50,9,No,Medium,No,1,High
C007657,P0243,Drainage,Drain Overflow,Mathikere,2026-08-13,In Progress,55,8,Yes,Low,Yes,,Medium
C007658,P0021,Drainage,Drain Overflow,Sadashivanagar,2026-08-13,Closed,300,37,No,Medium,Yes,8,Medium
C007659,P0021,Drainage,Drain Overflow,Sadashivanagar,2026-08-13,Closed,300,37,No,Medium,Yes,8,Medium
C007660,P0013,Drainage,Drain Overflow,BTM Layout,2026-08-13,Resolved,630,18,Yes,High,,6,Critical
C007661,P0708,Water Supply,No Water Supply,Shivajinagar,2026-08-13,Resolved,1700,487,Yes,Medium,Yes,12,Critical
C007662,P1882,Drainage,Drain Overflow,BTM Layout,2026-08-13,Closed,730,21,Yes,High,Yes,4,Critical
C007663,P1478,Water Supply,Water Leakage,Arekere,2026-08-13,Resolved,170,9,No,High,Yes,4,High
C007664,P2208,Drainage,Drain Overflow,Mathikere,2026-08-13,Assigned,55,4,Yes,Medium,Yes,8,Medium
C007665,P2937,Drainage,Damaged Drain,Sadashivanagar,2026-08-13,Resolved,50,4,No,Low,No,24,Low
C007666,P1154,Water Supply,Pipeline Leakage,Hosahalli,2026-08-13,Closed,5743,362,Yes,Medium,Yes,12,Critical
C007667,P0919,Drainage,Damaged Drain,Electronic City,2026-08-13,Resolved,20,4,Yes,Critical,No,36,High
C007668,P1998,Solid Waste Management,Garbage Vehicle Not Arrived,Anjanapura,2026-08-13,Assigned,25,7,Yes,,Yes,1,High
C007669,P0316,Public Sanitation,Garbage Burning,Kengeri,2026-08-13,Registered,95,,No,High,No,1,Medium
C007670,P0899,Road Maintenance,Pothole,Shantinagar,2026-08-13,Resolved,178,38,No,Medium,Yes,12,Critical
C007671,P0038,Road Infrastructure,Road Cutting Not Restored,Malleshwaram,2026-08-13,Resolved,168,14,No,Low,Yes,16,Low
C007672,P2291,Electrical,Street Light Not Working,BTM Layout,2026-08-13,Registered,70,8,No,High,Yes,1,High
C007673,P0726,Electrical,Exposed Electrical Wires,Marathahalli,2026-08-13,Closed,18,1,No,High,No,12,High
C007674,P0726,Electrical,Exposed Electrical Wires,Marathahalli,2026-08-13,Closed,18,1,No,High,No,12,High
C007675,P0712,Water Supply,No Water Supply,Vasanthnagar,2026-08-13,Verified,920,84,Yes,Medium,No,8,Medium
C007676,P0712,Water Supply,No Water Supply,Vasanthnagar,2026-08-13,Verified,920,84,Yes,Medium,No,8,Medium
C007677,P2956,Solid Waste Management,Garbage Vehicle Not Arrived,Anjanapura,2026-08-13,Assigned,25,4,No,Medium,Yes,1,High
C007678,P2115,Solid Waste Management,Garbage Vehicle Not Arrived,Anjanapura,2026-08-13,Assigned,25,4,No,Medium,Yes,1,High
C007679,P2461,Road Maintenance,Pothole,Rajarajeshwari Nagar,2026-08-13,Resolved,160,,No,Critical,Yes,12,Critical
C007680,P0394,Road Maintenance,Pothole,Rajarajeshwari Nagar,2026-08-13,Resolved,157,6,No,Critical,Yes,12,Critical
C007681,P2164,Drainage,Drain Overflow,Mathikere,2026-08-13,Assigned,45,6,Yes,Low,Yes,8,Medium
C007682,P0369,Road Maintenance,Pothole,Shantinagar,2026-08-13,Closed,178,35,No,Medium,Yes,8,High
C007683,P1425,Road Infrastructure,Missing Manhole Cover,Basavanagudi,2026-08-13,Resolved,15,3,No,High,Yes,3,High
C007684,P0789,Solid Waste Management,Garbage Vehicle Not Arrived,Anjanapura,2026-08-13,Assigned,37,8,No,Medium,Yes,0.5,High
C007685,P2217,Electrical,Street Light Not Working,Hosahalli,2026-08-13,Assigned,35,11,No,Medium,Yes,0.5,Medium
C007686,P1959,Solid Waste Management,Garbage Vehicle Not Arrived,Anjanapura,2026-08-13,Assigned,27,4,No,Medium,Yes,1,High
C007687,P1141,Electrical,Exposed Electrical Wires,Marathahalli,2026-08-13,Resolved,15,1,,Critical,No,8,High
C007688,P0431,Electrical,Street Light Not Working,Bommanahalli,2026-08-13,Closed,15,1,No,Medium,No,3,Low
C007689,P1817,Water Supply,Pipeline Leakage,Hosahalli,2026-08-14,Resolved,5743,299,Yes,Medium,Yes,8,Critical
C007690,P2910,Road Maintenance,Pothole,Ulsoor,2026-08-14,Closed,312,33,No,Low,Yes,12,Medium
C007691,P0090,Sewerage,Sewage Overflow,Bellandur,2026-08-14,Assigned,65,14,Yes,Low,Yes,2,Medium
C007692,P1729,Drainage,Drain Overflow,Peenya,2026-08-14,In Progress,45,5,Yes,Medium,Yes,6,Medium
C007693,P0319,Health,Increase in Mosquito Density,Bellandur,2026-08-14,Resolved,250,50,No,Critical,No,4,High
C007694,P1074,Drainage,Damaged Drain,Sadashivanagar,2026-08-14,Closed,250,12,,High,Yes,12,High
C007695,P0183,Water Supply,Pipeline Leakage,Hosahalli,2026-08-14,Resolved,6400,384,Yes,High,Yes,12,Critical
C007696,P1992,Solid Waste Management,Garbage Vehicle Not Arrived,Anjanapura,2026-08-14,Verified,37,6,No,High,Yes,2,High
C007697,P0383,Water Supply,Pipeline Leakage,Hosahalli,2026-08-14,Resolved,5743,209,Yes,Medium,Yes,8,Critical
C007698,P2727,Drainage,Drain Overflow,Dasarahalli,2026-08-14,Resolved,55,6,Yes,Low,No,8,Medium
C007699,P1148,Solid Waste Management,Garbage Vehicle Not Arrived,Anjanapura,2026-08-14,Assigned,37,7,No,Medium,Yes,1,High
C007700,P0516,Road Maintenance,Pothole,Rajarajeshwari Nagar,2026-08-14,Resolved,170,12,No,Critical,Yes,12,Critical
C007701,P1626,Solid Waste Management,Garbage Vehicle Not Arrived,Anjanapura,2026-08-14,Verified,35,7,No,Medium,Yes,2,High
C007702,P1935,Drainage,Damaged Drain,Bellandur,2026-08-14,Resolved,159,23,No,Medium,No,24,Medium
C007703,P0704,Others,Miscellaneous Complaint,Bellandur,2026-08-14,Resolved,8,3,No,Medium,No,4,Low
C007704,P1382,Road Maintenance,Road Surface Damage,Bellandur,2026-08-14,Resolved,55,13,No,Low,No,24,Low
C007705,P2217,Water Supply,Pipeline Leakage,Hosahalli,2026-08-14,Closed,4300,276,Yes,Medium,No,12,Critical
C007706,P0119,Solid Waste Management,Garbage Not Collected,Vijayanagar,2026-08-14,Resolved,290,34,No,Medium,Yes,4,Medium
C007707,P1510,Drainage,Damaged Drain,Bellandur,2026-08-14,Resolved,159,20,No,Medium,No,24,Medium
C007708,P0608,Electrical,Street Light Not Working,Ulsoor,2026-08-14,Resolved,11,3,No,Low,Yes,1,Medium
C007709,P0608,Electrical,Street Light Not Working,Ulsoor,2026-08-14,Resolved,10,3,No,Low,Yes,1,Medium
C007710,P2598,Water Supply,Pipeline Leakage,Hosahalli,2026-08-14,Closed,5200,208,Yes,Medium,Yes,12,Critical
C007711,P0679,Sewerage,Sewage Overflow,Kodigehalli,2026-08-14,In Progress,290,20,No,Medium,No,8,Medium
C007712,P0398,Water Supply,No Water Supply,Vasanthnagar,2026-08-14,Registered,910,65,Yes,Medium,No,8,Medium
C007713,P2738,Drainage,Drain Overflow,Mathikere,2026-08-14,Assigned,55,8,Yes,Low,Yes,8,Medium
C007714,P1383,Road Infrastructure,Speed Breaker Required,Jalahalli,2026-08-14,Resolved,1445,68,No,High,Yes,16,Medium
C007715,P1449,Solid Waste Management,Garbage Vehicle Not Arrived,Anjanapura,2026-08-14,Assigned,37,7,No,Medium,Yes,1,High
C007716,P2894,Water Supply,Pipeline Leakage,Hosahalli,2026-08-14,Resolved,4600,253,Yes,Medium,Yes,12,High
C007717,P2380,Water Supply,No Water Supply,Vasanthnagar,2026-08-14,Registered,910,52,Yes,Medium,No,8,Medium
C007718,P2977,Road Maintenance,Pothole,Byatarayanapura,2026-08-14,Resolved,207,13,No,Low,Yes,24,Low
C007719,P2801,Others,Illegal Construction,Hosahalli,2026-08-14,Closed,30,1,Yes,Low,Yes,8,Low
C007720,P1250,Water Supply,Water Leakage,Bellandur,2026-08-14,Verified,260,22,No,Medium,Yes,4,Low
C007721,P0197,Street Infrastructure,Bus Shelter Damaged,Shantinagar,2026-08-14,Assigned,25,2,No,High,Yes,4,Medium
C007722,P1807,Road Maintenance,Pothole,Byatarayanapura,2026-08-14,Resolved,180,12,No,Medium,Yes,16,Low
C007723,P2162,Road Maintenance,Pothole,Jayanagar,2026-08-14,Registered,130,5,No,Medium,No,4,Medium
C007724,P2437,Drainage,Drain Overflow,Mathikere,2026-08-14,In Progress,55,8,Yes,Low,Yes,8,Medium
C007725,P2452,Road Maintenance,Pothole,Shantinagar,2026-08-14,Resolved,178,76,No,High,Yes,12,High
C007726,P2934,Electrical,Street Light Not Working,Hebbal,2026-08-14,Resolved,25,3,No,Low,Yes,4,Medium
C007727,P1037,Drainage,Drain Overflow,Mathikere,2026-08-14,Assigned,55,6,Yes,None,Yes,6,Medium
C007728,P0959,Road Maintenance,Pothole,Malleshwaram,2026-08-14,Resolved,170,73,No,Medium,Yes,12,High
C007729,P1915,Water Supply,Pipeline Leakage,Hosahalli,2026-08-14,Resolved,11100,738,Yes,Medium,Yes,12,Critical
C007730,P0078,Water Supply,Pipeline Leakage,Hosahalli,2026-08-14,Resolved,5743,267,Yes,Medium,,12,Critical
C007731,P1029,Solid Waste Management,Garbage Vehicle Not Arrived,Anjanapura,2026-08-14,Verified,5000,11,No,Medium,Yes,1,High
C007732,P2654,Drainage,Drain Overflow,BTM Layout,2026-08-14,Resolved,630,19,No,High,Yes,4,Critical
C007733,P0025,Road Maintenance,Pothole,Jayanagar,2026-08-14,Registered,130,4,No,Medium,No,4,Medium
C007734,P0148,Solid Waste Management,Garbage Vehicle Not Arrived,Anjanapura,2026-08-14,Verified,20,4,No,Low,Yes,1,High
C007735,P2482,Solid Waste Management,Garbage Vehicle Not Arrived,Anjanapura,2026-08-14,Assigned,40,9,No,Low,Yes,1,High
C007736,P2737,Drainage,Drain Overflow,Mathikere,2026-08-14,In Progress,58,7,Yes,Low,Yes,8,Medium
C007737,P0065,Sewerage,Sewer Line Blockage,Jalahalli,2026-08-15,In Progress,1000,26,Yes,Medium,No,6,Critical
C007738,P1013,Solid Waste Management,Garbage Vehicle Not Arrived,Anjanapura,2026-08-15,Assigned,37,8,No,Low,Yes,1,High
C007739,P2168,Water Supply,Pipeline Leakage,Hosahalli,2026-08-15,Closed,,247,Yes,Medium,Yes,12,Critical
C007740,P1471,Road Infrastructure,Missing Manhole Cover,Jalahalli,2026-08-15,Resolved,150,12,No,Critical,No,0.5,Medium
C007741,P2152,Road Maintenance,Footpath Damage,Mathikere,2026-08-15,Resolved,20,7,No,High,No,8,Medium
C007742,P2376,Solid Waste Management,Garbage Vehicle Not Arrived,Anjanapura,2026-08-15,Assigned,37,7,No,Low,Yes,1,High
C007743,P0177,Road Maintenance,Pothole,Malleshwaram,2026-08-15,Closed,220,71,No,Medium,Yes,12,High
C007744,P1622,Solid Waste Management,Garbage Vehicle Not Arrived,Anjanapura,2026-08-15,Assigned,37,7,No,Medium,Yes,1,High
C007745,P1282,Road Maintenance,Pothole,Mathikere,2026-08-15,Resolved,410,23,No,Low,Yes,12,Medium
C007746,P1086,Drainage,Drain Overflow,Mathikere,2026-08-15,In Progress,55,5,Yes,Low,Yes,6,Medium
C007747,P0696,Solid Waste Management,Garbage Not Collected,Ulsoor,2026-08-15,Resolved,160,19,No,Low,Yes,8,Medium
C007748,P0312,Solid Waste Management,Garbage Vehicle Not Arrived,Anjanapura,2026-08-15,Assigned,37,8,No,Medium,Yes,2,High
C007749,P0465,Solid Waste Management,Garbage Not Collected,Vijayanagar,2026-08-15,Resolved,280,45,No,Medium,Yes,,Medium
C007750,P0368,Solid Waste Management,Garbage Not Collected,Arekere,2026-08-15,Resolved,10,,Yes,Low,No,3,Low
C007751,P0612,Drainage,Drain Overflow,Mathikere,2026-08-15,Assigned,55,7,Yes,Low,,8,Medium
C007752,P0383,Drainage,Drain Blockage,Hosahalli,2026-08-15,Resolved,93,2,Yes,Medium,Yes,4,Medium
C007753,P1570,Drainage,Drain Overflow,Mathikere,2026-08-15,Assigned,69,8,Yes,Medium,Yes,8,Medium
C007754,P1668,Solid Waste Management,Garbage Vehicle Not Arrived,Anjanapura,2026-08-15,Verified,37,7,No,Medium,Yes,1,High
C007755,P2152,Drainage,Drain Overflow,Mathikere,2026-08-15,In Progress,45,5,Yes,Low,Yes,8,Medium
C007756,P1155,Drainage,Drain Overflow,Sadashivanagar,2026-08-15,Resolved,320,21,No,Medium,Yes,8,Medium
C007757,P0890,Water Supply,Pipeline Leakage,Hosahalli,2026-08-15,Resolved,5743,228,Yes,Low,Yes,12,Critical
C007758,P1455,Solid Waste Management,Garbage Vehicle Not Arrived,Anjanapura,2026-08-15,Assigned,37,8,No,Low,Yes,1,High
C007759,P0768,Electrical,Electric Pole Damaged,Sadashivanagar,2026-08-15,Resolved,35,14,No,High,Yes,4,High
C007760,P2937,Drainage,Damaged Drain,Sadashivanagar,2026-08-15,Resolved,170,5,No,High,Yes,12,High
C007761,P1151,Electrical,Electric Pole Damaged,JP Nagar,2026-08-15,Closed,4,0,No,Critical,No,8,Low
C007762,P0016,Drainage,Drain Overflow,Dasarahalli,2026-08-15,Resolved,80,4,Yes,Medium,No,8,Medium
C007763,P1076,Electrical,Exposed Electrical Wires,Marathahalli,2026-08-15,Resolved,20,1,No,Critical,No,8,High
C007764,P2869,Drainage,Drain Overflow,Dasarahalli,2026-08-15,Resolved,80,5,No,Medium,No,8,Low
C007765,P1159,Electrical,Exposed Electrical Wires,Mathikere,2026-08-15,Resolved,3,0,No,Critical,Yes,6,High
C007766,P2223,Water Supply,Pipeline Leakage,Hosahalli,2026-08-15,Resolved,5743,201,Yes,High,No,12,Critical
C007767,P2591,Solid Waste Management,Garbage Not Collected,Vijayanagar,2026-08-15,Resolved,459,40,No,Medium,Yes,4,High
C007768,P1376,Solid Waste Management,garbage not collected,Dasarahalli,2026-08-15,Resolved,110,5,No,Low,Yes,8,Low
C007769,P0215,Public Sanitation,Garbage Burning,Hoodi,2026-08-15,Resolved,530,29,No,None,No,2,Medium
C007770,P2112,Road Maintenance,Pothole,Mathikere,2026-08-15,Closed,426,24,No,Medium,Yes,12,Medium
C007771,P0412,Road Maintenance,Pothole,Yelahanka,2026-08-15,Resolved,65,3,No,None,Yes,8,Medium
C007772,P1656,Road Infrastructure,Road Encroachment,Bellandur,2026-08-15,In Progress,20,1,No,Low,No,4,Low
C007773,P2807,Solid Waste Management,Garbage Vehicle Not Arrived,Anjanapura,2026-08-15,Verified,40,9,No,Medium,Yes,2,High
C007774,P2070,Sewerage,Drain Overflow,Mathikere,2026-08-15,Assigned,55,7,Yes,Low,Yes,8,Medium
C007775,P2859,Solid Waste Management,Garbage Not Collected,Shantinagar,2026-08-15,Closed,150,8,No,Low,Yes,6,Low
C007776,P0349,Public Sanitation,Unclean Public Area,Electronic City,2026-08-15,Closed,30,12,No,Medium,No,2,Medium
C007777,P2477,Solid Waste Management,Garbage Vehicle Not Arrived,Anjanapura,2026-08-15,Verified,37,7,No,Medium,Yes,2,High
C007778,P2940,Drainage,Drain Overflow,Mathikere,2026-08-15,In Progress,55,7,Yes,Low,Yes,8,Medium
C007779,P0412,Road Maintenance,Road Surface Damage,Yelahanka,2026-08-15,In Progress,350,22,No,High,Yes,24,High
C007780,P2403,Road Maintenance,Pothole,Jayanagar,2026-08-15,Verified,170,6,No,Medium,No,4,Medium
C007781,P1159,Drainage,Drain Overflow,Mathikere,2026-08-15,In Progress,70,10,Yes,Low,Yes,8,Medium
C007782,P0883,Drainage,Drain Blockage,KR Puram,2026-08-15,Resolved,15,5,No,Low,No,8,Low
C007783,P2121,Health,Increase in Mosquito Density,Bellandur,2026-08-16,Resolved,250,89,No,Critical,Yes,4,High
C007784,P2150,Solid Waste Management,Sweeping Not Done,Sarakki,2026-08-16,Resolved,55,1,No,Low,Yes,2,Medium
C007785,P1193,Solid Waste Management,Sweeping Not Done,Sarakki,2026-08-16,Closed,80,2,No,Low,Yes,3,Medium
C007786,P0512,Road Maintenance,Pothole,Hennur,2026-08-16,Resolved,70,4,No,Medium,Yes,12,Low
C007787,P0288,Road Maintenance,Footpath Damage,Mathikere,2026-08-16,Resolved,30,13,No,High,No,8,Medium
C007788,P1152,Road Maintenance,Pothole,Yelahanka,2026-08-16,Resolved,70,4,No,Low,Yes,6,Medium
C007789,P2017,Electrical,Damaged Street Light,Rajarajeshwari Nagar,2026-08-16,Resolved,10,0,No,High,No,8,Medium
C007790,P0064,Solid Waste Management,Sweeping Not Done,Sarakki,2026-08-16,Resolved,80,5,Yes,Low,Yes,2,Medium
C007791,P0677,Solid Waste Management,Garbage Not Collected,Shantinagar,2026-08-16,Resolved,150,7,No,Low,Yes,8,Low
C007792,P2805,Water Supply,Water Leakage,Kadugodi,2026-08-16,Closed,110,5,Yes,Low,Yes,8,High
C007793,P1817,Water Supply,Pipeline Leakage,Hosahalli,2026-08-16,Resolved,5743,299,Yes,Medium,Yes,8,Critical
C007794,P2906,Electrical,Damaged Street Light ,Hosahalli,2026-08-16,Resolved,75,5,No,High,Yes,,High
C007795,P0960,Electrical,Multiple Street Lights Not Working,Bellandur,2026-08-16,Resolved,190,11,No,Low,Yes,6,Low
C007796,P2691,Electrical,Damaged Street Light,Hosahalli,2026-08-16,Resolved,75,5,No,High,Yes,8,High
C007797,P0609,Road Maintenance,Pothole,Jayanagar,2026-08-16,Registered,130,4,No,Medium,No,4,Medium
C007798,P0630,Solid Waste Management,Garbage Not Collected,Arekere,2026-08-16,Resolved,10,0,Yes,Low,No,6,Low
C007799,P1467,Electrical,Electric Pole Damaged,Chamrajpet,2026-08-16,Resolved,4,0,No,High,No,16,Medium
C007800,P0319,Health,Increase in Mosquito Density,Bellandur,2026-08-16,Resolved,250,50,,Critical,No,4,High
C007801,P1738,Electrical,Damaged Street Light,Hoodi,2026-08-16,Resolved,35,3,No,High,Yes,2,High
C007802,P2878,Water Supply,Water Leakage,Kadugodi,2026-08-16,Resolved,75,,Yes,Low,Yes,12,High
C007803,P0184,Solid Waste Management,Garbage Not Collected,Hosahalli,2026-08-16,Resolved,40,2,Yes,Low,No,4,Medium
C007804,P1454,Solid Waste Management,Sweeping Not Done,Sarakki,2026-08-16,Resolved,56,2,No,Low,Yes,2,Medium
C007805,P1111,Solid Waste Management,Garbage Not Collected,Dasarahalli,2026-08-16,Closed,140,7,No,Low,Yes,8,Low
C007806,P0035,Road Infrastructure,Speed Breaker Required,Vasanthnagar,2026-08-16,Assigned,250,81,No,Medium,No,8,Medium
C007807,P2063,Drainage,Open Drain,Vijayanagar,2026-08-17,Resolved,35,1,No,Critical,No,12,Medium
C007808,P0746,Electrical,Electric Pole Damaged,Sadashivanagar,2026-08-17,Resolved,35,11,No,High,Yes,6,High
C007809,P2948,Road Infrastructure,Road Cutting Not Restored,Rajajinagar,2026-08-17,In Progress,40,10,No,Low,Yes,3,Low
C007810,P2948,Road Infrastructure,Road Cutting Not Restored,Rajajinagar,2026-08-17,Registered,40,,No,Low,Yes,3,Low
C007811,P0977,Public Sanitation,Garbage Burning,Hoodi,2026-08-17,Resolved,600,41,No,None,No,1,Medium
C007812,P0977,Public Sanitation,Garbage Burning,Hoodi,2026-08-17,Resolved,600,41,No,None,No,1,Medium
C007813,P1072,Solid Waste Management,Garbage Dumping in Vacant Site,Ulsoor,2026-08-17,Resolved,250,12,No,Medium,Yes,4,High
C007814,P0789,Road Maintenance,Pothole,Anjanapura,2026-08-17,Verified,25,1,No,Medium,Yes,8,Medium
C007815,P2138,Road Maintenance,Pothole,Anjanapura,2026-08-17,Assigned,30,1,No,Medium,Yes,8,Medium
C007816,P0115,Solid Waste Management,Garbage Dumping in Vacant Site,Ulsoor,2026-08-17,Closed,120,8,No,Medium,Yes,4,High
C007817,P0427,Road Maintenance,Footpath Damage,Mathikere,2026-08-17,Resolved,25,6,No,High,No,8,Medium
C007818,P0393,Solid Waste Management,Garbage Vehicle Not Arrived,Kadugodi,2026-08-17,Closed,47,4,Yes,Low,Yes,1,Medium
C007819,P2293,Road Maintenance,Road Maintenance Required,Hebbal,2026-08-17,Resolved,3500,8,No,High,No,16,High
C007820,P0377,Road Maintenance,Footpath Damage,Malleshwaram,2026-08-17,Resolved,23,1,No,Low,No,12,Low
C007821,P0194,Solid Waste Management,Garbage Not Collected,Hosahalli,2026-08-17,Closed,40,1,Yes,None,No,3,Medium
C007822,P0220,Others,Illegal Construction,Koramangala,2026-08-17,Resolved,83,0,No,Low,No,12,Low
C007823,P0669,Solid Waste Management,Garbage Dumping in Vacant Site,Hosahalli,2026-08-17,Resolved,70,2,No,None,Yes,8,Low
C007824,P2121,Sewerage,Manhole Overflow,Bellandur,2026-08-17,Resolved,20,1,Yes,Medium,Yes,4,Medium
C007825,P0032,Solid Waste Management,Garbage Dumping in Vacant Site,Sadashivanagar,2026-08-17,Resolved,40,7,No,Low,No,4,Medium
C007826,P2962,Electrical,Damaged Street Light,Banaswadi,2026-08-17,Closed,10,1,No,Low,No,4,Low
C007827,P2223,Revenue Department,Property Tax Query,Hosahalli,2026-08-17,Resolved,5,0,No,None,Yes,1,Low
C007828,P2360,Electrical,Damaged Street Light,Shantinagar,2026-08-17,Resolved,45,2,No,Critical,No,1,Critical
C007829,P2989,Electrical,Electric Pole Damaged,Kengeri,2026-08-17,Resolved,180,20,Yes,High,Yes,16,Medium
C007830,P1798,Electrical,Multiple Street Lights Not Working,Yeshwanthpur,2026-08-17,Closed,827,4,No,Critical,Yes,8,High
C007831,P1484,Electrical,Damaged Street Light,Banaswadi,2026-08-17,Closed,10,2,No,Low,No,,Low
C007832,P0216,Road Maintenance,Pothole,Yelahanka,2026-08-17,Resolved,70,3,No,Low,Yes,8,Medium
C007833,P0093,Drainage,Damaged Drain,Rajajinagar,2026-08-17,In Progress,80,7,No,Medium,Yes,12,High
C007834,P0659,Solid Waste Management,Garbage Vehicle Not Arrived,Peenya,2026-08-17,Resolved,24,9,No,None,Yes,4,Low
C007835,P1017,Solid Waste Management,Garbage Dumping in Vacant Site,Ulsoor,2026-08-17,Resolved,140,5,No,Medium,Yes,4,High
C007836,P2372,Road Maintenance,Pothole,Vasanthnagar,2026-08-18,Resolved,500,65,No,Low,No,12,Medium
C007837,P0708,Public Sanitation,Unclean Public Area,Electronic City,2026-08-18,Closed,48,21,No,Low,No,2,Medium
C007838,P1199,Road Infrastructure,Road Cutting Not Restored,Shantinagar,2026-08-18,Resolved,120,1,No,Medium,No,4,Low
C007839,P1443,Road Maintenance,Pothole,Sadashivanagar,2026-08-18,Resolved,100,3,No,Medium,No,4,Medium
C007840,P0349,Public Sanitation,Unclean Public Area,Peenya,2026-08-18,Resolved,90,16,No,High,Yes,4,High
C007841,P2728,Solid Waste Management,Sweeping Not Done,Mathikere,2026-08-18,Resolved,239,9,No,None,Yes,2,Medium
C007842,P1763,Road Maintenance,Pothole,Anjanapura,2026-08-18,Registered,25,2,No,Medium,Yes,8,Medium
C007843,P1637,Drainage,Drain Blockage,Shantinagar,2026-08-18,Resolved,111,3,No,Low,No,12,Medium
C007844,P1637,Drainage,Drain Blockage,Shantinagar,2026-08-18,Registered,111,3,No,Low,No,12,Medium
C007845,P2397,Solid Waste Management,Sweeping Not Done,Sarakki,2026-08-18,Resolved,70,3,No,Low,Yes,2,Medium
C007846,P2549,Street Infrastructure,Fallen Tree Branch,Chamrajpet,2026-08-18,Closed,75,3,No,High,No,4,High
C007847,P0258,Road Maintenance,Road Maintenance Required,Dasarahalli,2026-08-18,Resolved,160,15,No,None,Yes,4,Low
C007848,P2326,Road Maintenance,Road Surface Damage,Mathikere,2026-08-18,Resolved,30,3,No,High,Yes,24,High
C007849,P0062,Water Supply,No Water Supply,Malleshwaram,2026-08-18,Resolved,,10,Yes,Low,No,12,Medium
C007850,P2910,Solid Waste Management,Garbage Vehicle Not Arrived,Kadugodi,2026-08-18,Resolved,47,6,Yes,Low,Yes,1,Medium
C007851,P2948,Water Supply,No Water Supply,Malleshwaram,2026-08-18,Resolved,268,8,Yes,None,No,8,Medium
C007852,P0863,Electrical,Street Light Not Working,Kadugodi,2026-08-18,Resolved,35,1,Yes,Medium,Yes,4,Medium
C007853,P0863,Electrical,Street Light Not Working,Kadugodi,2026-08-18,Resolved,35,1,Yes,Medium,Yes,4,Medium
C007854,P0145,Solid Waste Management,Sweeping Not Done,Sarakki,2026-08-18,Resolved,80,2,No,Medium,Yes,1,Medium
C007855,P0046,Road Maintenance,Pothole,Anjanapura,2026-08-18,Verified,20,1,No,Low,Yes,6,Medium
C007856,P0067,Solid Waste Management,Sweeping Not Done,Sarakki,2026-08-18,Closed,72,3,No,Low,Yes,2,Medium
C007857,P2053,Revenue Department,Trade Licence Issue,Mathikere,2026-08-18,In Progress,1,,No,None,Yes,1,Low
C007858,P0481,Road Maintenance,Pothole,Vasanthnagar,2026-08-18,Closed,160,15,No,Low,No,12,Medium
C007859,P2816,Solid Waste Management,Garbage Vehicle Not Arrived,Kadugodi,2026-08-18,Closed,47,6,Yes,Medium,No,2,Medium
C007860,P1586,Road Maintenance,Road Surface Damage,Mathikere,2026-08-18,Closed,47,8,No,High,No,24,High
C007861,P2675,Drainage,Damaged Drain,Peenya,2026-08-19,Resolved,110,15,No,Medium,No,24,Medium
C007862,P2605,Drainage,Damaged Drain,Rajajinagar,2026-08-19,In Progress,85,7,No,Medium,Yes,8,Medium
C007863,P1165,Solid Waste Management,Garbage Dump,Malleshwaram,2026-08-19,Resolved,910,41,No,Medium,Yes,6,Medium
C007864,P2596,Solid Waste Management,Garbage Dump,Malleshwaram,2026-08-19,Resolved,510,19,No,Low,Yes,3,Medium
C007865,P2355,Drainage,Drain Overflow,Varthur,2026-08-19,Closed,160,26,No,Critical,Yes,4,Critical
C007866,P2259,Revenue Department,Khata Related Issue,Chamrajpet,2026-08-19,Assigned,4,1,No,Low,No,0.5,Low
C007867,P2880,Water Supply,Water Leakage,Mathikere,2026-08-19,Resolved,170,32,Yes,Low,No,4,Medium
C007868,P0518,Health,Increase in Mosquito Density,Padmanabhanagar,2026-08-19,Resolved,230,32,No,Medium,No,8,Medium
C007869,P2449,Road Maintenance,Pothole,Hosahalli,2026-08-19,Closed,490,26,,Low,No,2,Low
C007870,P1666,Road Maintenance,Road Surface Damage,Gandhinagar,2026-08-19,Assigned,406,71,Yes,Low,No,8,Medium
C007871,P0427,Water Supply,Water Leakage,Mathikere,2026-08-19,Resolved,181,29,Yes,Medium,No,3,Medium
C007872,P2981,Road Maintenance,Pothole,Hebbal,2026-08-19,Resolved,85,14,No,Low,No,4,Medium
C007873,P2205,Electrical,Street Light Not Working,Shantinagar,2026-08-19,Resolved,3,0,No,Low,Yes,1,Low
C007874,P0708,Health,Increase in Mosquito Density,Electronic City,2026-08-19,Resolved,267,,No,None,Yes,3,Medium
C007875,P2027,Road Maintenance,Pothole,Hosahalli,2026-08-19,Closed,580,56,No,Medium,No,1,Low
C007876,P0293,Road Maintenance,Pothole,Dasarahalli,2026-08-19,Resolved,410,66,No,Medium,Yes,24,Critical
C007877,P0883,Drainage,Drain Overflow,Mahadevapura,2026-08-19,In Progress,216,11,Yes,Low,No,2,Medium
C007878,P2353,Road Maintenance,Pothole,Dasarahalli,2026-08-19,Closed,260,41,No,Medium,Yes,24,High
C007879,P2550,Street Infrastructure,Fallen Tree Branch,HSR Layout,2026-08-19,Resolved,128,70,No,High,No,,High
C007880,P1020,Drainage,Drain Overflow,Chamrajpet,2026-08-19,Assigned,120,22,No,Low,No,8,Medium
C007881,P0321,Road Maintenance,Pothole,Yelahanka,2026-08-19,Resolved,100,7,No,Medium,Yes,2,Medium
C007882,P0659,Drainage,Damaged Drain,Peenya,2026-08-19,Resolved,85,15,No,Medium,No,36,Medium
C007883,P2485,Street Infrastructure,Fallen Tree Branch,HSR Layout,2026-08-19,Resolved,95,22,No,Critical,No,3,High
C007884,P0614,Health,Increase in Mosquito Density,Electronic City,2026-08-19,Resolved,267,39,No,None,No,6,Medium
C007885,P1531,Electrical,Electric Pole Damaged,Ulsoor,2026-08-19,Resolved,35,5,No,Critical,No,8,High
C007886,P0055,Road Maintenance,Road Surface Damage,Gandhinagar,2026-08-19,Assigned,406,76,Yes,High,No,8,Medium
C007887,P1695,Road Maintenance,Pothole,Yelahanka,2026-08-19,Resolved,60,5,No,Medium,No,2,Medium
C007888,P2393,Solid Waste Management,Garbage Dump,Malleshwaram,2026-08-19,Resolved,580,18,Yes,Medium,Yes,4,Medium
C007889,P1152,Road Maintenance,Pothole,Yelahanka,2026-08-19,Resolved,60,6,No,Medium,Yes,,Medium
C007890,P1152,Road Maintenance,Pothole,Yelahanka,2026-08-19,Resolved,60,6,No,Medium,Yes,1,Medium
C007891,P0550,Solid Waste Management,Garbage Dumping in Vacant Site,Sarakki,2026-08-19,Closed,,1,No,None,,4,Low
C007892,P0405,Electrical,Street Light Not Working,Hoodi,2026-08-19,Closed,55,10,No,Medium,Yes,1,High
C007893,P1135,Revenue Department,Khata Related Issue,BTM Layout,2026-08-19,Assigned,10,2,No,None,Yes,1,Low
C007894,P0341,Road Maintenance,Pothole,Arekere,2026-08-19,Resolved,9,0,No,Medium,Yes,8,High
C007895,P1570,Road Maintenance,Pothole,Mathikere,2026-08-19,Resolved,135,8,No,Medium,Yes,12,High
C007896,P0691,Electrical,Electric Pole Damaged,Vasanthnagar,2026-08-19,Resolved,90,10,No,Critical,No,2,High
C007897,P0334,Road Maintenance,Pothole,Hebbal,2026-08-19,In Progress,85,9,No,Medium,No,4,Medium
C007898,P1012,Drainage,Drain Overflow,Varthur,2026-08-19,Resolved,131,23,No,High,Yes,4,Critical
C007899,P2070,Public Sanitation,Garbage Burning,Mathikere,2026-08-19,Resolved,70,35,No,High,Yes,0.5,High
C007900,P1514,Road Maintenance,Road Surface Damage,Kodigehalli,2026-08-20,Resolved,50,7,No,Low,Yes,4,Medium
C007901,P1204,Sewerage,Sewage Overflow,Koramangala,2026-08-20,Resolved,160,16,Yes,Low,No,8,Medium
C007902,P1899,Sewerage,Manhole Overflow,Yelahanka,2026-08-20,Resolved,35,9,Yes,High,Yes,8,Critical
C007903,P2380,Electrical,Electric Pole Damaged,Vasanthnagar,2026-08-20,Resolved,65,13,No,Critical,No,2,High
C007904,P0075,Drainage,Drain Overflow,Varthur,2026-08-20,Resolved,276,34,No,Critical,Yes,4,High
C007905,P0362,Drainage,Drain Overflow,Dasarahalli,2026-08-20,Verified,85,5,No,Low,Yes,12,Low
C007906,P1383,Sewerage,Sewage Overflow,Jalahalli,2026-08-20,Resolved,110,13,Yes,Medium,Yes,8,High
C007907,P0056,Solid Waste Management,Garbage Not Collected,Mathikere,2026-08-20,Assigned,30,9,Yes,Low,No,8,Medium
C007908,P0448,Road Maintenance,Road Surface Damage,Kodigehalli,2026-08-20,Resolved,45,4,No,Low,No,4,Medium
C007909,P1383,Road Maintenance,Pothole,BTM Layout,2026-08-20,Resolved,22,2,No,Low,Yes,8,Low
C007910,P2568,Drainage,Drain Overflow,Kodigehalli,2026-08-20,Closed,160,0,No,None,No,4,Low
C007911,P2568,Drainage,Drain Overflow,Kodigehalli,2026-08-20,Closed,160,,No,None,No,4,Low
C007912,P0482,Solid Waste Management,Garbage Dumping in Vacant Site,Bellandur,2026-08-20,Verified,65,0,No,None,Yes,6,Low
C007913,P2776,Electrical,Multiple Street Lights Not Working,Chamrajpet,2026-08-20,Verified,110,11,No,Medium,No,4,Medium
C007914,P2420,Sewerage,Sewage Overflow,Jalahalli,2026-08-20,Resolved,150,40,Yes,Medium,Yes,8,High
C007915,P0083,Solid Waste Management,Garbage Dumping in Vacant Site,Sarakki,2026-08-20,Resolved,25,1,No,None,No,3,Low
C007916,P0176,Solid Waste Management,Garbage Dump,Vijayanagar,2026-08-20,Resolved,60,10,No,Medium,No,6,Medium
C007917,P2074,Sewerage,Sewage Overflow,Jalahalli,2026-08-20,Closed,110,38,Yes,Medium,Yes,8,High
C007918,P1743,Electrical,Electric Pole Damaged,Shantinagar,2026-08-20,In Progress,290,39,No,Medium,No,16,Medium
C007919,P2291,Water Supply,No Water Supply,JP Nagar,2026-08-20,Resolved,440,68,Yes,High,Yes,3,Critical
C007920,P1183,Health,Increase in Mosquito Density,Ulsoor,2026-08-20,Resolved,2500,930,No,None,Yes,16,Medium
C007921,P1519,Water Supply,No Water Supply,JP Nagar,2026-08-20,Resolved,602,70,Yes,High,Yes,3,Critical
C007922,P2436,Electrical,Multiple Street Lights Not Working,Bommanahalli,2026-08-20,Resolved,280,33,Yes,Low,Yes,12,High
C007923,P1095,Electrical,Multiple Street Lights Not Working,Chamrajpet,2026-08-20,Assigned,130,17,No,Low,Yes,3,Medium
C007924,P1348,Drainage,Drain Overflow,Koramangala,2026-08-20,Resolved,230,9,No,Low,No,4,Medium
C007925,P0883,Road Maintenance,Road Surface Damage,Mahadevapura,2026-08-20,Assigned,18,1,No,Low,No,4,Low
C007926,P2413,Drainage,Drain Overflow,Kodigehalli,2026-08-20,Closed,160,0,No,None,No,4,Medium
C007927,P0497,Water Supply,Water Leakage,Mathikere,2026-08-20,Resolved,173,31,Yes,Low,No,4,Medium
C007928,P2892,Drainage,Drain Overflow,Dasarahalli,2026-08-20,Registered,85,5,No,Medium,Yes,12,Low
C007929,P2070,Solid Waste Management,Garbage Vehicle Not Arrived,Mathikere,2026-08-20,Resolved,,40,Yes,None,Yes,0.5,Low
C007930,P1979,Drainage,Drain Overflow,Kodigehalli,2026-08-20,Resolved,191,0,No,None,No,4,Low
C007931,P1950,Drainage,Drain Overflow,Kodigehalli,2026-08-20,Resolved,130,0,No,None,No,4,Low
C007932,P1010,Sewerage,Sewage Overflow,Koramangala,2026-08-20,Resolved,65,10,Yes,Low,No,8,Medium
C007933,P2288,Solid Waste Management,Garbage Not Collected,Mathikere,2026-08-20,Assigned,30,5,,Low,No,8,Medium
C007934,P2906,Road Maintenance,Road Maintenance Required,Hosahalli,2026-08-20,Resolved,30,4,No,None,Yes,6,Low
C007935,P0178,Road Maintenance,Road Surface Damage,Mahadevapura,2026-08-20,Registered,35,2,No,Low,No,4,Low
C007936,P1319,Sewerage,Sewage Overflow,Jalahalli,2026-08-20,Resolved,140,61,Yes,Medium,Yes,8,High
C007937,P1319,Sewerage,Sewage Overflow,Jalahalli,2026-08-20,Resolved,140,61,Yes,Medium,Yes,8,High
C007938,P0793,Drainage,Drain Overflow,Kodigehalli,2026-08-20,Resolved,234,32,Yes,High,Yes,6,High
C007939,P2882,Sewerage,Sewage Overflow,Koramangala,2026-08-20,Closed,87,9,Yes,Low,No,12,Medium
C007940,P1584,Drainage,Drain Overflow,Koramangala,2026-08-20,Closed,230,9,No,Low,No,4,Medium
C007941,P2617,Drainage,Damaged Drain,Koramangala,2026-08-20,Resolved,55,10,No,High,No,48,Medium
C007942,P2617,Drainage,Damaged Drain,Koramangala,2026-08-20,Resolved,55,10,No,High,No,48,Medium
C007943,P0055,Sewerage,Sewage Overflow,Gandhinagar,2026-08-20,Resolved,701,72,No,High,,8,Critical
C007944,P1674,Drainage,Damaged Drain,Nagarbhavi,2026-08-20,Resolved,75,3,No,Low,No,36,Low
C007945,P0345,Drainage,Drain Overflow,Kodigehalli,2026-08-20,Closed,140,0,No,None,No,6,Low
C007946,P2923,Street Infrastructure,Fallen Tree Branch,Nagarbhavi,2026-08-20,Resolved,110,22,No,Critical,No,6,Critical
C007947,P0547,Sewerage,Sewage Overflow,Jalahalli,2026-08-20,Resolved,100,26,Yes,Medium,Yes,6,High
C007948,P2892,Road Maintenance,Pothole,Dasarahalli,2026-08-20,Assigned,60,0,No,Medium,No,2,Low
C007949,P0749,Water Supply,No Water Supply,JP Nagar,2026-08-20,Resolved,602,77,Yes,High,Yes,2,Critical
C007950,P1542,Drainage,Drain Overflow,Malleshwaram,2026-08-20,Assigned,284,16,No,,No,2,Medium
C007951,P0243,Solid Waste Management,Sweeping Not Done,Mathikere,2026-08-20,Closed,239,9,No,None,Yes,3,Medium
C007952,P0893,Drainage,Drain Overflow,Kodigehalli,2026-08-20,Closed,160,0,No,None,No,3,Low
C007953,P2333,Water Supply,No Water Supply,JP Nagar,2026-08-20,Resolved,371,44,Yes,High,Yes,3,Critical
C007954,P1323,Drainage,Drain Overflow,Varthur,2026-08-20,Resolved,170,26,No,Critical,Yes,4,Critical
C007955,P0587,Health,Increase in Mosquito Density,Padmanabhanagar,2026-08-20,Resolved,230,61,Yes,Medium,No,6,Medium
C007956,P0065,Sewerage,Sewage Overflow,Jalahalli,2026-08-20,Closed,110,25,Yes,Medium,Yes,8,High
C007957,P0056,Water Supply,No Water Supply,Mathikere,2026-08-20,Resolved,170,48,Yes,Medium,No,12,High
C007958,P1159,Solid Waste Management,Garbage Vehicle Not Arrived,Mathikere,2026-08-20,Resolved,190,40,Yes,None,Yes,2,Low
C007959,P0593,Solid Waste Management,Garbage Not Collected,Malleshwaram,2026-08-20,Assigned,171,2,No,Low,No,6,Low
C007960,P2064,Road Maintenance,Footpath Damage,Bellandur,2026-08-20,In Progress,7,2,No,Medium,Yes,,High
C007961,P2496,Road Maintenance,Road Maintenance Required,Hosahalli,2026-08-20,Closed,30,4,No,None,Yes,6,Low
C007962,P2236,Sewerage,Sewage Overflow,Koramangala,2026-08-20,Resolved,122,20,Yes,Low,No,8,Medium
C007963,P0591,Electrical,Electric Pole Damaged,Vasanthnagar,2026-08-20,Resolved,65,8,No,,No,2,Medium
C007964,P0529,Electrical,Electric Pole Damaged,Ulsoor,2026-08-21,Resolved,35,4,No,Critical,No,8,High
C007965,P2432,Drainage,Drain Overflow,Mathikere,2026-08-21,Assigned,160,25,No,Low,Yes,8,Medium
C007966,P2946,Sewerage,Sewage Overflow,Jalahalli,2026-08-21,Closed,,31,Yes,Medium,Yes,8,High
C007967,P2270,Sewerage,Sewage Overflow,Jalahalli,2026-08-21,Resolved,110,32,Yes,Medium,Yes,6,High
C007968,P1998,Health,Increase in Mosquito Density,Electronic City,2026-08-21,Closed,198,49,No,None,No,4,Medium
C007969,P1737,Solid Waste Management,Garbage Dumping in Vacant Site,Bellandur,2026-08-21,Verified,65,0,No,None,Yes,12,Low
C007970,P0118,Sewerage,Sewage Overflow,Jalahalli,2026-08-21,Resolved,110,21,No,Medium,Yes,12,High
C007971,P0871,Road Maintenance,Pothole,Ulsoor,2026-08-21,Resolved,350,3,No,High,Yes,8,Medium
C007972,P1478,Solid Waste Management,Garbage Not Collected,Rajarajeshwari Nagar,2026-08-21,Resolved,1800,161,No,Low,No,2,Low
C007973,P2749,Drainage,Drain Overflow,Kodigehalli,2026-08-21,Resolved,260,0,No,Low,No,,Low
C007974,P1917,Electrical,Multiple Street Lights Not Working,Sadashivanagar,2026-08-21,Resolved,240,,No,Medium,Yes,8,Medium
C007975,P0702,Electrical,Electric Pole Damaged,Kadugodi,2026-08-21,Resolved,10,0,No,Critical,,16,High
C007976,P0065,Health,Increase in Mosquito Density,Jalahalli,2026-08-21,Resolved,471,93,No,Medium,No,8,High
C007977,P2542,Health,Increase in Mosquito Density,Jalahalli,2026-08-21,Resolved,471,88,No,Medium,Yes,6,High
C007978,P0021,Sewerage,Drain Blockage,Vasanthnagar,2026-08-21,Resolved,50,2,Yes,None,No,2,Medium
C007979,P1300,Sewerage,Sewage Overflow,Jalahalli,2026-08-21,Closed,110,17,Yes,Medium,Yes,8,High
C007980,P0660,Drainage,Drain Overflow,Malleshwaram,2026-08-21,In Progress,183,,No,Medium,No,2,Medium
C007981,P2984,Others,Illegal Construction,Padmanabhanagar,2026-08-21,Resolved,10,0,No,Medium,Yes,6,Low
C007982,P2937,Electrical,Multiple Street Lights Not Working,Sadashivanagar,2026-08-21,Closed,281,10,No,Medium,Yes,8,Medium
C007983,P0497,Solid Waste Management,Sweeping Not Done,Mathikere,2026-08-21,Resolved,290,7,No,None,Yes,2,Medium
C007984,P1283,Street Infrastructure,Fallen Tree Branch,Nagarbhavi,2026-08-21,Resolved,80,15,No,Critical,No,8,Critical
C007985,P1998,Electrical,Street Light Not Working,Electronic City,2026-08-21,Resolved,164,3,No,Medium,Yes,2,Medium
C007986,P1223,Sewerage,Sewage Overflow,Jalahalli,2026-08-21,Closed,110,37,Yes,Medium,Yes,8,High
C007987,P1218,Road Maintenance,Pothole,Jalahalli,2026-08-21,Resolved,1100,257,No,Critical,Yes,16,Critical
C007988,P2873,Health,Increase in Mosquito Density,Jalahalli,2026-08-21,Resolved,471,63,Yes,Low,Yes,8,High
C007989,P2780,Drainage,Drain Overflow,Kodigehalli,2026-08-21,Resolved,160,0,No,None,Yes,4,Low
C007990,P2088,Solid Waste Management,Garbage Not Collected,Mathikere,2026-08-21,Assigned,30,8,Yes,Low,No,8,Medium
C007991,P1474,Solid Waste Management,Garbage Vehicle Not Arrived,Mathikere,2026-08-21,Resolved,370,92,Yes,None,Yes,1,Low
C007992,P2867,Electrical,Multiple Street Lights Not Working,Sadashivanagar,2026-08-21,Resolved,200,7,No,Medium,No,12,Medium
C007993,P0106,Drainage,Drain Overflow,Kodigehalli,2026-08-21,Closed,160,0,No,None,No,6,Low
C007994,P1480,Drainage,Drain Overflow,Kodigehalli,2026-08-21,Resolved,160,0,No,None,No,,Low
C007995,P1732,Sewerage,Sewage Overflow,Jalahalli,2026-08-21,Resolved,110,28,No,Low,Yes,8,High
C007996,P1899,Road Maintenance,Pothole,Ulsoor,2026-08-21,Resolved,909,88,No,High,Yes,16,Critical
C007997,P2326,Road Maintenance,Pothole,Mathikere,2026-08-21,Closed,25,0,No,Medium,Yes,6,Medium
C007998,P0243,Solid Waste Management,Sweeping Not Done,Mathikere,2026-08-21,Closed,239,9,No,None,Yes,,Medium
C007999,P2205,Sewerage,Sewage Overflow,Bellandur,2026-08-21,Resolved,6,1,No,Medium,Yes,2,Low
C008000,P2334,Health,Increase in Mosquito Density,Jalahalli,2026-08-21,Closed,471,473,,Medium,Yes,8,High
C008001,P1720,Sewerage,Sewage Overflow,Jalahalli,2026-08-21,Closed,95,25,Yes,Medium,Yes,12,High
C008002,P1899,Health,Increase in Mosquito Density,Ulsoor,2026-08-21,Resolved,2500,1015,No,None,Yes,24,Medium
C008003,P2795,Solid Waste Management,Garbage Vehicle Not Arrived,Hoodi,2026-08-21,Resolved,230,51,No,None,No,2,Medium
C008004,P2289,Road Maintenance,Pothole,Dasarahalli,2026-08-21,Assigned,40,0,No,Low,No,2,Low
C008005,P2724,Electrical,Multiple Street Lights Not Working,Sadashivanagar,2026-08-21,Resolved,130,6,No,Medium,Yes,8,Medium
C008006,P1480,Drainage,Drain Overflow,Kodigehalli,2026-08-21,Resolved,170,9,Yes,High,Yes,8,High
C008007,P1937,Drainage ,Drain Overflow,Shantinagar,2026-08-21,Resolved,150,4,Yes,Low,No,12,Medium
C008008,P1723,Electrical,Multiple Street Lights Not Working,Sadashivanagar,2026-08-21,Resolved,220,10,No,Medium,Yes,8,Medium
C008009,P2191,Drainage,Drain Overflow,Koramangala,2026-08-21,Resolved,230,9,No,Low,No,,Medium
C008010,P1385,Sewerage,Manhole Overflow,Yelahanka,2026-08-21,Resolved,40,10,No,High,No,8,High
C008011,P0296,Sewerage,Sewage Overflow,Jalahalli,2026-08-21,Resolved,110,24,Yes,Medium,Yes,8,High
C008012,P2208,Public Sanitation,Garbage Burning,Mathikere,2026-08-21,Closed,101,23,No,High,Yes,1,High
C008013,P0708,Health,Increase in Mosquito Density,Electronic City,2026-08-21,Resolved,267,49,No,None,Yes,3,Medium
C008014,P1694,Water Supply,Low Water Pressure,Chickpet,2026-08-21,Verified,35,1,Yes,Low,No,2,Medium
C008015,P1902,Road Maintenance,Road Surface Damage,Hosahalli,2026-08-21,Closed,95,29,Yes,Low,Yes,8,Medium
C008016,P1831,Electrical,Multiple Street Lights Not Working,Sadashivanagar,2026-08-21,Resolved,180,5,Yes,Medium,No,8,Medium
C008017,P2165,Road Maintenance,Pothole,Hennur,2026-08-21,Resolved,94,0,No,Critical,Yes,12,Critical
C008018,P0440,Drainage,Drain Overflow,Varthur,2026-08-21,Resolved,170,37,No,Critical,Yes,6,Critical
C008019,P0346,Drainage,Damaged Drain,Varthur,2026-08-21,Registered,141,12,No,Critical,Yes,6,High
C008020,P1782,Sewerage,Sewage Overflow,Koramangala,2026-08-21,Resolved,170,28,Yes,Low,No,6,Medium
C008021,P1062,Health,Increase in Mosquito Density,Padmanabhanagar,2026-08-21,Resolved,340,62,No,High,No,8,Medium
C008022,P1112,Electrical,Multiple Street Lights Not Working,Sadashivanagar,2026-08-21,Resolved,180,4,No,Medium,Yes,8,Medium
C008023,P1995,Health,Increase in Mosquito Density,Jalahalli,2026-08-21,Resolved,340,57,No,Medium,Yes,8,High
C008024,P0305,Electrical,Multiple Street Lights Not Working,Sadashivanagar,2026-08-21,Resolved,185,4,No,Medium,Yes,6,Medium
C008025,P2602,Road Maintenance,Pothole,Sarakki,2026-08-21,Registered,270,46,No,Low,No,3,Medium
C008026,P0115,Road Maintenance,Pothole,Ulsoor,2026-08-22,Resolved,820,73,No,High,Yes,12,Critical
C008027,P1294,Sewerage,Sewage Overflow,Jalahalli,2026-08-22,Closed,110,32,Yes,Medium,Yes,,High
C008028,P0021,Electrical,Multiple Street Lights Not Working,Sadashivanagar,2026-08-22,Resolved,180,4,No,Medium,Yes,8,Medium
C008029,P2701,Street Infrastructure,Fallen Tree Branch,Nagarbhavi,2026-08-22,Resolved,110,31,No,Critical,No,6,Critical
C008030,P2418,Health,Increase in Mosquito Density,Jalahalli,2026-08-22,Resolved,862,243,No,Medium,Yes,8,High
C008031,P2141,Sewerage,Sewage Overflow,Jalahalli,2026-08-22,Closed,78,16,Yes,Medium,Yes,12,High
C008032,P1044,Water Supply,Pipeline Leakage,Basavanagudi,2026-08-22,Resolved,220,7,Yes,Low,No,12,Medium
C008033,P2955,Solid Waste Management,Sweeping Not Done,Chamrajpet,2026-08-22,Resolved,60,9,No,None,Yes,1,Low
C008034,P1083,Drainage,Drain Overflow,Kodigehalli,2026-08-22,Resolved,184,0,No,None,Yes,4,Low
C008035,P2641,Sewerage,Sewage Overflow,Jalahalli,2026-08-22,Resolved,90,17,Yes,Medium,Yes,8,High
C008036,P2105,Solid Waste Management,Garbage Not Collected,Malleshwaram,2026-08-22,Closed,190,24,Yes,None,Yes,2,High
C008037,P0797,Electrical,Multiple Street Lights Not Working,Chamrajpet,2026-08-22,Resolved,250,45,No,None,No,12,Medium
C008038,P2054,Health ,Increase in Mosquito Density,Jalahalli,2026-08-22,Closed,471,101,No,Medium,Yes,8,High
C008039,P0555,Electrical,Street Light Not Working,Hoodi,2026-08-22,Resolved,55,8,No,Medium,Yes,1,High
C008040,P2006,Sewerage,Sewage Overflow,Jalahalli,2026-08-22,Resolved,110,27,Yes,Medium,Yes,8,High
C008041,P1450,Drainage,Drain Overflow,Kodigehalli,2026-08-22,Resolved,140,0,No,None,No,4,Low
C008042,P2789,Solid Waste Management,Garbage Not Collected,Malleshwaram,2026-08-22,Closed,200,20,Yes,None,Yes,2,High
C008043,P1514,Drainage,Drain Overflow,Kodigehalli,2026-08-22,Resolved,160,0,No,None,No,4,Low
C008044,P0142,Road Maintenance,Footpath Damage,Yelahanka,2026-08-22,Closed,130,21,No,None,Yes,6,Low
C008045,P2925,Water Supply,no water supply,Electronic City,2026-08-22,Resolved,310,51,Yes,None,Yes,4,Medium
C008046,P2267,Drainage,Drain Blockage,Mathikere,2026-08-22,In Progress,65,4,No,Critical,No,4,Critical
C008047,P0707,Health,Increase in Mosquito Density,Jalahalli,2026-08-22,Resolved,471,81,,Medium,Yes,8,High
C008048,P0729,Road Infrastructure,Road Encroachment,Yeshwanthpur,2026-08-22,In Progress,140,19,No,Low,Yes,16,Low
C008049,P2567,Solid Waste Management,Garbage Not Collected,Malleshwaram,2026-08-22,Resolved,430,65,Yes,None,,2,High
C008050,P0585,Electrical,Damaged Street Light,Ulsoor,2026-08-22,Resolved,20,1,No,Low,Yes,4,Medium
C008051,P2270,Health,Increase in Mosquito Density,Jalahalli,2026-08-22,Resolved,332,85,No,Low,Yes,8,High
C008052,P0364,Electrical,Multiple Street Lights Not Working,Chamrajpet,2026-08-22,Verified,200,25,No,Medium,Yes,4,Medium
C008053,P2136,Others,Miscellaneous Complaint,Rajajinagar,2026-08-22,Resolved,127,2,No,None,Yes,1,Low
C008054,P0293,Road Maintenance,Pothole,Dasarahalli,2026-08-22,Assigned,30,0,No,Low,No,1,Low
C008055,P0979,Road Maintenance,Footpath Damage,HSR Layout,2026-08-22,Assigned,30,7,No,Medium,No,4,Medium
C008056,P1140,Electrical,Multiple Street Lights Not Working,Sadashivanagar,2026-08-22,Closed,280,9,No,Medium,Yes,8,Medium
C008057,P1443,Electrical,Multiple Street Lights Not Working,Sadashivanagar,2026-08-22,Resolved,180,8,No,Medium,Yes,8,Medium
C008058,P1486,Health,Increase in Mosquito Density,Jalahalli,2026-08-22,In Progress,369,53,No,Medium,Yes,12,High
C008059,P1486,Health,Increase in Mosquito Density,Jalahalli,2026-08-22,Closed,260,53,No,Medium,Yes,12,High
C008060,P1144,Electrical,Multiple Street Lights Not Working,Chamrajpet,2026-08-22,Resolved,200,25,No,None,No,8,Medium
C008061,P0137,Sewerage,Sewage Overflow,Koramangala,2026-08-22,Resolved,122,14,Yes,Medium,No,6,Medium
C008062,P0323,Health,Increase in Mosquito Density,Ulsoor,2026-08-22,Resolved,2500,980,No,None,Yes,24,Medium
C008063,P1288,Sewerage,Sewage Overflow,Jalahalli,2026-08-22,Closed,110,30,Yes,Medium,Yes,8,High
C008064,P2338,Electrical,Multiple Street Lights Not Working,Sadashivanagar,2026-08-22,Resolved,180,5,No,Medium,Yes,6,Medium
C008065,P1939,Electrical,Electric Pole Damaged,Shantinagar,2026-08-22,In Progress,308,42,No,Medium,No,24,Medium
C008066,P2869,Public Sanitation,Unclean Public Area,Dasarahalli,2026-08-22,In Progress,88,3,No,Low,No,6,Medium
C008067,P2275,Drainage,Drain Overflow,Shantinagar,2026-08-22,Resolved,170,3,Yes,Medium,No,8,Medium
C008068,P2187,Solid Waste Management,Garbage Not Collected,Anjanapura,2026-08-22,Closed,246,48,No,Medium,Yes,4,Medium
C008069,P0139,Electrical,Multiple Street Lights Not Working,Chamrajpet,2026-08-22,Resolved,250,47,No,None,No,8,Low
C008070,P1997,Electrical,Multiple Street Lights Not Working,Sadashivanagar,2026-08-22,Resolved,180,,No,Medium,Yes,8,Medium
C008071,P2339,Road Maintenance,Pothole,Padmanabhanagar,2026-08-22,Assigned,36,0,No,Medium,Yes,8,Low
C008072,P0272,Road Maintenance,Road Surface Damage,Hosahalli,2026-08-22,Resolved,140,49,No,Low,Yes,12,Medium
C008073,P0101,Sewerage,Sewage Overflow,Jalahalli,2026-08-22,Resolved,110,41,Yes,Low,Yes,12,High
C008074,P0524,Sewerage,Sewage Overflow,Jalahalli,2026-08-22,Resolved,75,22,Yes,Medium,Yes,8,High
C008075,P0563,Electrical,Multiple Street Lights Not Working,Sadashivanagar,2026-08-22,Resolved,130,4,No,Medium,Yes,8,Medium
C008076,P1959,Solid Waste Management,Garbage Not Collected,Anjanapura,2026-08-22,Resolved,246,21,No,Low,Yes,4,Medium
C008077,P1157,Electrical,Multiple Street Lights Not Working,Sadashivanagar,2026-08-22,Resolved,180,5,No,Medium,Yes,8,Medium
C008078,P2903,Drainage,Drain Overflow,Dasarahalli,2026-08-22,Verified,85,5,No,Medium,Yes,8,Low
C008079,P2476,Sewerage,Sewage Overflow,Chamrajpet,2026-08-22,Closed,65,4,Yes,High,Yes,6,High
C008080,P1024,Drainage,Drain Overflow,Kodigehalli,2026-08-22,Resolved,160,0,No,None,No,4,Low
C008081,P2955,Electrical,Multiple Street Lights Not Working,Chamrajpet,2026-08-22,Resolved,190,25,No,None,Yes,8,Medium
C008082,P2063,Solid Waste Management,Garbage Dump,Vijayanagar,2026-08-22,Resolved,50,10,No,Medium,No,8,Medium
C008083,P1327,Health,Increase in Mosquito Density,Jalahalli,2026-08-22,Resolved,550,163,No,Medium,Yes,8,High
C008084,P2056,Electrical,Multiple Street Lights Not Working,Chamrajpet,2026-08-22,Closed,250,32,No,None,Yes,12,Medium
C008085,P1383,Health,Increase in Mosquito Density,Jalahalli,2026-08-22,Resolved,340,66,No,Low,Yes,8,High
C008086,P1920,Sewerage,Sewage Overflow,Bellandur,2026-08-22,Resolved,4,0,No,Low,Yes,2,Low
C008087,P1812,Electrical,Street Light Not Working,Hosahalli,2026-08-22,Registered,170,10,No,Medium,Yes,2,Medium
C008088,P2213,Health,Stray Dog Menace,Sarakki,2026-08-23,Resolved,50,5,No,Medium,Yes,8,Medium
C008089,P1522,Electrical,Multiple Street Lights Not Working,Sadashivanagar,2026-08-23,Closed,180,6,No,Medium,Yes,8,Medium
C008090,P1237,Solid Waste Management,Garbage Not Collected,Anjanapura,2026-08-23,In Progress,210,30,No,Low,No,4,Medium
C008091,P1300,Health,Increase in Mosquito Density,Jalahalli,2026-08-23,Resolved,,72,No,Medium,,12,High
C008092,P1122,Solid Waste Management,Garbage Not Collected,Anjanapura,2026-08-23,Resolved,400,44,No,Low,Yes,4,Medium
C008093,P0257,Sewerage,Sewage Overflow,Gandhinagar,2026-08-23,Closed,220,,Yes,Low,Yes,8,Medium
C008094,P2400,Solid Waste Management,Garbage Not Collected,Malleshwaram,2026-08-23,Resolved,150,17,Yes,None,Yes,2,High
C008095,P1155,Water Supply,No Water Supply,Sadashivanagar,2026-08-23,Closed,1300,24,Yes,Medium,Yes,6,Medium
C008096,P2549,Solid Waste Management,Sweeping Not Done,Chamrajpet,2026-08-23,Closed,60,4,No,None,No,0.5,Low
C008097,P0578,Public Sanitation,Unclean Public Area,Begur,2026-08-23,Assigned,25,1,No,Low,No,4,Low
C008098,P2671,Health,Increase in Mosquito Density,Jalahalli,2026-08-23,In Progress,471,86,No,Medium,Yes,8,Medium
C008099,P2096,Sewerage,Sewage Overflow,Gandhinagar,2026-08-23,Resolved,220,75,Yes,Low,No,8,Medium
C008100,P1004,Health,Stray Dog Menace,Sarakki,2026-08-23,Resolved,55,13,No,Medium,Yes,12,Low
C008101,P0498,Water Supply,No Water Supply,Electronic City,2026-08-23,Resolved,216,49,Yes,None,Yes,4,High
C008102,P0843,Electrical,Multiple Street Lights Not Working,Sadashivanagar,2026-08-23,Resolved,160,5,No,Medium,Yes,8,Medium
C008103,P0786,Road Maintenance,Road Surface Damage,Vijayanagar,2026-08-23,Assigned,330,7,No,High,Yes,8,High
C008104,P0437,Water Supply,Pipeline Leakage,Basavanagudi,2026-08-23,Resolved,300,25,Yes,High,No,12,Low
C008105,P2326,Road Maintenance,Pothole,Mathikere,2026-08-23,Closed,25,0,No,Medium,Yes,6,Medium
C008106,P2641,Health,Increase in Mosquito Density,Jalahalli,2026-08-23,Resolved,471,72,No,Medium,Yes,8,High
C008107,P1556,Health,Increase in Mosquito Density,Jalahalli,2026-08-23,Resolved,471,91,No,Medium,Yes,8,High
C008108,P0706,Drainage,Drain Overflow,Shantinagar,2026-08-23,Closed,240,6,Yes,High,Yes,6,Medium
C008109,P0293,Street Infrastructure,Damaged Signboard,Hennur,2026-08-23,Resolved,25,7,No,Medium,No,3,Low
C008110,P0406,Health,Increase in Mosquito Density,Jalahalli,2026-08-23,Closed,471,74,,Medium,Yes,8,High
C008111,P0305,Water Supply,No Water Supply,Sadashivanagar,2026-08-23,Resolved,600,18,Yes,Medium,Yes,8,High
C008112,P1160,Solid Waste Management,Garbage Not Collected,Anjanapura,2026-08-23,Resolved,246,41,No,Low,Yes,3,Medium
C008113,P0335,Sewerage,Sewage Overflow,Gandhinagar,2026-08-23,Resolved,190,39,Yes,Low,No,8,Medium
C008114,P0708,Electrical,Street Light Not Working,Shivajinagar,2026-08-23,Resolved,20,3,No,Medium,Yes,0.5,Medium
C008115,P0194,Drainage,Damaged Drain,Hosahalli,2026-08-23,Resolved,15,0,Yes,Medium,Yes,8,Medium
C008116,P1899,Road Maintenance,Pothole,Ulsoor,2026-08-23,Resolved,320,2,No,High,Yes,8,Medium
C008117,P1719,Road Maintenance,Road Surface Damage,Vijayanagar,2026-08-23,In Progress,370,7,No,High,Yes,8,High
C008118,P0624,Public Sanitation,Garbage Burning,Hoodi,2026-08-23,Resolved,140,28,No,Low,Yes,6,Low
C008119,P1992,Solid Waste Management,Garbage Not Collected,Anjanapura,2026-08-23,Resolved,200,41,No,Low,Yes,4,Medium
C008120,P1391,Solid Waste Management,Sweeping Not Done,Koramangala,2026-08-24,Resolved,70,10,No,None,No,2,Low
C008121,P2614,Solid Waste Management,Garbage Not Collected,Hebbal,2026-08-24,Resolved,57,3,No,None,No,1,Low
C008122,P1962,Sewerage,Manhole Overflow,Dasarahalli,2026-08-24,Resolved,85,4,Yes,Medium,Yes,12,Medium
C008123,P2217,Solid Waste Management,Garbage Dumping in Vacant Site,Hosahalli,2026-08-24,Closed,25,1,No,Low,Yes,8,Low
C008124,P2070,Solid Waste Management,Garbage Dumping in Vacant Site,Mathikere,2026-08-24,Assigned,30,3,No,None,Yes,4,Low
C008125,P0266,Drainage,Drain Blockage,Nagarbhavi,2026-08-24,Registered,50,2,No,None,Yes,8,Low
C008126,P2903,Electrical,Street Light Not Working,Dasarahalli,2026-08-24,Resolved,15,1,No,High,No,2,Medium
C008127,P0573,Road Maintenance,Pothole,Hosahalli,2026-08-24,Resolved,620,,No,Medium,No,2,Medium
C008128,P0573,Road Maintenance,Pothole,Hosahalli,2026-08-24,Resolved,620,51,No,Medium,No,2,Medium
C008129,P2924,Electrical,Multiple Street Lights Not Working,Chamrajpet,2026-08-24,Resolved,8000,50,No,None,Yes,12,Medium
C008130,P1745,Solid Waste Management,Garbage Not Collected,Anjanapura,2026-08-24,Resolved,246,45,No,Low,Yes,4,Medium
C008131,P2449,Road Maintenance,Pothole,Hosahalli,2026-08-24,Resolved,620,40,No,Medium,No,2,Medium
C008132,P2948,Water Supply,Low Water Pressure,Malleshwaram,2026-08-24,In Progress,210,20,No,Low,No,6,Medium
C008133,P1237,Solid Waste Management,Garbage Dump,Arekere,2026-08-24,Resolved,30,3,No,None,No,3,Low
C008134,P2221,Sewerage,Sewage Overflow,Chamrajpet,2026-08-24,Resolved,45,3,Yes,High,No,4,High
C008135,P2514,Water Supply,Water Leakage,Vijayanagar,2026-08-24,Resolved,72,7,Yes,Medium,No,8,Critical
C008136,P0833,Road Maintenance,Pothole,Hosahalli,2026-08-24,Resolved,660,45,No,Medium,No,2,Medium
C008137,P1327,Health,Increase in Mosquito Density,Jalahalli,2026-08-24,Resolved,550,163,No,Medium,Yes,8,High
C008138,P1095,Drainage,Damaged Drain,HSR Layout,2026-08-24,Resolved,15,1,No,Medium,No,48,Low
C008139,P1095,Drainage,Damaged Drain,HSR Layout,2026-08-24,Resolved,15,1,No,Medium,No,48,Low
C008140,P0208,Road Maintenance,Road Surface Damage,Vijayanagar,2026-08-24,Assigned,400,9,No,Medium,Yes,6,High
C008141,P1796,Road Maintenance,Pothole,Sarakki,2026-08-24,In Progress,55,13,No,Medium,Yes,8,Medium
C008142,P2510,Road Maintenance,Road Surface Damage,Vijayanagar,2026-08-24,Verified,300,10,No,High,Yes,8,High
C008143,P2238,Water Supply,Low Water Pressure,Malleshwaram,2026-08-24,Resolved,261,26,No,Low,No,4,Medium
C008144,P0702,Public Sanitation,Garbage Burning,Kadugodi,2026-08-24,Resolved,12000,5,No,Low,No,1,Low
C008145,P2089,Water Supply,Water Leakage,Kodigehalli ,2026-08-24,Resolved,280,35,Yes,Low,No,8,Medium
C008146,P1843,Drainage,Drain Blockage,Nagarbhavi,2026-08-24,Registered,60,2,No,None,Yes,12,Low
C008147,P0824,Solid Waste Management,Sweeping Not Done,Chamrajpet,2026-08-24,Closed,110,6,No,Low,No,0.5,Low
C008148,P0055,Sewerage,Sewage Overflow,Gandhinagar,2026-08-24,Resolved,220,50,Yes,Medium,No,8,Medium
C008149,P1993,Public Sanitation,Public Toilet Not Maintained,Kengeri,2026-08-24,Resolved,356,18,No,None,No,4,Low
C008150,P0798,Others,Miscellaneous Complaint,Sarakki,2026-08-24,Resolved,2,0,No,None,Yes,1,Low
C008151,P1956,Electrical,Multiple Street Lights Not Working,Chamrajpet,2026-08-24,Resolved,290,44,No,None,No,12,Medium
C008152,P0116,Solid Waste Management,Garbage Dumping in Vacant Site,Hosahalli,2026-08-24,Closed,40,2,No,Medium,Yes,8,Low
C008153,P1502,Sewerage,manhole overflow,Dasarahalli,2026-08-24,Resolved,110,5,Yes,Medium,Yes,8,Medium
C008154,P1095,Electrical,Multiple Street Lights Not Working,HSR Layout,2026-08-25,Resolved,520,91,Yes,Low,Yes,8,High
C008155,P2936,Solid Waste Management,Garbage Not Collected,Vijayanagar,2026-08-25,Resolved,60,6,No,Low,Yes,4,Low
C008156,P2149,Road Maintenance,Road Surface Damage,Bommanahalli,2026-08-25,Closed,100,8,No,High,No,24,High
C008157,P1899,Road Maintenance,Pothole,Ulsoor,2026-08-25,Resolved,320,2,No,High,Yes,8,Medium
C008158,P0041,Solid Waste Management,Garbage Not Collected,BTM Layout,2026-08-25,Resolved,,0,No,Low,Yes,1,Low
C008159,P2737,Sewerage,Manhole Overflow,Mathikere,2026-08-25,Registered,300,71,No,High,No,16,Critical
C008160,P0422,Solid Waste Management,Garbage Not Collected,BTM Layout,2026-08-25,Resolved,30,0,Yes,Low,Yes,2,Low
C008161,P1629,Water Supply,Water Leakage,Kodigehalli,2026-08-25,Resolved,280,66,No,Low,No,8,Medium
C008162,P0882,Water Supply,Low Water Pressure,Shantinagar,2026-08-25,Resolved,110,19,Yes,None,Yes,2,Low
C008163,P0341,Public Sanitation,Public Toilet Not Maintained,Whitefield,2026-08-25,Resolved,260,271,No,Low,Yes,6,Medium
C008164,P0057,Electrical,Electric Pole Damaged,Hosahalli,2026-08-25,Resolved,70,3,No,Critical,Yes,3,Medium
C008165,P1674,Drainage,Drain Blockage,Nagarbhavi,2026-08-25,Registered,60,2,No,None,Yes,6,Low
C008166,P2203,Solid Waste Management,Garbage Not Collected ,BTM Layout,2026-08-25,Resolved,30,0,No,Low,Yes,2,Low
C008167,P0558,Road Infrastructure,Speed Breaker Required,Arekere,2026-08-25,Resolved,148,39,No,Medium,No,6,Medium
C008168,P0322,Drainage,Drain Blockage,Electronic City,2026-08-25,Closed,104,6,Yes,Low,Yes,,Medium
C008169,P1095,Drainage,Damaged Drain,HSR Layout,2026-08-25,Resolved,15,1,No,Low,No,36,Low
C008170,P1281,Solid Waste Management,Garbage Not Collected,BTM Layout,2026-08-25,Resolved,30,0,No,Low,Yes,2,Low
C008171,P0779,Drainage,Drain Blockage,Nagarbhavi,2026-08-25,Verified,60,3,No,None,Yes,6,Low
C008172,P0322,Road Maintenance,Pothole,Sarakki,2026-08-25,Assigned,55,5,No,Medium,Yes,8,Medium
C008173,P0235,Road Infrastructure,Road Cutting Not Restored,Yelahanka,2026-08-25,Resolved,25,0,Yes,High,No,16,Medium
C008174,P0322,Road Maintenance,Footpath Damage,Sarakki,2026-08-25,Resolved,50,16,,High,No,12,Medium
C008175,P0882,Electrical,Multiple Street Lights Not Working,Shantinagar,2026-08-25,Assigned,177,27,No,Medium,No,4,Medium
C008176,P2291,Electrical,Street Light Not Working,JP Nagar,2026-08-25,Resolved,25,7,No,Medium,Yes,1,Medium
C008177,P0205,Solid Waste Management,Garbage Not Collected,Indiranagar,2026-08-26,Resolved,45,2,No,None,No,4,Low
C008178,P0243,Water Supply,Pipeline Leakage,Mathikere,2026-08-26,Registered,65,9,Yes,Low,No,8,Medium
C008179,P1532,Water Supply,Pipeline Leakage,Mathikere,2026-08-26,Registered,65,9,Yes,Low,,8,Medium
C008180,P1893,Road Maintenance,Road Maintenance Required,Gandhinagar,2026-08-26,Resolved,124,9,No,Critical,No,2,High
C008181,P0309,Electrical,Multiple Street Lights Not Working,HSR Layout,2026-08-26,Closed,380,55,No,Low,Yes,6,High
C008182,P1067,Solid Waste Management,Garbage Not Collected,Vijayanagar,2026-08-26,Closed,80,13,No,Medium,Yes,4,Low
C008183,P0573,Road Maintenance,Pothole,Hosahalli,2026-08-26,Resolved,620,51,No,Medium,No,2,Medium
C008184,P0868,Electrical,Multiple Street Lights Not Working,HSR Layout,2026-08-26,Resolved,290,56,No,Low,Yes,8,High
C008185,P0193,Road Maintenance,Road Surface Damage,Malleshwaram,2026-08-26,Assigned,2296,161,No,High,Yes,24,Critical
C008186,P1899,Revenue Department,Property Tax Query,Yelahanka,2026-08-26,Registered,1,0,No,None,No,0.5,Low
C008187,P2005,Electrical,Multiple Street Lights Not Working,Shantinagar,2026-08-26,Registered,177,24,No,Medium,No,4,Medium
C008188,P0641,Electrical,Street Light Not Working,Yeshwanthpur,2026-08-26,Verified,80,8,No,None,Yes,1,High
C008189,P1892,Road Maintenance,Pothole,Hosahalli,2026-08-26,Resolved,50,,No,Low,Yes,12,High
C008190,P2971,Solid Waste Management,Garbage Not Collected,BTM Layout,2026-08-26,Resolved,20,0,No,Low,Yes,2,Low
C008191,P1821,Drainage,Drain Blockage,Nagarbhavi,2026-08-26,Verified,45,2,No,None,Yes,8,Low
C008192,P1319,Others,Miscellaneous Complaint,Jalahalli,2026-08-26,Resolved,80,0,No,Low,Yes,2,Low
C008193,P2570,Electrical,Street Light Not Working,Yeshwanthpur,2026-08-26,Verified,75,9,No,None,Yes,1,Medium
C008194,P2052,Electrical,Multiple Street Lights Not Working,Gandhinagar,2026-08-26,Closed,170,41,No,Critical,No,2,Critical
C008195,P0375,Electrical,Electric Pole Damaged,Hebbal,2026-08-26,Resolved,10,1,No,High,Yes,96,Medium
C008196,P0349,Solid Waste Management,Sweeping Not Done,Electronic City,2026-08-26,Resolved,45,5,No,Low,Yes,4,Low
C008197,P1665,Drainage,Drain Blockage,Nagarbhavi,2026-08-26,Verified,60,2,No,None,Yes,8,Low
C008198,P2089,Road Infrastructure,Road Cutting Not Restored,Kodigehalli,2026-08-26,Resolved,25,2,No,High,No,8,Medium
C008199,P1228,Electrical,Multiple Street Lights Not Working,Dasarahalli,2026-08-26,Closed,390,29,No,Medium,No,2,Medium
C008200,P1903,Electrical,Multiple Street Lights Not Working,Gandhinagar,2026-08-26,Resolved,168,43,No,Critical,No,2,Critical
C008201,P0266,Drainage,Drain Blockage,Nagarbhavi,2026-08-26,Registered,50,2,No,None,Yes,8,Low
C008202,P2701,Drainage,Drain Blockage,Nagarbhavi,2026-08-26,Verified,55,2,No,None,Yes,8,Low
C008203,P1192,Solid Waste Management,Sweeping Not Done,Mathikere,2026-08-27,Resolved,65,12,No,Low,Yes,2,Medium
C008204,P2418,Water Supply,Water Leakage,Chamrajpet,2026-08-27,Resolved,50,0,No,Low,Yes,4,Low
C008205,P0488,Electrical,Multiple Street Lights Not Working,Dasarahalli,2026-08-27,Resolved,350,14,No,Medium,No,3,Medium
C008206,P2205,Solid Waste Management,Garbage Not Collected,Bellandur,2026-08-27,Verified,140,23,No,Low,No,2,Low
C008207,P0288,Road Maintenance,Footpath Damage,Mathikere,2026-08-27,Resolved,176,3,No,High,Yes,16,Medium
C008208,P0251,Public Sanitation,Unclean Public Area,Hosahalli,2026-08-27,Resolved,120,10,No,Low,Yes,8,Low
C008209,P0300,Water Supply,Low Water Pressure,Shantinagar,2026-08-27,Resolved,120,11,Yes,None,,,Low
C008210,P0523,Solid Waste Management,Garbage Vehicle Not Arrived,HSR Layout,2026-08-27,Resolved,160,21,No,Low,,2,Medium
C008211,P2873,Electrical,Street Light Not Working,Jalahalli,2026-08-27,Resolved,241,30,Yes,Low,No,1,Low
C008212,P2070,Health,Increase in Mosquito Density,Peenya,2026-08-27,In Progress,200,29,No,High,Yes,4,High
C008213,P1572,Health,Increase in Mosquito Density,Hennur,2026-08-27,Resolved,95,15,No,None,No,2,Low
C008214,P2666,Water Supply,No Water Supply,BTM Layout,2026-08-27,Resolved,330,13,Yes,Medium,Yes,12,Medium
C008215,P0332,Public Sanitation,Garbage Burning,Malleshwaram,2026-08-27,Resolved,150,11,No,Low,No,3,Low
C008216,P0462,Revenue Department,Property Tax Query,Yelahanka,2026-08-27,Registered,2,0,No,None,No,0.5,Low
C008217,P1467,Health,Increase in Mosquito Density,Peenya,2026-08-27,Closed,220,63,No,Medium,Yes,4,High
C008218,P0981,Road Maintenance,Footpath Damage,Sarakki,2026-08-27,Closed,50,10,No,High,No,16,Medium
C008219,P2277,Road Maintenance,Pothole,Hosahalli,2026-08-27,Resolved,55,9,No,Low,Yes,12,High
C008220,P1175,Public Sanitation,Public Toilet Not Maintained,Whitefield,2026-08-27,Closed,260,29,No,None,Yes,8,Medium
C008221,P2955,Water Supply,Water Leakage,Chamrajpet,2026-08-27,Resolved,55,1,No,Low,Yes,4,Low
C008222,P1618,Electrical,Multiple Street Lights Not Working,Sadashivanagar,2026-08-27,Resolved,,0,No,High,No,4,High
C008223,P0764,Road Infrastructure,Road Signage Missing,Hosahalli,2026-08-27,Assigned,40,3,No,Low,No,4,Low
C008224,P0768,Electrical,Multiple Street Lights Not Working,Sadashivanagar,2026-08-27,Resolved,306,0,No,High,No,4,High
C008225,P2165,Health,Increase in Mosquito Density,Hennur,2026-08-27,Resolved,110,11,No,None,No,2,Low
C008226,P0523,Electrical,Multiple Street Lights Not Working,HSR Layout,2026-08-27,Closed,790,108,No,Medium,Yes,8,High
C008227,P2202,Drainage,Drain Blockage,Sadashivanagar,2026-08-27,Verified,220,27,Yes,High,No,12,Critical
C008228,P1155,Drainage,Drain Blockage,Sadashivanagar,2026-08-27,Assigned,240,12,Yes,High,No,16,Critical
C008229,P1965,Electrical,Multiple Street Lights Not Working,Jayanagar,2026-08-27,Closed,410,28,No,Medium,Yes,4,High
C008230,P1535,Health,Increase in Mosquito Density,Peenya,2026-08-27,Resolved,180,38,No,Medium,Yes,4,High
C008231,P2182,Water Supply,Pipeline Leakage,Shivajinagar,2026-08-28,Resolved,240,65,No,None,No,4,Low
C008232,P1956,Drainage,Damaged Drain,Chamrajpet,2026-08-28,Assigned,230,17,No,Low,Yes,24,High
C008233,P1732,Street Infrastructure,Fallen Tree Branch,Jalahalli,2026-08-28,Verified,24,1,No,High,No,2,Low
C008234,P0293,Electrical,Multiple Street Lights Not Working,Dasarahalli,2026-08-28,Resolved,350,13,No,Medium,No,1,Medium
C008235,P1312,Public Sanitation,Garbage Burning,Rajajinagar,2026-08-28,Resolved,180,46,No,Low,No,2,Medium
C008236,P2002,Others,Miscellaneous Complaint,Bellandur,2026-08-28,Resolved,40,5,No,Low,Yes,0.5,Low
C008237,P2195,Electrical,Street Light Not Working,Peenya,2026-08-28,Resolved,45,2,No,None,Yes,3,Medium
C008238,P2513,Public Sanitation,Garbage Burning,Rajajinagar,2026-08-28,Resolved,190,46,No,Low,,2,Medium
C008239,P1556,Street Infrastructure,Damaged Footpath Railing,Jalahalli,2026-08-28,Verified,430,113,No,High,Yes,16,High
C008240,P1926,Road Maintenance,Road Surface Damage,JP Nagar,2026-08-28,In Progress,680,55,No,High,No,8,Medium
C008241,P0364,Road Maintenance,Road Surface Damage,JP Nagar,2026-08-28,In Progress,440,28,No,High,No,12,Medium
C008242,P0256,Road Infrastructure,Road Encroachment,Hosahalli,2026-08-28,Assigned,95,10,No,Low,No,4,Low
C008243,P2107,Electrical,Multiple Street Lights Not Working,Dasarahalli,2026-08-28,Closed,350,16,No,Medium,No,2,Medium
C008244,P2806,Solid Waste Management,Garbage Vehicle Not Arrived,Hebbal,2026-08-28,In Progress,55,5,No,Low,No,2,Low
C008245,P1144,Drainage,Damaged Drain,Chamrajpet,2026-08-28,In Progress,130,13,No,Low,Yes,24,High
C008246,P1363,Public Sanitation,Garbage Burning,Rajajinagar,2026-08-28,Closed,180,38,No,Medium,No,1,Medium
C008247,P2457,Drainage,Drain Blockage,Basavanagudi,2026-08-28,Closed,434,85,No,Low,No,16,Low
C008248,P1540,Road Maintenance,Road Surface Damage,Marathahalli,2026-08-28,Resolved,1300,25,No,Medium,Yes,24,High
C008249,P1618,Drainage,Drain Blockage,SADASHIVANAGAR,2026-08-28,Verified,209,,Yes,High,No,16,Critical
C008250,P0588,Water Supply,Pipeline Leakage,Shivajinagar,2026-08-28,Resolved,240,32,No,None,No,4,Low
C008251,P0789,Public Sanitation,Garbage Burning,Rajajinagar,2026-08-28,Resolved,180,34,No,Low,No,1,Medium
C008252,P2651,Road Maintenance,Footpath Damage,Mathikere,2026-08-28,Resolved,176,3,No,High,Yes,,Medium
C008253,P2297,Road Maintenance,Pothole,Hosahalli,2026-08-28,Assigned,40,1,No,Low,No,4,Low
C008254,P2435,Road Maintenance,Road Surface Damage,Marathahalli,2026-08-28,Resolved,1325,16,No,Medium,No,16,High
C008255,P1294,Electrical,Street Light Not Working,Peenya,2026-08-28,Resolved,70,2,No,None,,2,Medium
C008256,P0591,Electrical,Damaged Street Light,Gandhinagar,2026-08-28,Resolved,65,3,No,Medium,No,1,Low
C008257,P0774,Water Supply,Water Leakage,Whitefield,2026-08-28,Resolved,111,2,Yes,High,No,8,Critical
C008258,P2084,Road Maintenance,Road Surface Damage,JP Nagar,2026-08-28,In Progress,440,,No,High,No,8,Medium
C008259,P1803,Solid Waste Management,garbage vehicle not arrived,Basavanagudi,2026-08-28,Resolved,100,27,No,None,No,1,Low
C008260,P0883,Sewerage,Sewer Line Blockage,Mahadevapura,2026-08-28,Registered,25,,Yes,Low,No,2,Low
C008261,P1438,Solid Waste Management,Sweeping Not Done,Mathikere,2026-08-28,Resolved,65,11,No,Low,Yes,1,Medium
C008262,P2208,Street Infrastructure,Damaged Signboard,Mathikere,2026-08-28,Assigned,8,,No,Medium,Yes,8,Medium
C008263,P1172,Water Supply,Pipeline Leakage,Mathikere,2026-08-28,Verified,45,10,Yes,Low,No,8,Medium
C008264,P1304,Solid Waste Management,Garbage Not Collected,Indiranagar,2026-08-28,Resolved,50,3,No,None,No,4,Low
C008265,P1758,Sewerage,Sewage Overflow,Hennur,2026-08-28,Closed,530,32,Yes,Low,Yes,2,High
C008266,P2781,Electrical,Street Light Not Working,Peenya,2026-08-28,Resolved,50,2,No,None,Yes,2,Medium
C008267,P0623,Electrical,Multiple Street Lights Not Working,HSR Layout,2026-08-28,Resolved,770,113,No,Low,Yes,8,High
C008268,P0841,Drainage,Drain Blockage,Mathikere,2026-08-28,Resolved,160,9,No,None,Yes,12,Medium
C008269,P2100,Road Maintenance,Pothole,Hosahalli,2026-08-28,Assigned,65,2,No,Low,No,4,Low
C008270,P1679,Electrical,Multiple Street Lights Not Working,Dasarahalli,2026-08-28,Resolved,462,24,No,Medium,No,2,Medium
C008271,P0018,Solid Waste Management,Garbage Dump,Hoodi,2026-08-29,Closed,110,16,No,None,Yes,4,Low
C008272,P0753,Sewerage,Sewage Overflow,Hennur,2026-08-29,Resolved,580,,Yes,Medium,No,2,High
C008273,P1562,Drainage,Damaged Drain,Sarakki,2026-08-29,Resolved,70,3,Yes,Low,Yes,48,Low
C008274,P1095,Water Supply,Water Leakage,Chamrajpet,2026-08-29,Resolved,40,0,No,None,Yes,4,Low
C008275,P2270,Electrical,Street Light Not Working,Jalahalli,2026-08-29,Resolved,180,15,No,Low,No,2,Low
C008276,P0616,Solid Waste Management,Garbage Not Collected,Kammanahalli,2026-08-29,Closed,60,7,No,Low,Yes,8,Low
C008277,P1157,Drainage,Drain Blockage,Sadashivanagar,2026-08-29,Verified,150,11,Yes,High,No,12,Critical
C008278,P2687,Road Maintenance,Footpath Damage,Mathikere,2026-08-29,Resolved,250,5,No,High,Yes,12,Medium
C008279,P2100,Road Maintenance,Pothole,Hosahalli,2026-08-29,Assigned,75,14,No,Critical,No,6,High
C008280,P2100,Road Maintenance,Pothole,Hosahalli,2026-08-29,Assigned,75,,No,Critical,No,6,High
C008281,P2173,Sewerage,Sewer Line Blockage,Mahadevapura,2026-08-29,Registered,25,0,Yes,Low,No,3,Low
C008282,P2855,Drainage,Damaged Drain,Chamrajpet,2026-08-29,Assigned,120,15,No,Low,Yes,36,High
C008283,P0786,Road Infrastructure,Road Encroachment,Kadugodi,2026-08-29,Assigned,140,4,No,None,Yes,4,Low
C008284,P1917,Public Sanitation,Garbage Burning,Sadashivanagar,2026-08-29,Resolved,110,14,No,High,No,2,Medium
C008285,P1917,Public Sanitation,Garbage Burning,Sadashivanagar,2026-08-29,Resolved,110,14,No,High,No,2,Medium
C008286,P1157,Solid Waste Management,Garbage Not Collected,Sadashivanagar,2026-08-29,Resolved,410,67,Yes,High,Yes,2,Critical
C008287,P1877,Water Supply,Pipeline Leakage,Mathikere,2026-08-29,Resolved,55,36,No,Medium,Yes,24,High
C008288,P0763,Health,Stray Dog Menace,Koramangala,2026-08-29,Resolved,90,21,No,High,No,2,Medium
C008289,P2878,Solid Waste Management,Sweeping Not Done,Kadugodi,2026-08-29,Resolved,20,2,Yes,None,Yes,2,Medium
C008290,P0523,Water Supply,Water Leakage,HSR Layout,2026-08-29,In Progress,209,29,No,Low,Yes,2,Medium
C008291,P0503,Solid Waste Management,Garbage Dump,Yelahanka,2026-08-30,Resolved,60,3,Yes,High,Yes,3,High
C008292,P2124,Solid Waste Management,Garbage Not Collected,Bellandur,2026-08-30,Resolved,400,18,No,Low,Yes,0.5,Medium
C008293,P2124,Solid Waste Management,Garbage Not Collected,Bellandur,2026-08-30,Resolved,400,18,No,Low,Yes,0.5,Medium
C008294,P1828,Road Maintenance,Pothole,Gandhinagar,2026-08-30,Verified,180,4,No,Medium,Yes,4,Medium
C008295,P0827,Solid Waste Management,Garbage Not Collected,Kammanahalli,2026-08-30,Resolved,40,4,Yes,None,Yes,8,Low
C008296,P1655,Solid Waste Management,Garbage Not Collected,BTM Layout,2026-08-30,Verified,50,1,No,None,Yes,1,Low
C008297,P0829,Electrical,Multiple Street Lights Not Working,Dasarahalli,2026-08-30,Resolved,650,43,No,Medium,Yes,2,High
C008298,P2124,Public Sanitation,Public Toilet Not Maintained,Bellandur,2026-08-30,Assigned,130,14,No,High,No,4,High
C008299,P0060,Electrical,Street Light Not Working,Peenya,2026-08-30,Resolved,45,2,No,None,No,3,Medium
C008300,P1211,Revenue Department,Trade Licence Issue,Hebbal,2026-08-30,In Progress,1,0,No,None,No,0.5,Low
C008301,P0474,Electrical,Damaged Street Light,Kodigehalli,2026-08-30,Closed,29,6,No,None,Yes,8,Medium
C008302,P1832,Electrical,Damaged Street Light,Chickpet,2026-08-30,Resolved,39,3,No,High,No,6,High
C008303,P2789,Drainage,Drain Blockage,Malleshwaram,2026-08-30,Resolved,120,2,No,Low,Yes,8,Low
C008304,P2258,Road Maintenance,Pothole,Rajajinagar,2026-08-30,Resolved,56,7,No,None,Yes,2,Low
C008305,P0575,Road Infrastructure,Road Signage Missing,Kadugodi,2026-08-30,Assigned,35,5,No,Low,No,4,Low
C008306,P0332,Solid Waste Management,Garbage Not Collected,Anjanapura,2026-08-30,Closed,160,5,No,Low,No,2,Medium
C008307,P2691,Road Maintenance,Road Surface Damage,Hosahalli,2026-08-30,In Progress,50,0,No,Medium,Yes,12,Medium
C008308,P2446,Road Maintenance,Pothole,Dasarahalli,2026-08-30,Assigned,180,5,No,Medium,Yes,12,Medium
C008309,P1312,Public Sanitation,Garbage Burning,Rajajinagar,2026-08-30,Resolved,180,46,No,Low,No,2,Medium
C008310,P2352,Solid Waste Management,Garbage Dump,Hoodi,2026-08-30,Resolved,150,16,No,None,Yes,4,Low
C008311,P0897,Electrical,Street Light Not Working,Hoodi,2026-08-30,Resolved,25,2,No,High,Yes,8,High
C008312,P0398,Water Supply,Water Leakage,Vasanthnagar,2026-08-30,Resolved,150,33,Yes,None,Yes,4,Medium
C008313,P0918,Electrical,Multiple Street Lights Not Working,Dasarahalli,2026-08-30,Resolved,870,52,No,Medium,Yes,2,High
C008314,P0762,Electrical,Street Light Not Working,Hoodi,2026-08-30,Closed,35,1,No,High,Yes,8,High
C008315,P0821,Drainage,Drain Blockage,Malleshwaram,2026-08-30,In Progress,,3,No,Low,Yes,8,Low
C008316,P1913,Electrical,Street Light Not Working,Marathahalli,2026-08-30,Closed,190,33,No,None,No,0.5,Medium
C008317,P0063,Road Maintenance,Pothole,Whitefield,2026-08-30,Verified,260,8,No,Low,Yes,24,High
C008318,P0651,Water Supply,Water Leakage,Whitefield,2026-08-30,Resolved,111,3,Yes,High,Yes,12,Critical
C008319,P0215,Electrical,Street Light Not Working,Hoodi,2026-08-30,Resolved,27,1,No,High,Yes,8,High
C008320,P0374,Road Maintenance,Pothole,Whitefield,2026-08-31,Assigned,230,7,No,Medium,Yes,24,High
C008321,P0716,Public Sanitation,Garbage Dump,Kadugodi,2026-08-31,Resolved,620,48,No,None,No,4,Medium
C008322,P0716,Solid Waste Management,Garbage Dump,Kadugodi,2026-08-31,Resolved,620,48,No,None,No,4,Medium
C008323,P2795,Electrical,Street Light Not Working,Hoodi,2026-08-31,Resolved,25,1,No,High,Yes,8,High
C008324,P0121,Sewerage,Drain Blockage,Malleshwaram,2026-08-31,Closed,120,2,No,Low,Yes,8,Low
C008325,P2239,Road Maintenance,Pothole,Whitefield,2026-08-31,Verified,230,10,No,Medium,Yes,24,High
C008326,P0019,Public Sanitation,Public Toilet Not Maintained,Marathahalli,2026-08-31,Resolved,190,26,No,Low,No,8,High
C008327,P1329,Drainage,Drain Blockage,Malleshwaram,2026-08-31,Resolved,129,3,No,Low,Yes,8,Medium
C008328,P2258,Public Sanitation,Garbage Burning,Rajajinagar,2026-08-31,Verified,170,6,No,High,Yes,2,Medium
C008329,P1472,Road Maintenance,Pothole,Whitefield,2026-08-31,Registered,150,5,No,Medium,Yes,24,High
C008330,P2432,Water Supply,Water Leakage,HSR Layout,2026-08-31,Resolved,209,38,No,Low,Yes,3,Medium
C008331,P2196,Water Supply,Pipeline Leakage,Jayanagar,2026-08-31,Resolved,460,8,Yes,Medium,No,4,High
C008332,P1899,Solid Waste Management,Garbage Dump,Yelahanka,2026-08-31,Resolved,60,6,Yes,Critical,Yes,4,High
C008333,P1919,Water Supply,Pipeline Leakage,Mathikere,2026-08-31,Closed,80,35,No,Medium,Yes,36,High
C008334,P0019,Electrical,Street Light Not Working,Marathahalli,2026-08-31,Resolved,160,35,No,None,No,0.5,Medium
C008335,P2667,Road Maintenance,Pothole,Rajajinagar,2026-08-31,Resolved,56,5,No,Low,Yes,1,Low
C008336,P1196,Electrical,Multiple Street Lights Not Working,Dasarahalli,2026-08-31,Resolved,680,53,No,Low,Yes,2,High
C008337,P2306,Solid Waste Management,Garbage Not Collected,Anjanapura,2026-08-31,Resolved,210,8,No,Low,No,2,Medium
C008338,P0518,Drainage,Drain Blockage,Malleshwaram,2026-08-31,Resolved,120,2,No,Low,Yes,12,Low
C008339,P1157,Solid Waste Management,Garbage Not Collected,Sadashivanagar,2026-08-31,Resolved,5000,67,,High,Yes,2,Critical
C008340,P1069,Electrical,Damaged Street Light,Chickpet,2026-08-31,Resolved,60,6,No,Medium,No,3,Medium
C008341,P1095,Water Supply,Water Leakage,HSR Layout,2026-08-31,Resolved,209,27,No,Medium,Yes,2,Medium
C008342,P1458,Electrical,Damaged Street Light,Chickpet,2026-08-31,Resolved,30,3,No,Medium,Yes,4,Medium
C008343,P2161,Solid Waste Management,Sweeping Not Done,Mathikere,2026-08-31,Closed,15,6,No,None,Yes,1,Low
C008344,P2976,Road Maintenance,Pothole,Rajajinagar,2026-08-31,Resolved,56,4,No,Medium,No,2,Low
C008345,P2299,Water Supply,Water Leakage,HSR Layout,2026-08-31,Resolved,209,22,No,Low,Yes,2,Medium
C008346,P1917,Solid Waste Management,Garbage Not Collected,Sadashivanagar,2026-08-31,Resolved,610,69,Yes,Critical,Yes,1,High
C008347,P0573,Electrical,Multiple Street Lights Not Working,Dasarahalli,2026-08-31,Resolved,620,27,No,Medium,,3,High
C008348,P2171,Solid Waste Management,Garbage Dump,Kadugodi,2026-08-31,Closed,620,41,No,,Yes,4,Medium
C008349,P0232,Sewerage,Sewer Line Blockage,Whitefield,2026-08-31,Resolved,45,4,Yes,High,Yes,8,Critical
C008350,P1583,Electrical,Electric Pole Damaged,Begur,2026-08-31,Resolved,21,0,No,Medium,No,16,Medium
C008351,P2125,Drainage,Damaged Drain,Hosahalli,2026-08-31,Resolved,2314,156,No,Critical,Yes,48,High
C008352,P2125,Road Maintenance,Footpath Damage,Hosahalli,2026-08-31,Assigned,30,5,No,High,Yes,4,High
C008353,P1519,Water Supply,No Water Supply,JP Nagar,2026-09-01,Closed,1200,71,Yes,Low,Yes,12,Medium
C008354,P2291,Water Supply,No Water Supply,JP Nagar,2026-09-01,Closed,1200,48,Yes,Low,Yes,16,Medium
C008355,P2379,Road Infrastructure,Road Signage Missing,Vijayanagar,2026-09-01,In Progress,130,7,No,Low,No,3,Medium
C008356,P0355,Road Maintenance,Pothole,Kengeri,2026-09-01,Assigned,69,,No,Medium,No,2,Medium
C008357,P0798,Drainage,Damaged Drain,Sarakki,2026-09-01,In Progress,320,6,No,Low,No,36,High
C008358,P0606,Water Supply,Low Water Pressure,Dasarahalli,2026-09-01,Assigned,340,20,Yes,Low,No,4,Medium
C008359,P2342,Electrical,Multiple Street Lights Not Working,Yeshwanthpur,2026-09-01,Registered,180,30,No,,Yes,8,Medium
C008360,P1758,Water Supply,Low Water Pressure,Dasarahalli,2026-09-01,In Progress,310,28,Yes,Low,No,6,Medium
C008361,P1588,Electrical,Multiple Street Lights Not Working,Varthur,2026-09-01,Registered,160,18,No,Critical,No,8,Critical
C008362,P2993,Electrical,Street Light Not Working,Mathikere,2026-09-01,Resolved,40,4,No,Critical,Yes,0.5,High
C008363,P0746,Electrical,Multiple Street Lights Not Working,Yeshwanthpur,2026-09-01,Verified,220,34,No,Low,Yes,8,Medium
C008364,P2291,Water Supply,Low Water Pressure,BTM Layout,2026-09-01,Closed,90,22,No,None,Yes,12,High
C008365,P1314,Electrical,Multiple Street Lights Not Working,Varthur,2026-09-01,Verified,180,15,No,Critical,No,8,Critical
C008366,P0062,Drainage,Drain Blockage,Malleshwaram,2026-09-01,Resolved,120,3,No,Low,Yes,8,Low
C008367,P0807,Road Maintenance,Pothole,Hosahalli,2026-09-01,Verified,45,6,No,Critical,No,4,High
C008368,P1758,Electrical,Multiple Street Lights Not Working,Dasarahalli,2026-09-01,In Progress,,41,No,Medium,Yes,2,High
C008369,P0921,Solid Waste Management,Garbage Not Collected,Bellandur,2026-09-01,Resolved,510,30,No,Low,Yes,1,Medium
C008370,P1407,Electrical,Multiple Street Lights Not Working,Yeshwanthpur,2026-09-01,Registered,210,35,No,Low,Yes,8,Medium
C008371,P0055,Water Supply,Water Leakage,Vasanthnagar,2026-09-01,Closed,150,25,Yes,None,No,4,Medium
C008372,P2489,Electrical,Street Light Not Working,Marathahalli,2026-09-01,Resolved,160,24,No,None,No,0.5,Medium
C008373,P1063,Road Maintenance,Pothole,Kengeri,2026-09-01,Assigned,85,3,No,Low,No,2,Medium
C008374,P2045,Electrical,Multiple Street Lights Not Working,Yeshwanthpur,2026-09-02,Registered,220,50,No,Low,Yes,8,Medium
C008375,P2469,Health,Public Health Sanitation Issue,HSR Layout,2026-09-02,Resolved,75,5,Yes,Medium,No,4,Low
C008376,P0871,Water Supply,Water Leakage,Domlur,2026-09-02,Resolved,1400,195,Yes,High,No,3,Critical
C008377,P1760,Solid Waste Management,Garbage Dump,Kadugodi,2026-09-02,Closed,920,107,No,None,No,4,Medium
C008378,P1359,Electrical,Multiple Street Lights Not Working,Varthur,2026-09-02,Verified,160,18,No,Critical,No,6,Critical
C008379,P1153,Sewerage,Sewer Line Blockage,Whitefield,2026-09-02,Resolved,70,5,Yes,High,Yes,12,Critical
C008380,P1758,Solid Waste Management,Garbage Dump,Hennur,2026-09-02,Resolved,102,13,No,Critical,No,4,High
C008381,P1159,Electrical,Street Light Not Working,Mathikere,2026-09-02,Resolved,45,11,No,Critical,No,0.5,High
C008382,P2338,Solid Waste Management,Garbage Not Collected,Sadashivanagar,2026-09-02,Resolved,210,29,Yes,Low,Yes,2,Low
C008383,P1758,Electrical,Multiple Street Lights Not Working,Dasarahalli,2026-09-02,In Progress,670,41,No,Medium,Yes,2,High
C008384,P1993,Road Maintenance,Pothole,Kengeri,2026-09-02,Assigned,97,2,No,Medium,No,1,Medium
C008385,P0923,Water Supply,Low Water Pressure,Dasarahalli,2026-09-02,Assigned,510,51,Yes,Low,No,6,Medium
C008386,P2145,Solid Waste Management,Garbage Dump,Hennur,2026-09-02,Resolved,102,16,No,Critical,No,4,High
C008387,P2867,Drainage,Damaged Drain,Sadashivanagar,2026-09-02,In Progress,250,21,No,Low,Yes,12,Low
C008388,P2867,Drainage,Damaged Drain,Sadashivanagar,2026-09-02,In Progress,250,21,No,Medium,Yes,12,Low
C008389,P2489,Public Sanitation,Public Toilet Not Maintained,Marathahalli,2026-09-02,Closed,190,31,,None,No,8,Medium
C008390,P0099,Solid Waste Management,Garbage Dump,Hennur,2026-09-02,Resolved,102,18,No,Critical,No,4,High
C008391,P1072,Health,Public Health Sanitation Issue,Ulsoor,2026-09-02,Verified,260,15,Yes,High,No,4,Medium
C008392,P2079,Road Maintenance,Road Maintenance Required,Mathikere,2026-09-02,Resolved,50,1,No,Medium,Yes,4,Medium
C008393,P1814,Sewerage,Sewage Overflow,Shivajinagar,2026-09-02,Verified,280,82,Yes,Medium,Yes,2,Critical
C008394,P1061,Sewerage,Sewer Line Blockage,Whitefield,2026-09-02,Resolved,70,6,Yes,Medium,Yes,8,Critical
C008395,P2035,Sewerage,Sewer Line Blockage,Whitefield,2026-09-02,Resolved,70,6,Yes,High,Yes,12,Critical
C008396,P2759,Road Maintenance,Road Surface Damage,Mathikere,2026-09-02,Verified,810,41,No,Low,No,36,Medium
C008397,P0807,Road Maintenance,Pothole,Hosahalli,2026-09-02,Verified,45,6,No,Critical,No,4,High
C008398,P1041,Road Maintenance,Pothole,Sadashivanagar,2026-09-02,Assigned,25,2,No,Medium,Yes,4,Medium
C008399,P1323,Electrical,Multiple Street Lights Not Working,Varthur,2026-09-02,Registered,160,14,No,Critical,No,8,Critical
C008400,P2053,Road Maintenance,Road Maintenance Required,Mathikere,2026-09-02,Resolved,50,1,No,Medium,Yes,,Medium
C008401,P2053,Road Maintenance,Road Maintenance Required,Mathikere,2026-09-02,Resolved,50,1,No,Medium,Yes,4,Medium
C008402,P0734,Water Supply,No Water Supply,JP Nagar,2026-09-02,Resolved,1200,107,Yes,Medium,Yes,16,Medium
C008403,P0422,Water Supply,Low Water Pressure,BTM Layout,2026-09-02,Closed,90,23,No,Low,Yes,8,High
C008404,P0818,Electrical,Multiple Street Lights Not Working,Yeshwanthpur,2026-09-02,Registered,180,40,No,Low,Yes,8,Medium
C008405,P0212,Health,Public Health Sanitation Issue,HSR Layout,2026-09-03,Resolved,60,3,Yes,Low,No,4,Low
C008406,P1446,Electrical,Multiple Street Lights Not Working,Yeshwanthpur,2026-09-03,Registered,220,52,No,None,Yes,8,Medium
C008407,P2501,Road Infrastructure,Road Cutting Not Restored,Rajajinagar,2026-09-03,Resolved,110,14,No,Low,Yes,16,Medium
C008408,P0045,Road Maintenance,Pothole,Sadashivanagar,2026-09-03,Verified,30,2,No,Medium,Yes,4,Medium
C008409,P2223,Street Infrastructure,Damaged Signboard,Hosahalli,2026-09-03,Resolved,17,1,No,High,No,4,Medium
C008410,P1631,Solid Waste Management,Garbage Not Collected,Koramangala,2026-09-03,Resolved,400,40,Yes,High,Yes,2,Medium
C008411,P1797,Electrical,Multiple Street Lights Not Working,Kadugodi,2026-09-03,Resolved,130,3,No,Critical,No,12,High
C008412,P1978,Electrical,Multiple Street Lights Not Working,Yeshwanthpur,2026-09-03,Registered,220,45,No,Low,Yes,8,Medium
C008413,P0656,Health,Public Health Sanitation Issue,Hosahalli,2026-09-03,Resolved,410,50,No,Low,No,12,Low
C008414,P0656,Health,Public Health Sanitation Issue,Hosahalli,2026-09-03,Resolved,410,50,No,Low,No,12,Low
C008415,P2937,Road Maintenance,Pothole,Sadashivanagar,2026-09-03,Assigned,25,2,No,Medium,Yes,6,Medium
C008416,P1995,Road Infrastructure,Road Cutting Not Restored,Jalahalli,2026-09-03,Resolved,470,46,Yes,High,No,8,High
C008417,P0674,Electrical,Street Light Not Working,Anjanapura,2026-09-03,In Progress,50,2,Yes,Medium,Yes,1,High
C008418,P1917,Road Maintenance,Road Surface Damage,Sadashivanagar,2026-09-03,Resolved,750,51,No,High,No,16,Medium
C008419,P0573,Water Supply,No Water Supply,Hosahalli,2026-09-03,Resolved,100,2,Yes,High,Yes,4,Critical
C008420,P0573,Water Supply,No Water Supply,Hosahalli,2026-09-03,Resolved,140,2,Yes,High,Yes,4,Critical
C008421,P1507,Electrical,Multiple Street Lights Not Working,Yeshwanthpur,2026-09-03,Verified,220,40,No,Low,Yes,8,Medium
C008422,P2002,Water Supply,Water Leakage,Bellandur,2026-09-03,Resolved,200,62,No,None,Yes,12,Medium
C008423,P0613,Water Supply,No Water Supply,Hosahalli,2026-09-03,Resolved,92,2,Yes,High,Yes,3,Critical
C008424,P2870,Water Supply,Water Leakage,Domlur,2026-09-03,Resolved,750,123,Yes,High,No,3,Critical
C008425,P0243,Solid Waste Management,Garbage Dump,Mathikere,2026-09-03,Resolved,330,16,,Low,Yes,4,Medium
C008426,P0786,Drainage,Open Drain,Vijayanagar,2026-09-03,Verified,110,6,Yes,High,Yes,8,Critical
C008427,P0688,Water Supply,No Water Supply,JP Nagar,2026-09-03,Resolved,1200,96,Yes,Low,Yes,12,Medium
C008428,P1704,Others,Miscellaneous Complaint,Mathikere,2026-09-04,Closed,1,0,No,None,No,4,Low
C008429,P0041,Road Maintenance,Pothole,BTM Layout,2026-09-04,Closed,35,4,No,Medium,Yes,4,Medium
C008430,P1992,Solid Waste Management,Garbage Dumping in Vacant Site,Anjanapura,2026-09-04,Verified,100,47,No,Medium,Yes,8,Medium
C008431,P1360,Solid Waste Management,Garbage Dumping in Vacant Site,Anjanapura,2026-09-04,Registered,80,26,No,Low,No,12,Medium
C008432,P0383,Water Supply,No Water Supply,Hosahalli,2026-09-04,Resolved,100,2,Yes,High,No,4,Critical
C008433,P1992,Electrical,Street Light Not Working,Anjanapura,2026-09-04,In Progress,80,3,Yes,Medium,Yes,1,High
C008434,P2211,Sewerage,Sewage Overflow,Whitefield,2026-09-04,Resolved,690,164,Yes,Medium,Yes,16,Critical
C008435,P0746,Solid Waste Management,Garbage Not Collected,Sadashivanagar,2026-09-04,Closed,180,19,Yes,Low,No,2,Medium
C008436,P0746,Solid Waste Management,Garbage Not Collected,Sadashivanagar,2026-09-04,Registered,180,19,Yes,Low,No,2,Medium
C008437,P1507,Health,Public Health Sanitation Issue,Yeshwanthpur,2026-09-04,Resolved,20,2,Yes,None,Yes,2,Medium
C008438,P1831,Water Supply,No Water Supply,Sadashivanagar,2026-09-04,Resolved,450,83,Yes,Medium,Yes,3,High
C008439,P1117,Electrical,Multiple Street Lights Not Working,Varthur,2026-09-04,Registered,220,25,No,Critical,No,8,Critical
C008440,P2937,Water Supply,No Water Supply,Sadashivanagar,2026-09-04,Resolved,534,109,Yes,Medium,Yes,3,High
C008441,P2548,Solid Waste Management,Garbage Not Collected,Sadashivanagar,2026-09-04,Resolved,180,31,Yes,Medium,No,1,Medium
C008442,P0704,Water Supply,Water Leakage,Bellandur,2026-09-04,Resolved,170,49,No,None,Yes,8,Medium
C008443,P2807,Solid Waste Management,Garbage Dumping in Vacant Site,Anjanapura,2026-09-04,Verified,91,25,No,Low,No,8,Medium
C008444,P1618,Solid Waste Management,Garbage Not Collected,Sadashivanagar,2026-09-04,Resolved,155,21,Yes,Low,,2,Medium
C008445,P2313,Drainage,Drain Overflow,Electronic City,2026-09-04,Verified,168,33,Yes,Critical,No,4,Critical
C008446,P0634,Public Sanitation,Public Toilet Not Maintained,Bellandur,2026-09-05,Resolved,15,3,No,Low,Yes,2,Low
C008447,P2469,Solid Waste Management,Garbage Dump,HSR Layout,2026-09-05,Closed,9,4,,Low,Yes,4,Low
C008448,P0400,Water Supply,Low Water Pressure,Yelahanka,2026-09-05,Resolved,35,3,Yes,None,No,2,Low
C008449,P0147,Drainage,Drain Overflow,Electronic City,2026-09-05,Registered,290,62,Yes,Critical,No,,Critical
C008450,P0243,Health,Public Health Sanitation Issue,Mathikere,2026-09-05,In Progress,40,19,Yes,High,Yes,4,Low
C008451,P1283,Electrical,Street Light Not Working,Nagarbhavi,2026-09-05,In Progress,15,3,No,None,Yes,1,Low
C008452,P1095,Solid Waste Management,Garbage Dump,HSR Layout,2026-09-05,Closed,9,3,No,None,Yes,4,Low
C008453,P0422,Electrical,Damaged Street Light,BTM Layout,2026-09-05,Verified,5,0,No,Medium,No,,Medium
C008454,P2411,Drainage,Drain Overflow,Electronic City,2026-09-05,Verified,230,58,Yes,Critical,No,3,Critical
C008455,P0141,Electrical,Street Light Not Working,Shivajinagar,2026-09-05,In Progress,45,6,No,High,Yes,1,Medium
C008456,P2712,Solid Waste Management,Garbage Not Collected,Hosahalli,2026-09-05,Resolved,7,1,No,Low,Yes,4,Low
C008457,P0802,Others,Miscellaneous Complaint,Kammanahalli,2026-09-05,Resolved,6,0,No,Low,Yes,1,Low
C008458,P2127,Solid Waste Management,Garbage Not Collected,Hosahalli,2026-09-05,Resolved,7,1,No,Medium,Yes,4,Low
C008459,P0623,Solid Waste Management,Garbage Dump,HSR Layout,2026-09-05,Resolved,9,3,No,None,Yes,4,Low
C008460,P0369,Water Supply,Water Leakage,Shantinagar,2026-09-05,Resolved,430,54,Yes,None,No,6,High
C008461,P0522,Solid Waste Management,Garbage Not Collected,Hosahalli,2026-09-05,Resolved,9,1,No,None,Yes,4,Low
C008462,P0919,Drainage,Drain Overflow,Electronic City,2026-09-05,Verified,230,51,Yes,Critical,No,4,Critical
C008463,P0369,Solid Waste Management,Garbage Dumping in Vacant Site,Shantinagar,2026-09-05,Resolved,240,18,No,Medium,Yes,12,Medium
C008464,P0422,Electrical,Multiple Street Lights Not Working,BTM Layout,2026-09-06,Resolved,,14,No,High,Yes,2,High
C008465,P1152,Water Supply,Water Leakage,Yelahanka,2026-09-06,Resolved,110,36,Yes,Low,No,6,Medium
C008466,P0573,Solid Waste Management,Garbage Not Collected,Hosahalli,2026-09-06,Closed,7,1,No,None,Yes,3,Low
C008467,P1098,Electrical,Street Light Not Working,Nagarbhavi,2026-09-06,Closed,10,1,No,None,No,1,Low
C008468,P2937,Solid Waste Management,Garbage Not Collected,Sadashivanagar,2026-09-06,Resolved,180,25,Yes,Low,No,2,Medium
C008469,P1704,Others,Miscellaneous Complaint,Mathikere,2026-09-06,Closed,1,0,No,None,No,4,Low
C008470,P2564,Solid Waste Management,Garbage Not Collected,Sadashivanagar,2026-09-06,Resolved,180,24,Yes,Low,No,2,Medium
C008471,P2722,Water Supply,Low Water Pressure,Yelahanka,2026-09-06,Resolved,55,4,Yes,None,No,1,Low
C008472,P0222,Drainage,Drain Overflow,Electronic City,2026-09-06,Registered,230,43,Yes,High,No,4,Critical
C008473,P0655,Drainage,Drain Overflow,Electronic City,2026-09-06,Verified,230,31,Yes,Critical,No,4,Critical
C008474,P0105,Water Supply,No Water Supply,Sadashivanagar,2026-09-06,Closed,910,165,Yes,Medium,Yes,3,High
C008475,P0341,Road Infrastructure,Road Encroachment,Whitefield,2026-09-06,Resolved,190,34,No,Medium,Yes,4,Medium
C008476,P1655,Road Maintenance,Pothole,BTM Layout,2026-09-06,Closed,35,4,No,Medium,Yes,3,Medium
C008477,P0026,Drainage,Drain Blockage,Hosahalli,2026-09-07,Resolved,65,1,No,Medium,Yes,8,Medium
C008478,P2560,Road Maintenance,Pothole,Begur,2026-09-07,Resolved,40,0,No,Medium,No,3,High
C008479,P1669,Solid Waste Management,Garbage Vehicle Not Arrived,Chamrajpet,2026-09-07,Resolved,220,13,No,Medium,No,2,Medium
C008480,P2743,Health,Increase in Mosquito Density,Chamrajpet,2026-09-07,Verified,180,6,No,Low,Yes,4,Medium
C008481,P2560,Public Sanitation,Garbage Burning,Begur,2026-09-07,Resolved,260,61,No,High,No,1,High
C008482,P2100,Solid Waste Management,Garbage Not Collected,Hosahalli,2026-09-07,Resolved,7,1,No,Low,Yes,4,Low
C008483,P1087,Sewerage,Manhole Overflow,Koramangala,2026-09-07,Resolved,160,23,Yes,High,,8,High
C008484,P2945,Road Maintenance,Pothole,Kadugodi,2026-09-07,Resolved,480,84,No,Medium,Yes,6,Medium
C008485,P0963,Solid Waste Management,Garbage Not Collected,Hosahalli,2026-09-07,Resolved,8,1,No,None,Yes,3,Low
C008486,P0573,Road Maintenance,Pothole,Dasarahalli,2026-09-07,Registered,130,0,No,Low,Yes,4,Low
C008487,P1409,Solid Waste Management,Garbage Vehicle Not Arrived,Chamrajpet,2026-09-07,Resolved,150,,No,Medium,No,2,Medium
C008488,P0123,Road Maintenance,Pothole,Kadugodi,2026-09-07,Registered,230,5,No,Critical,Yes,12,Critical
C008489,P0828,Water Supply,Water Leakage,Shantinagar,2026-09-07,Closed,460,53,Yes,None,No,4,High
C008490,P1789,Others,Miscellaneous Complaint,Kammanahalli,2026-09-07,Resolved,10,0,No,Low,No,1,Low
C008491,P0684,Water Supply,Low Water Pressure,Yelahanka,2026-09-07,Resolved,55,3,Yes,None,No,1,Low
C008492,P0999,Solid Waste Management,Garbage Vehicle Not Arrived,Chamrajpet,2026-09-07,Resolved,360,20,No,Medium,No,2,Medium
C008493,P0806,Solid Waste Management,Garbage Vehicle Not Arrived,Begur,2026-09-07,Resolved,51,2,Yes,Low,Yes,4,Low
C008494,P0721,Road Maintenance,Pothole,Padmanabhanagar,2026-09-07,Resolved,250,33,No,High,No,2,High
C008495,P2310,Road Maintenance,Road Maintenance Required ,Rajarajeshwari Nagar,2026-09-07,Verified,65,2,No,Low,No,24,Medium
C008496,P2469,Electrical,Exposed Electrical Wires,HSR Layout,2026-09-07,Closed,25,5,No,High,No,2,Medium
C008497,P1232,Sewerage,Manhole Overflow,Kadugodi,2026-09-07,Resolved,330,11,Yes,High,No,2,High
C008498,P0573,Solid Waste Management,Garbage Not Collected,Hosahalli,2026-09-07,Closed,7,1,No,None,Yes,3,Low
C008499,P0573,Sewerage,Sewage Overflow,Dasarahalli,2026-09-07,In Progress,160,12,No,Critical,No,4,High
C008500,P1295,Road Maintenance,Road Surface Damage,BTM Layout,2026-09-07,Assigned,200,6,No,Medium,No,8,Low
C008501,P0806,Public Sanitation,Garbage Burning,Begur,2026-09-07,Resolved,330,167,No,High,No,1,High
C008502,P0798,Health,Increase in Mosquito Density,Sarakki,2026-09-07,Assigned,110,37,Yes,High,Yes,3,High
C008503,P1458,Health,Increase in Mosquito Density,Chickpet,2026-09-07,Resolved,240,51,No,Medium,No,16,Medium
C008504,P0775,Drainage,Drain Blockage,Jayanagar,2026-09-07,Assigned,510,57,No,Low,No,4,Low
C008505,P2906,Sewerage,Sewage Overflow,Hosahalli,2026-09-07,Closed,246,9,Yes,None,No,12,Medium
C008506,P1095,Solid Waste Management,Garbage Vehicle Not Arrived,Chamrajpet,2026-09-07,Resolved,220,13,No,Medium,No,2,Low
C008507,P1789,Health,Increase in Mosquito Density,Kammanahalli,2026-09-07,Resolved,470,34,No,Low,No,16,Low
C008508,P1590,Solid Waste Management,Garbage Not Collected,Hosahalli,2026-09-07,Resolved,7,,No,Low,Yes,3,Low
C008509,P0664,Electrical,Exposed Electrical Wires,HSR Layout,2026-09-07,Closed,15,1,No,High,No,2,Medium
C008510,P0559,Solid Waste Management,Garbage Dump,Chickpet,2026-09-07,In Progress,230,36,No,Low,Yes,8,Medium
C008511,P0730,Health,Increase in Mosquito Density,Sarakki,2026-09-07,Verified,89,22,Yes,High,Yes,4,High
C008512,P1943,Road Maintenance,Pothole,Jalahalli,2026-09-07,Resolved,85,11,Yes,High,Yes,4,High
C008513,P2045,Solid Waste Management,Garbage Vehicle Not Arrived,Begur,2026-09-07,Closed,51,2,No,None,Yes,4,Low
C008514,P0963,Drainage,Drain Blockage,Hosahalli,2026-09-07,Resolved,65,1,No,Medium,No,8,Medium
C008515,P2496,Sewerage,Sewage Overflow,Hosahalli,2026-09-07,Resolved,223,7,Yes,None,No,12,Medium
C008516,P1903,Drainage,Drain Overflow,Begur,2026-09-08,Resolved,60,1,Yes,Medium,No,16,Low
C008517,P2934,Electrical,Street Light Not Working,Hebbal,2026-09-08,In Progress,20,3,No,Low,No,0.5,Medium
C008518,P0695,Health,Increase in Mosquito Density,Sarakki,2026-09-08,Registered,5000,19,Yes,High,Yes,3,High
C008519,P1781,Health,Increase in Mosquito Density,Dasarahalli,2026-09-08,Closed,520,28,Yes,Low,Yes,4,High
C008520,P1436,Sewerage,Manhole Overflow,Hebbal,2026-09-08,Resolved,41,10,Yes,High,No,3,High
C008521,P0123,Road Maintenance,Pothole,Kadugodi,2026-09-08,Resolved,332,23,Yes,Medium,Yes,8,Medium
C008522,P2149,Electrical,Multiple Street Lights Not Working,Bommanahalli,2026-09-08,Resolved,110,39,No,Medium,Yes,1,Medium
C008523,P0412,Sewerage,Sewage Overflow,Yelahanka,2026-09-08,Resolved,120,28,No,Medium,No,2,High
C008524,P0873,Sewerage,Sewage Overflow,Dasarahalli,2026-09-08,Resolved,50,4,No,Critical,No,4,High
C008525,P2359,Health,Increase in Mosquito Density,Varthur,2026-09-08,Verified,849,177,No,Low,Yes,8,Medium
C008526,P2037,Electrical,Exposed Electrical Wires,Kadugodi,2026-09-08,Resolved,40,4,No,High,Yes,2,High
C008527,P2913,Electrical,Exposed Electrical Wires,Hosahalli,2026-09-08,Closed,150,8,No,Critical,Yes,4,High
C008528,P2017,Road Maintenance,Footpath Damage,Electronic City,2026-09-08,Assigned,55,2,No,Low,No,12,Low
C008529,P1859,Health,Increase in Mosquito Density,Dasarahalli,2026-09-08,Resolved,450,23,Yes,Low,Yes,4,High
C008530,P2655,Water Supply,No Water Supply,Shantinagar,2026-09-08,Resolved,850,118,Yes,Medium,No,12,Medium
C008531,P0868,Electrical,Exposed Electrical Wires,HSR Layout,2026-09-08,Resolved,15,1,No,Medium,No,2,Medium
C008532,P1711,Sewerage,Sewage Overflow,Hosahalli,2026-09-08,Resolved,246,8,Yes,None,No,12,Medium
C008533,P1995,Road Maintenance,Pothole,Jalahalli,2026-09-08,Registered,260,2,No,Critical,Yes,12,Critical
C008534,P2449,Sewerage,Sewage Overflow,Hosahalli,2026-09-08,Resolved,246,14,Yes,None,No,12,Medium
C008535,P2797,Road Maintenance,Pothole,Mathikere,2026-09-08,In Progress,110,15,No,High,Yes,1,High
C008536,P1625,Health,Increase in Mosquito Density,Sarakki,2026-09-08,Assigned,89,17,Yes,High,Yes,4,High
C008537,P2666,Electrical,Multiple Street Lights Not Working,BTM Layout,2026-09-08,Resolved,170,16,Yes,High,Yes,3,High
C008538,P0060,Health,Increase in Mosquito Density,Peenya,2026-09-08,Resolved,340,29,Yes,High,Yes,6,High
C008539,P2626,Road Maintenance,Pothole,Jalahalli,2026-09-08,Resolved,130,10,No,Critical,Yes,8,High
C008540,P0199,Electrical,Multiple Street Lights Not Working,Sadashivanagar,2026-09-08,Closed,417,54,No,Medium,Yes,24,Critical
C008541,P1157,Electrical,Multiple Street Lights Not Working,Sadashivanagar,2026-09-08,Resolved,417,,No,Medium,Yes,24,Critical
C008542,P0023,Drainage,Drain Blockage,Byatarayanapura,2026-09-08,Assigned,151,23,Yes,None,Yes,12,Medium
C008543,P2683,Road Maintenance,Pothole,Shivajinagar,2026-09-08,In Progress,276,15,No,Low,Yes,2,Medium
C008544,P2683,Road Maintenance,Pothole,Shivajinagar,2026-09-08,In Progress,276,15,No,Low,Yes,2,Medium
C008545,P2655,Drainage,Drain Overflow,Shantinagar,2026-09-08,Resolved,230,42,No,Low,No,4,Low
C008546,P0963,Drainage,Drain Blockage,Hosahalli,2026-09-08,Resolved,65,1,No,Medium,,8,Medium
C008547,P1349,Water Supply,No Water Supply,Shantinagar,2026-09-08,Closed,640,56,Yes,,No,12,Medium
C008548,P1732,Road Maintenance,Pothole,Jalahalli,2026-09-08,Resolved,85,5,No,Critical,Yes,8,High
C008549,P1733,Street Infrastructure,Damaged Signboard,Marathahalli,2026-09-08,Verified,85,1,No,None,Yes,4,Low
C008550,P1710,Others,Stray Cattle on Road,Kadugodi,2026-09-08,Assigned,45,2,No,High,No,1,Medium
C008551,P1087,Road Maintenance,Pothole,Koramangala,2026-09-08,Verified,110,18,No,Low,Yes,8,Medium
C008552,P0422,Electrical,Street Light Not Working,BTM Layout,2026-09-08,Resolved,35,2,No,Low,No,1,Medium
C008553,P0422,Electrical,Street Light Not Working,BTM Layout,2026-09-08,Resolved,30,2,No,Low,No,1,Medium
C008554,P1998,Sewerage,Sewage Overflow,Anjanapura,2026-09-08,Resolved,611,123,No,Critical,No,6,Critical
C008555,P1314,Health,Increase in Mosquito Density,Bommanahalli,2026-09-09,Resolved,50,9,No,Low,No,8,Medium
C008556,P1134,Sewerage,Sewage Overflow,Yelahanka,2026-09-09,Resolved,120,22,Yes,Medium,No,2,High
C008557,P2741,Road Maintenance,Road Surface Damage,Basavanagudi,2026-09-09,Verified,280,19,No,Medium,No,48,Medium
C008558,P0905,Road Maintenance,Pothole,Padmanabhanagar,2026-09-09,Resolved,280,15,No,Critical,Yes,2,High
C008559,P1957,Drainage,Damaged Drain,Basavanagudi,2026-09-09,In Progress,120,5,No,High,No,6,Medium
C008560,P1199,Solid Waste Management,Sweeping Not Done,Shantinagar,2026-09-09,Resolved,880,39,No,Critical,Yes,6,Critical
C008561,P1058,Electrical,Multiple Street Lights Not Working,Sadashivanagar,2026-09-09,Resolved,417,60,No,Medium,Yes,36,Critical
C008562,P1057,Electrical,Street Light Not Working,Hebbal,2026-09-09,In Progress,20,33,No,None,No,0.5,Medium
C008563,P1057,Electrical,Street Light Not Working,Hebbal,2026-09-09,In Progress,15,2,No,None,No,0.5,Medium
C008564,P0274,Health,Increase in Mosquito Density,Padmanabhanagar,2026-09-09,Resolved,330,12,No,Low,No,2,Low
C008565,P2428,Electrical,Damaged Street Light,Sadashivanagar,2026-09-09,Registered,15,1,No,High,No,2,Medium
C008566,P2296,Water Supply,No Water Supply,Basavanagudi,2026-09-09,Resolved,430,57,,High,No,,High
C008567,P2520,Electrical,Street Light Not Working,Shantinagar,2026-09-09,Closed,60,3,No,Critical,Yes,0.5,Medium
C008568,P0067,Revenue Department,Property Tax Query,Sarakki,2026-09-09,Resolved,9,2,Yes,None,No,2,Low
C008569,P0044,Sewerage,Manhole Overflow,Jayanagar,2026-09-09,Resolved,75,7,Yes,Medium,No,8,Medium
C008570,P0497,Solid Waste Management,Sweeping Not Done,Mathikere,2026-09-09,Resolved,55,11,No,None,Yes,2,Medium
C008571,P0878,Electrical,Exposed Electrical Wires,Kadugodi,2026-09-09,Resolved,45,2,No,Medium,Yes,3,High
C008572,P1917,Electrical,Multiple Street Lights Not Working,Sadashivanagar,2026-09-09,Resolved,417,66,No,Medium,Yes,24,Critical
C008573,P1087,Sewerage,Manhole Overflow,Koramangala,2026-09-09,Resolved,140,4,,Low,Yes,16,High
C008574,P0503,Road Maintenance,Road Maintenance Required,Yelahanka,2026-09-09,Registered,76,7,No,None,Yes,16,Low
C008575,P2293,Solid Waste Management,Garbage Not Collected,Hosahalli,2026-09-09,Resolved,100,12,Yes,Low,Yes,4,Medium
C008576,P2984,Road Infrastructure,Road Cutting Not Restored,Dasarahalli,2026-09-09,Resolved,110,3,No,Low,Yes,8,Medium
C008577,P0810,Electrical,Multiple Street Lights Not Working,Banaswadi,2026-09-09,Resolved,160,14,No,Critical,No,3,High
C008578,P1152,Sewerage,Sewage Overflow,Yelahanka,2026-09-09,Resolved,210,60,No,Medium,No,2,High
C008579,P0216,Sewerage,Sewage Overflow,Yelahanka,2026-09-09,Resolved,120,36,No,Medium,No,2,High
C008580,P0780,Sewerage,Manhole Overflow,Jayanagar,2026-09-09,Closed,75,8,Yes,Medium,No,8,Medium
C008581,P1706,Solid Waste Management,Sweeping Not Done,Shantinagar,2026-09-09,Closed,880,51,No,Critical,Yes,8,Critical
C008582,P1917,Road Maintenance,Pothole,Sadashivanagar,2026-09-09,Assigned,30,0,No,Low,No,4,Low
C008583,P1870,Water Supply,No Water Supply,Basavanagudi,2026-09-09,Resolved,490,54,No,Critical,No,8,High
C008584,P2724,Electrical,Damaged Street Light,Sadashivanagar,2026-09-09,Verified,15,1,No,High,No,2,Low
C008585,P0078,Solid Waste Management,Garbage Not Collected,Hosahalli,2026-09-09,Resolved,100,10,Yes,Low,Yes,4,Medium
C008586,P0167,Drainage,Drain Blockage,Byatarayanapura,2026-09-09,Assigned,230,25,Yes,Low,Yes,8,Medium
C008587,P0031,Revenue Department,Property Tax Query,Banaswadi,2026-09-09,Assigned,1,0,No,None,No,2,Medium
C008588,P1459,Solid Waste Management,Garbage Not Collected,Hosahalli,2026-09-09,Resolved,75,7,Yes,Low,Yes,4,Medium
C008589,P2787,Electrical,Street Light Not Working,Hebbal,2026-09-09,Assigned,30,7,No,Low,Yes,0.5,Medium
C008590,P1163,Sewerage,Manhole Overflow,Koramangala,2026-09-09,Resolved,160,27,Yes,High,No,8,High
C008591,P1157,Road Maintenance,Pothole,Sadashivanagar,2026-09-09,Assigned,20,0,No,None,No,3,Low
C008592,P2367,Electrical,Multiple Street Lights Not Working,Banaswadi,2026-09-09,Resolved,100,8,No,Critical,Yes,4,High
C008593,P1300,Road Maintenance,Pothole,Jalahalli,2026-09-09,Registered,260,2,No,Critical,Yes,12,Critical
C008594,P2945,Road Infrastructure,Missing Manhole Cover,Kadugodi,2026-09-09,Resolved,25,4,No,High,No,2,Medium
C008595,P1482,Road Maintenance,Road Surface Damage,Basavanagudi,2026-09-09,Verified,260,16,No,Low,No,48,Medium
C008596,P2446,Drainage,Drain Overflow,Dasarahalli,2026-09-09,Resolved,80,1,Yes,High,Yes,,High
C008597,P1451,Electrical,Street Light Not Working,Hebbal,2026-09-09,Assigned,20,2,No,Low,No,0.5,Low
C008598,P2434,Solid Waste Management,Garbage Vehicle Not Arrived,Chamrajpet,2026-09-09,Resolved,250,19,No,Medium,No,2,Medium
C008599,P0815,Drainage,Drain Blockage,Shivajinagar,2026-09-10,Resolved,25,8,Yes,Low,No,6,High
C008600,P1232,Electrical,Exposed Electrical Wires,Kadugodi,2026-09-10,Resolved,30,2,No,High,Yes,2,High
C008601,P0795,Sewerage,Sewage Overflow,Rajajinagar,2026-09-10,Resolved,60,4,Yes,Low,No,8,Medium
C008602,P2475,Electrical,Street Light Not Working,Yeshwanthpur,2026-09-10,Resolved,35,1,No,None,No,0.5,Low
C008603,P0752,Electrical,Street Light Not Working,Yeshwanthpur,2026-09-10,Resolved,70,3,No,None,No,0.5,Low
C008604,P2338,Electrical,Multiple Street Lights Not Working,Sadashivanagar,2026-09-10,Closed,290,33,No,Medium,Yes,24,Critical
C008605,P1556,Drainage,Drain Blockage,Jalahalli,2026-09-10,Resolved,1700,127,Yes,None,No,4,Low
C008606,P2945,Road Infrastructure,Missing Manhole Cover,Kadugodi,2026-09-10,Resolved,25,4,No,High,No,,Medium
C008607,P0123,Solid Waste Management,Garbage Not Collected,Kadugodi,2026-09-10,Verified,,54,Yes,Medium,Yes,4,High
C008608,P2750,Sewerage,Sewage Overflow,Yelahanka,2026-09-10,Resolved,120,28,No,Medium,No,2,High
C008609,P0061,Road Maintenance,Pothole,Begur,2026-09-10,Resolved,160,5,No,High,Yes,4,Medium
C008610,P0199,Road Maintenance,Pothole,Sadashivanagar,2026-09-10,Assigned,25,0,No,Low,No,4,Low
C008611,P2452,Water Supply,No Water Supply,Shantinagar,2026-09-10,In Progress,710,69,Yes,Medium,No,12,Low
C008612,P2729,Solid Waste Management,Garbage Dump,Shantinagar,2026-09-10,Resolved,120,4,Yes,Medium,No,4,Low
C008613,P0548,Drainage,Drain Blockage,Jalahalli,2026-09-10,Closed,1200,129,Yes,None,Yes,8,Low
C008614,P2045,Electrical,Street Light Not Working,Yeshwanthpur,2026-09-10,Closed,65,,No,None,No,0.5,Low
C008615,P0383,Electrical,Exposed Electrical Wires,Hosahalli,2026-09-10,Resolved,240,12,No,Critical,Yes,4,Critical
C008616,P0383,Electrical,Exposed Electrical Wires,Hosahalli,2026-09-10,Resolved,240,12,No,High,Yes,4,Critical
C008617,P1572,Road Infrastructure,Road Encroachment,Hennur,2026-09-10,In Progress,95,0,No,None,No,8,Low
C008618,P1087,Sewerage,Manhole Overflow,Koramangala,2026-09-10,Resolved,140,4,Yes,Low,Yes,16,High
C008619,P1865,Street Infrastructure,Fallen Tree Branch,Hosahalli,2026-09-10,Resolved,7,0,No,Medium,No,8,Low
C008620,P2341,Revenue Department,Trade Licence Issue,JP Nagar,2026-09-10,Verified,3,0,No,None,Yes,3,Low
C008621,P1374,Sewerage,Sewage Overflow,Rajajinagar,2026-09-10,Resolved,51,4,Yes,Low,No,12,Medium
C008622,P1945,Road Infrastructure,Missing Manhole Cover,Shantinagar,2026-09-10,Assigned,10,2,No,High,No,4,Medium
C008623,P0375,Electrical,Street Light Not Working,Hebbal,2026-09-10,Assigned,20,3,Yes,Low,No,0.5,Medium
C008624,P0285,Health,Increase in Mosquito Density,Padmanabhanagar,2026-09-10,Resolved,330,11,No,Low,No,2,Low
C008625,P1359,Road Infrastructure,Road Encroachment,Hennur,2026-09-10,Assigned,75,0,No,None,No,8,Low
C008626,P0393,Solid Waste Management,Garbage Not Collected,Kadugodi,2026-09-10,Verified,,36,Yes,Medium,Yes,4,High
C008627,P2937,Electrical,Multiple Street Lights Not Working,Sadashivanagar,2026-09-10,Resolved,417,40,Yes,Medium,Yes,24,Critical
C008628,P1712,Solid Waste Management,Garbage Dump,Shantinagar,2026-09-10,Resolved,123,13,No,Medium,No,4,Low
C008629,P1927,Drainage,Drain Overflow,Shantinagar,2026-09-10,Resolved,260,91,No,Low,No,4,Low
C008630,P2818,Solid Waste Management,Garbage Dump,Hosahalli,2026-09-11,Resolved,142,6,No,None,Yes,8,Low
C008631,P1634,Revenue Department,Property Tax Query,Marathahalli,2026-09-11,Resolved,4,0,No,None,No,1,Low
C008632,P0655,Solid Waste Management,Sweeping Not Done,Mathikere,2026-09-11,Resolved,65,30,No,None,Yes,2,Medium
C008633,P1950,Road Infrastructure,Speed Breaker Required,Kodigehalli,2026-09-11,Assigned,110,15,,High,No,12,Medium
C008634,P0310,Electrical,Street Light Not Working,BTM Layout,2026-09-11,Resolved,35,8,No,Medium,Yes,0.5,Medium
C008635,P0665,Electrical,Street Light Not Working,Mathikere,2026-09-11,Resolved,15,1,No,Medium,Yes,2,High
C008636,P1723,Road Maintenance,Pothole,Sadashivanagar,2026-09-11,Resolved,510,84,No,High,Yes,4,High
C008637,P2067,Sewerage,Sewage Overflow,Rajajinagar,2026-09-11,Resolved,30,2,No,Low,No,,Medium
C008638,P1711,Electrical,Street Light Not Working,Hosahalli,2026-09-11,Verified,160,12,No,Low,Yes,1,Low
C008639,P1743,Solid Waste Management,Garbage Dump,Shantinagar,2026-09-11,Resolved,123,8,No,Medium,No,4,Low
C008640,P0666,Road Maintenance,Pothole,Padmanabhanagar,2026-09-11,Closed,240,11,No,Critical,Yes,1,High
C008641,P0268,Electrical,Damaged Street Light,Whitefield,2026-09-11,Resolved,10,1,No,High,Yes,1,High
C008642,P0488,Electrical,Street Light Not Working,Dasarahalli,2026-09-11,Resolved,300,62,No,Medium,No,1,Low
C008643,P1023,Solid Waste Management,Garbage Dump,Hosahalli,2026-09-11,Resolved,142,8,No,None,Yes,8,Low
C008644,P0662,Electrical,Street Light Not Working,Mathikere,2026-09-11,Closed,20,2,No,Medium,Yes,1,Medium
C008645,P0787,Water Supply,Low Water Pressure,Mathikere,2026-09-11,Closed,45,6,Yes,Low,Yes,2,Low
C008646,P0378,Road Maintenance,Road Maintenance Required,Yelahanka,2026-09-11,In Progress,200,13,No,Medium,Yes,8,Medium
C008647,P2575,Sewerage,Sewage Overflow,Anjanapura,2026-09-11,Resolved,618,69,No,Critical,No,8,Critical
C008648,P0078,Electrical,Street Light Not Working,Hosahalli,2026-09-11,Registered,110,6,No,Low,Yes,1,Low
C008649,P1126,Electrical,Street Light Not Working,Hosahalli,2026-09-11,Registered,103,10,No,Low,Yes,1,Low
C008650,P1338,Solid Waste Management,Garbage Not Collected,Kadugodi,2026-09-11,Resolved,35,1,Yes,Medium,Yes,1,Medium
C008651,P0078,Electrical,Multiple Street Lights Not Working,Hosahalli,2026-09-11,Resolved,310,12,No,Medium,Yes,4,High
C008652,P2564,Road Maintenance,Footpath Damage,Sadashivanagar,2026-09-11,Resolved,50,8,No,None,No,24,Low
C008653,P2089,Water Supply,Low Water Pressure,Kodigehalli,2026-09-12,Resolved,80,6,No,Medium,Yes,2,Medium
C008654,P0213,Road Maintenance,Footpath Damage,Nagarbhavi,2026-09-12,Registered,9,1,No,None,No,24,Low
C008655,P0134,Solid Waste Management,Garbage Dump,Hosahalli,2026-09-12,Resolved,130,9,No,None,Yes,8,Low
C008656,P2770,Drainage,Drain Overflow,Kadugodi,2026-09-12,Verified,160,49,No,Low,No,8,Medium
C008657,P2644,Drainage,Drain Overflow,Ulsoor,2026-09-12,Verified,150,12,Yes,Low,No,12,Medium
C008658,P2927,Sewerage,Drain Overflow,Ulsoor,2026-09-12,Verified,210,24,Yes,Low,No,12,Medium
C008659,P1674,Road Maintenance,Footpath Damage,Nagarbhavi,2026-09-12,Verified,9,1,No,Low,No,24,Low
C008660,P1162,Road Maintenance,Footpath Damage,Nagarbhavi,2026-09-12,Verified,9,1,No,None,Yes,24,Low
C008661,P0106,Solid Waste Management,Garbage Not Collected,Kodigehalli,2026-09-12,Resolved,85,0,Yes,Low,No,8,Low
C008662,P2179,Solid Waste Management,Garbage Dump,Hosahalli,2026-09-12,Resolved,142,5,No,None,Yes,8,Low
C008663,P0345,Solid Waste Management,Garbage Not Collected,Kodigehalli,2026-09-12,Closed,85,0,Yes,None,No,8,Low
C008664,P0345,Solid Waste Management,Garbage Not Collected,Kodigehalli,2026-09-12,Closed,80,0,Yes,None,No,8,Low
C008665,P1950,Solid Waste Management,Garbage Not Collected,Kodigehalli,2026-09-12,Resolved,90,0,Yes,None,No,6,Low
C008666,P1630,Electrical,Exposed Electrical Wires,Kodigehalli,2026-09-12,Resolved,20,2,No,Critical,Yes,2,High
C008667,P1630,Electrical,Exposed Electrical Wires,Kodigehalli,2026-09-12,Resolved,20,2,No,Critical,Yes,2,High
C008668,P0825,Electrical,Street Light Not Working,Mathikere,2026-09-12,In Progress,23,2,No,Medium,Yes,,Medium
C008669,P0105,Water Supply,No Water Supply,Sadashivanagar,2026-09-12,Registered,600,350,Yes,Low,No,16,High
C008670,P0825,Solid Waste Management,Garbage Not Collected,Mathikere,2026-09-12,Resolved,50,7,No,None,Yes,4,Medium
C008671,P2313,Road Maintenance,Footpath Damage,Electronic City,2026-09-12,Resolved,25,4,,Low,No,8,Medium
C008672,P0563,Water Supply,No Water Supply,Sadashivanagar,2026-09-12,Registered,530,190,Yes,Low,No,,High
C008673,P1308,Drainage,Drain Overflow,Kadugodi,2026-09-12,Verified,157,31,No,None,No,8,Medium
C008674,P1163,Water Supply,Low Water Pressure,Koramangala,2026-09-12,Resolved,140,15,No,None,No,2,Low
C008675,P2542,Drainage,Drain Blockage,Jalahalli,2026-09-12,Closed,920,92,Yes,None,No,6,Low
C008676,P2309,Solid Waste Management,Garbage Dump,Hosahalli,2026-09-12,Resolved,142,10,No,Low,Yes,12,Low
C008677,P1817,Electrical,Multiple Street Lights Not Working,Hosahalli,2026-09-12,Closed,310,15,No,Medium,Yes,4,High
C008678,P1301,Drainage,Drain Blockage,Shivajinagar,2026-09-12,Closed,25,9,Yes,Low,No,6,High
C008679,P0963,Electrical,Street Light Not Working,Hosahalli,2026-09-13,Registered,25,2,No,Low,Yes,2,Low
C008680,P1723,Road Maintenance,Pothole,Sadashivanagar,2026-09-13,Resolved,510,84,No,High,Yes,4,High
C008681,P2714,Solid Waste Management,Garbage Not Collected,Rajajinagar,2026-09-13,Verified,35,6,No,None,Yes,8,Low
C008682,P2714,Solid Waste Management,Garbage Not Collected,Rajajinagar,2026-09-13,Verified,35,6,No,None,Yes,8,Low
C008683,P0422,Electrical,Street Light Not Working,BTM Layout,2026-09-13,Resolved,35,,No,High,Yes,1,Medium
C008684,P0643,Street Infrastructure,Damaged Signboard,Kadugodi,2026-09-13,Resolved,65,4,No,Low,Yes,4,Low
C008685,P1886,Street Infrastructure,Fallen Tree Branch,Padmanabhanagar,2026-09-13,Resolved,85,95,No,Critical,No,3,High
C008686,P1455,Road Maintenance,Pothole,Anjanapura,2026-09-13,Verified,65,13,No,Low,Yes,4,Low
C008687,P1455,Sewerage,Sewage Overflow,Anjanapura,2026-09-13,Verified,15,2,Yes,Low,No,4,Low
C008688,P2301,Solid Waste Management,Sweeping Not Done,Mathikere,2026-09-13,Resolved,70,9,No,Low,Yes,4,High
C008689,P0046,Road Maintenance,Pothole,Anjanapura,2026-09-13,Verified,65,13,No,Low,No,4,Low
C008690,P2043,Electrical,Multiple Street Lights Not Working,Peenya,2026-09-13,In Progress,85,2,Yes,Low,No,16,Medium
C008691,P1952,Solid Waste Management,Garbage Not Collected,Hosahalli,2026-09-13,Resolved,40,1,Yes,Low,No,1,Low
C008692,P0156,Solid Waste Management,Sweeping Not Done,Mathikere,2026-09-13,Resolved,55,12,No,Low,Yes,4,High
C008693,P0613,Electrical,Street Light Not Working,Hosahalli,2026-09-13,Verified,22,,No,,No,2,Low
C008694,P0440,Health,Public Health Sanitation Issue,Varthur,2026-09-13,Resolved,270,17,No,High,No,6,High
C008695,P2894,Solid Waste Management,Garbage Dump,Hosahalli,2026-09-13,Closed,142,9,No,None,Yes,8,Low
C008696,P1253,Drainage,Drain Overflow,Ulsoor,2026-09-13,Assigned,150,8,Yes,None,No,12,Medium
C008697,P2291,Electrical,Damaged Street Light,BTM Layout,2026-09-13,Resolved,25,3,No,High,No,8,Medium
C008698,P1729,Electrical,Multiple Street Lights Not Working,Peenya,2026-09-13,In Progress,85,3,No,None,No,24,Low
C008699,P0349,Solid Waste Management,Garbage Vehicle Not Arrived,Electronic City,2026-09-13,Resolved,35,7,No,Low,Yes,1,Low
C008700,P0054,Sewerage,Sewer Line Blockage,Dasarahalli,2026-09-13,Resolved,641,50,Yes,Medium,No,16,High
C008701,P1953,Health,Public Health Sanitation Issue,Banaswadi,2026-09-13,Resolved,7,0,No,Medium,No,4,Low
C008702,P0391,Solid Waste Management,Garbage Not Collected,Kodigehalli,2026-09-13,Resolved,150,1,Yes,Low,No,8,Low
C008703,P1467,Electrical,Multiple Street Lights Not Working,Peenya,2026-09-13,In Progress,85,2,No,Low,No,36,Low
C008704,P2339,Sewerage,Manhole Overflow,Padmanabhanagar,2026-09-13,Verified,35,8,No,Medium,Yes,8,Medium
C008705,P0940,Public Sanitation,Unclean Public Area,Chickpet,2026-09-13,Assigned,25,2,No,None,No,2,Low
C008706,P0940,Solid Waste Management,Unclean Public Area,Chickpet,2026-09-13,Assigned,25,2,No,None,No,2,Low
C008707,P2070,Electrical,Multiple Street Lights Not Working,Peenya,2026-09-13,In Progress,85,3,No,Low,No,24,Low
C008708,P2160,Public Sanitation,Unclean Public Area,Chickpet,2026-09-13,Assigned,26,,No,None,Yes,2,Low
C008709,P2750,Road Infrastructure,Road Cutting Not Restored,Yelahanka,2026-09-14,Verified,90,3,No,High,Yes,4,Medium
C008710,P0079,Water Supply,No Water Supply,Electronic City,2026-09-14,Verified,349,6,Yes,None,,12,Medium
C008711,P2071,Road Maintenance,Pothole,Byatarayanapura,2026-09-14,Resolved,450,14,No,Medium,Yes,3,Medium
C008712,P0560,Road Infrastructure,Missing Manhole Cover,Bellandur,2026-09-14,Registered,20,,No,Critical,No,0.5,High
C008713,P0250,Water Supply,Pipeline Leakage,Hoodi,2026-09-14,Resolved,130,9,Yes,Medium,No,8,High
C008714,P0162,Water Supply,No Water Supply,Electronic City,2026-09-14,Registered,349,9,Yes,None,Yes,12,Medium
C008715,P1034,Solid Waste Management,Garbage Vehicle Not Arrived,Electronic City,2026-09-14,Resolved,25,5,No,None,Yes,1,Low
C008716,P0349,Water Supply,No Water Supply,ELECTRONIC CITY,2026-09-14,Registered,670,12,Yes,None,,8,Medium
C008717,P0349,Water Supply,No Water Supply,Electronic City,2026-09-14,Registered,670,12,Yes,None,Yes,8,Medium
C008718,P0730,Water Supply,No Water Supply,Electronic City,2026-09-14,Verified,349,5,Yes,Low,Yes,12,Medium
C008719,P0841,Sewerage,Manhole Overflow,Mathikere,2026-09-14,Resolved,20,5,No,Low,Yes,4,Low
C008720,P1979,Solid Waste Management,Garbage Not Collected,Kodigehalli,2026-09-14,Closed,65,,Yes,Low,No,8,Low
C008721,P2676,Sewerage,Sewer Line Blockage,Dasarahalli,2026-09-14,Resolved,641,101,Yes,Medium,No,16,High
C008722,P1232,Sewerage,Sewage Overflow,Kadugodi,2026-09-14,Resolved,190,54,Yes,Medium,No,,High
C008723,P0784,Road Maintenance,Pothole,Mathikere,2026-09-14,Verified,170,28,No,High,No,8,Medium
C008724,P1687,Sewerage,Sewer Line Blockage,Hosahalli,2026-09-14,Resolved,19,3,No,Medium,Yes,8,Low
C008725,P2640,Electrical,Street Light Not Working,Ulsoor,2026-09-14,Assigned,40,2,No,Low,Yes,0.5,Low
C008726,P0721,Sewerage,Manhole Overflow,Padmanabhanagar,2026-09-14,Verified,60,,No,Medium,Yes,12,Medium
C008727,P0142,Solid Waste Management,Garbage Not Collected,Yelahanka,2026-09-14,Resolved,110,15,Yes,Low,,4,Medium
C008728,P2276,Electrical,Multiple Street Lights Not Working,Peenya,2026-09-14,In Progress,85,,No,Medium,No,24,Low
C008729,P0784,Sewerage,Manhole Overflow,Mathikere,2026-09-14,Resolved,20,7,No,Low,No,4,Low
C008730,P2681,Drainage,Drain Overflow,Ulsoor,2026-09-14,Registered,95,5,Yes,None,No,16,Medium
C008731,P1899,Public Sanitation,Unclean Public Area,Ulsoor,2026-09-14,Assigned,35,5,Yes,Medium,No,2,Medium
C008732,P1899,Solid Waste Management,Garbage Not Collected,Yelahanka,2026-09-14,Resolved,110,15,Yes,None,No,4,Medium
C008733,P2901,Solid Waste Management,Garbage Not Collected,Rajajinagar,2026-09-14,Verified,35,4,No,,No,8,Low
C008734,P0736,Road Maintenance,Pothole,Peenya,2026-09-14,Resolved,7,0,No,High,No,12,Medium
C008735,P1623,Road Maintenance,Pothole,Anjanapura,2026-09-14,Verified,130,18,No,Low,Yes,4,Low
C008736,P0385,Road Maintenance,Pothole,Mathikere,2026-09-14,Verified,180,30,No,Medium,Yes,8,Medium
C008737,P1584,Water Supply,Low Water Pressure,Koramangala,2026-09-14,Resolved,90,11,No,Low,No,1,Low
C008738,P0682,Health,Stray Dog Menace,Basavanagudi,2026-09-15,Verified,104,97,No,Medium,No,8,Low
C008739,P0215,Water Supply,Pipeline Leakage,Hoodi,2026-09-15,Resolved,130,13,Yes,Low,No,8,High
C008740,P1190,Electrical,Street Light Not Working,Varthur,2026-09-15,In Progress,400,4,No,,Yes,0.5,Medium
C008741,P1190,Electrical,Street Light Not Working,Varthur,2026-09-15,In Progress,400,4,No,Low,Yes,0.5,Medium
C008742,P0078,Electrical,Street Light Not Working,Hosahalli,2026-09-15,Verified,15,2,No,Low,Yes,2,Low
C008743,P0078,Health,Increase in Mosquito Density,Hosahalli,2026-09-15,Resolved,161,44,No,High,No,6,High
C008744,P1251,Others,Miscellaneous Complaint,Padmanabhanagar,2026-09-15,Assigned,15,3,No,None,Yes,4,Low
C008745,P0145,Health,Increase in Mosquito Density,Hosahalli,2026-09-15,Closed,40,12,No,High,No,8,High
C008746,P1163,Solid Waste Management,Garbage Vehicle Not Arrived,Koramangala,2026-09-15,Resolved,170,23,Yes,Low,No,4,Medium
C008747,P0586,Electrical,Street Light Not Working,Ulsoor,2026-09-15,Verified,40,,No,Low,Yes,0.5,Low
C008748,P0439,Solid Waste Management,Garbage Not Collected,Yelahanka,2026-09-15,Closed,110,13,Yes,Low,Yes,4,Medium
C008749,P2703,Street Infrastructure,Street Light Not Working,Malleshwaram,2026-09-15,Assigned,7,1,No,,No,1,Low
C008750,P0439,Road Maintenance,Road Maintenance Required,Yelahanka,2026-09-15,Registered,55,3,No,Low,No,2,Medium
C008751,P2205,Electrical,Damaged Street Light,Shantinagar,2026-09-15,Resolved,,2,No,Medium,Yes,2,Medium
C008752,P2249,Health,Public Health Sanitation Issue,Varthur,2026-09-15,Resolved,210,11,No,Critical,No,3,High
C008753,P2249,Health,Public Health Sanitation Issue,Varthur,2026-09-15,Closed,210,11,No,Critical,No,3,High
C008754,P0412,Road Infrastructure,Road Cutting Not Restored,Yelahanka,2026-09-15,Registered,150,,No,High,Yes,4,Medium
C008755,P0760,Water Supply,Pipeline Leakage,Kadugodi,2026-09-15,Resolved,60,22,No,Medium,Yes,12,Medium
C008756,P2949,Solid Waste Management,Sweeping Not Done,Mathikere,2026-09-15,Resolved,20,7,No,None,Yes,1,Low
C008757,P0240,Public Sanitation,Unclean Public Area,Ulsoor,2026-09-15,Verified,35,10,Yes,Low,No,2,Medium
C008758,P2393,Electrical,Street Light Not Working,Malleshwaram,2026-09-15,Registered,6,1,No,Low,No,1,Low
C008759,P2464,Electrical,Damaged Street Light,Sarakki,2026-09-15,Resolved,90,6,No,High,Yes,2,Medium
C008760,P0234,Solid Waste Management,Sweeping Not Done,Mathikere,2026-09-15,Resolved,45,7,No,Low,Yes,4,High
C008761,P2344,Road Maintenance,Pothole,Anjanapura,2026-09-15,Verified,,14,No,Low,Yes,4,Low
C008762,P1359,Electrical,Street Light Not Working,Varthur,2026-09-15,In Progress,400,3,No,Low,Yes,0.5,Medium
C008763,P2272,Electrical,Street Light Not Working,Sadashivanagar,2026-09-15,Resolved,45,7,No,Medium,No,2,Low
C008764,P0739,Health,Public Health Sanitation Issue,Banaswadi,2026-09-15,Resolved,7,0,No,Medium,No,4,Medium
C008765,P0241,Water Supply,No Water Supply,Nagarbhavi,2026-09-15,Closed,520,60,Yes,None,Yes,12,Low
C008766,P0316,Street Infrastructure,Damaged Footpath Railing,Hebbal,2026-09-15,Assigned,30,,No,Medium,No,3,Medium
C008767,P0437,Health,Stray Dog Menace,Basavanagudi,2026-09-15,Verified,130,89,No,High,Yes,,Medium
C008768,P0234,Road Maintenance,Pothole,Mathikere,2026-09-15,Registered,130,21,No,Medium,Yes,12,Medium
C008769,P1234,Sewerage,Sewer Line Blockage,Hosahalli,2026-09-16,Resolved,25,4,No,Medium,Yes,8,Low
C008770,P1404,Road Maintenance,Road Surface Damage,Chamrajpet,2026-09-16,Verified,140,23,No,Medium,No,3,Medium
C008771,P2208,Sewerage,Manhole Overflow,Mathikere,2026-09-16,Resolved,20,5,No,Low,Yes,4,Low
C008772,P0078,Water Supply,Low Water Pressure,Hosahalli,2026-09-16,Resolved,40,10,Yes,None,No,4,Medium
C008773,P0439,Drainage,Open Drain,Yelahanka,2026-09-16,Verified,250,12,No,Medium,No,12,High
C008774,P0999,Road Maintenance,Road Surface Damage,Chamrajpet,2026-09-16,Registered,140,37,No,Medium,No,4,Medium
C008775,P0218,Drainage,Drain Blockage,Sarakki,2026-09-16,Resolved,85,5,No,High,No,12,Medium
C008776,P2562,Electrical,Street Light Not Working,Varthur,2026-09-16,Assigned,400,3,No,Low,Yes,0.5,Medium
C008777,P1615,Public Sanitation,Garbage Burning,Bellandur,2026-09-16,Resolved,60,20,No,Low,,,Low
C008778,P0977,Health,Public Health Sanitation Issue,Hoodi,2026-09-16,Assigned,320,6,No,Critical,No,3,Medium
C008779,P1324,Drainage,Open Drain,Yelahanka,2026-09-16,Verified,200,9,No,Medium,No,8,High
C008780,P1246,Street Infrastructure,Damaged Footpath Railing,Hebbal,2026-09-16,Assigned,45,20,No,Medium,No,6,Medium
C008781,P2266,Road Maintenance,Pothole,Shivajinagar,2026-09-16,Verified,1482,151,No,Medium,No,16,Medium
C008782,P1766,Electrical,Multiple Street Lights Not Working,Kodigehalli,2026-09-16,Resolved,590,5,No,Medium,No,4,Low
C008783,P2992,Road Maintenance,Pothole,Mathikere,2026-09-16,Verified,130,21,No,High,Yes,16,Medium
C008784,P1982,Road Infrastructure,Road Encroachment,Sadashivanagar,2026-09-16,Registered,60,7,,Low,No,16,Low
C008785,P0031,Road Maintenance,Pothole,Kadugodi,2026-09-16,Resolved,85,9,Yes,Medium,No,4,Medium
C008786,P2595,Street Infrastructure,Damaged Footpath Railing,Hebbal,2026-09-16,Assigned,30,9,No,Medium,No,4,Medium
C008787,P0031,Water Supply,Pipeline Leakage,Kadugodi,2026-09-16,Resolved,55,18,No,Low,No,12,Medium
C008788,P2892,Road Maintenance,Road Surface Damage,Dasarahalli,2026-09-16,Closed,350,93,No,High,Yes,12,Critical
C008789,P0846,Public Sanitation,Garbage Burning,Bellandur,2026-09-16,Resolved,60,17,No,Low,No,4,Low
C008790,P1649,Public Sanitation,Public Toilet Not Maintained,Mathikere,2026-09-16,Assigned,130,,No,Low,No,3,Medium
C008791,P0022,Solid Waste Management,Garbage Vehicle Not Arrived,Koramangala,2026-09-16,Closed,140,15,Yes,Low,No,6,Medium
C008792,P2238,Electrical,Street Light Not Working,Malleshwaram,2026-09-16,Registered,7,1,No,Low,No,1,Low
C008793,P2121,Sewerage,Sewage Overflow,Kadugodi,2026-09-16,Resolved,190,39,Yes,Medium,No,8,Medium
C008794,P1709,Drainage,Drain Blockage,Dasarahalli,2026-09-16,Resolved,85,1,Yes,High,Yes,1,Critical
C008795,P0062,Electrical,Street Light Not Working,Malleshwaram,2026-09-16,Registered,7,1,No,Low,No,1,Low
C008796,P1883,Revenue Department,Khata Related Issue,Peenya,2026-09-16,Resolved,,0,No,Low,No,0.5,Low
C008797,P0357,Solid Waste Management,Sweeping Not Done,Mathikere,2026-09-16,Resolved,25,5,No,Low,Yes,1,Low
C008798,P2947,Public Sanitation,Unclean Public Area,Ulsoor,2026-09-16,Verified,35,3,Yes,Medium,No,1,Medium
C008799,P2353,Health,Stray Dog Menace,Dasarahalli,2026-09-17,Resolved,25000,47,No,High,No,2,Critical
C008800,P0814,Drainage,Drain Blockage,Domlur,2026-09-17,Resolved,200,18,No,Low,No,12,Medium
C008801,P0044,Road Maintenance,Road Surface Damage,Jayanagar,2026-09-17,Assigned,560,81,No,Medium,Yes,6,High
C008802,P0982,Drainage,Drain Blockage,Domlur,2026-09-17,Resolved,200,20,No,Low,No,8,Critical
C008803,P2571,Drainage,Drain Blockage,Dasarahalli,2026-09-17,Closed,65,1,Yes,High,Yes,2,Critical
C008804,P1772,Water Supply,Low Water Pressure,Hosahalli,2026-09-17,Resolved,37,11,Yes,None,No,4,Medium
C008805,P0661,Drainage,Drain Blockage,Domlur,2026-09-17,Resolved,150,12,No,Low,No,8,High
C008806,P2870,Drainage,Drain Blockage,Domlur,2026-09-17,Resolved,160,10,No,Low,No,8,High
C008807,P2257,Electrical,Street Light Not Working,Sadashivanagar,2026-09-17,Resolved,45,7,No,Medium,Yes,0.5,Low
C008808,P2257,Electrical,Street Light Not Working,Sadashivanagar,2026-09-17,Registered,45,7,,Medium,Yes,0.5,Low
C008809,P0918,Public Sanitation,Unclean Public Area,Dasarahalli,2026-09-17,Resolved,243,29,No,Low,Yes,4,Low
C008810,P0899,Street Infrastructure,Fallen Tree Branch,Shantinagar,2026-09-17,Resolved,225,14,No,Critical,No,4,Critical
C008811,P2355,Solid Waste Management,Garbage Not Collected,Varthur,2026-09-17,Resolved,60,2,No,Medium,No,6,Medium
C008812,P1503,Public Sanitation,Unclean Public Area,Dasarahalli,2026-09-17,Resolved,59,4,No,None,No,4,Low
C008813,P2446,Drainage,Drain Blockage,Dasarahalli,2026-09-17,Resolved,55,1,Yes,High,Yes,2,Critical
C008814,P1631,Solid Waste Management,Garbage Vehicle Not Arrived,Koramangala,2026-09-17,Resolved,170,12,Yes,Low,No,4,Medium
C008815,P1145,Drainage,Drain Blockage,Domlur,2026-09-17,Resolved,200,20,No,,No,8,High
C008816,P2691,Electrical,Street Light Not Working,Hosahalli,2026-09-17,In Progress,29,10,No,Low,Yes,0.5,Low
C008817,P1173,Public Sanitation,Garbage Burning,Bellandur,2026-09-17,Resolved,70,28,Yes,Low,No,3,Low
C008818,P0142,Drainage,Open Drain,Yelahanka,2026-09-17,Verified,180,9,Yes,Medium,No,8,High
C008819,P2918,Drainage,Drain Blockage,Domlur,2026-09-17,Resolved,,12,No,Low,No,8,High
C008820,P1458,Revenue Department,Trade Licence Issue,Chickpet,2026-09-17,Assigned,4,0,Yes,None,Yes,1,Low
C008821,P1524,Electrical,Street Light Not Working,Hosahalli,2026-09-17,Assigned,25,4,No,Low,Yes,0.5,Low
C008822,P2026,Health,Stray Dog Menace,Basavanagudi,2026-09-17,Verified,104,97,No,Low,No,8,Medium
C008823,P1159,Public Sanitation,Public Toilet Not Maintained,Mathikere,2026-09-17,In Progress,160,21,No,Low,Yes,1,Medium
C008824,P1626,Water Supply,Water Leakage,Chamrajpet,2026-09-17,Resolved,15,2,Yes,Critical,Yes,12,High
C008825,P1768,Public Sanitation,Unclean Public Area,Dasarahalli,2026-09-18,Resolved,59,5,No,None,No,4,Low
C008826,P1876,Solid Waste Management,Sweeping Not Done,Jalahalli,2026-09-18,Closed,100,8,No,Medium,No,1,Medium
C008827,P1157,Road Maintenance,Pothole,Sadashivanagar,2026-09-18,Verified,678,5,No,Medium,Yes,6,Medium
C008828,P2526,Drainage,Drain Blockage,Domlur,2026-09-18,Resolved,200,14,No,Low,No,8,High
C008829,P0871,Drainage,Drain Blockage,Domlur,2026-09-18,Resolved,265,29,No,Low,No,8,High
C008830,P2389,Drainage,Drain Blockage,Domlur,2026-09-18,Resolved,198,12,No,Low,No,6,High
C008831,P1962,Drainage,Drain Blockage,Dasarahalli,2026-09-18,Resolved,70,1,No,High,Yes,2,Critical
C008832,P2451,Drainage,Drain Blockage,Kengeri,2026-09-18,Resolved,230,8,Yes,None,Yes,2,Medium
C008833,P1070,Public Sanitation,Unclean Public Area,Dasarahalli,2026-09-18,Resolved,243,47,No,Low,Yes,4,Medium
C008834,P1479,Street Infrastructure,Damaged Signboard,Sarakki,2026-09-18,Closed,25,3,No,None,No,4,Low
C008835,P0218,Street Infrastructure,Damaged Signboard,Sarakki,2026-09-18,Resolved,15,1,No,None,Yes,3,Low
C008836,P1877,Road Infrastructure,Road Encroachment,Mathikere,2026-09-18,In Progress,65,6,No,Low,No,24,Medium
C008837,P2588,Sewerage,Manhole Overflow,Bommanahalli,2026-09-18,Verified,65,9,Yes,None,No,8,High
C008838,P0383,Sewerage,Sewer Line Blockage,Hosahalli,2026-09-18,In Progress,230,16,Yes,Medium,Yes,8,Medium
C008839,P1638,Sewerage,Sewer Line Blockage,Hosahalli,2026-09-18,Assigned,200,15,No,Medium,Yes,8,Low
C008840,P1404,Road Maintenance,Road Surface Damage,Chamrajpet,2026-09-18,Verified,140,23,No,Medium,No,3,Medium
C008841,P1828,Others,Miscellaneous Complaint,Gandhinagar,2026-09-18,Registered,45,10,No,Low,No,2,Low
C008842,P1469,Street Infrastructure,Bus Shelter Damaged,Kodigehalli,2026-09-18,Assigned,30,3,,Medium,No,3,Low
C008843,P1840,Drainage,Drain Blockage,Domlur,2026-09-18,Closed,,23,No,Low,No,8,High
C008844,P1931,Drainage,Drain Blockage,Domlur,2026-09-18,Resolved,200,14,No,Low,No,12,High
C008845,P2139,Drainage,Drain Blockage,Domlur,2026-09-18,Resolved,200,17,No,Low,No,8,High
C008846,P1287,Street Infrastructure,Bus Shelter Damaged,Kodigehalli,2026-09-18,Assigned,30,4,No,Medium,No,4,Low
C008847,P1877,Drainage,Open Drain,Mathikere,2026-09-18,Resolved,150,33,No,High,No,12,High
C008848,P1912,Solid Waste Management,Garbage Not Collected,Dasarahalli,2026-09-18,Verified,70,28,Yes,Low,No,1,Low
C008849,P1092,Drainage,Drain Blockage,Domlur,2026-09-19,Resolved,180,27,No,Low,No,8,High
C008850,P1807,Electrical,Street Light Not Working,Byatarayanapura,2026-09-19,Resolved,65,14,No,,No,2,Medium
C008851,P2325,Electrical,Street Light Not Working,Varthur,2026-09-19,In Progress,55,4,No,None,Yes,1,Low
C008852,P2785,Drainage,Drain Blockage,Domlur,2026-09-19,Closed,200,18,No,Low,No,8,High
C008853,P1447,Road Maintenance,Road Maintenance Required,Vijayanagar,2026-09-19,Assigned,80,6,No,Medium,No,8,Medium
C008854,P0376,Solid Waste Management,Sweeping Not Done,Jalahalli,2026-09-19,Resolved,100,10,No,Medium,No,1,Medium
C008855,P1087,Solid Waste Management,Garbage Dumping in Vacant Site,Koramangala,2026-09-19,Resolved,18,0,No,Low,Yes,8,Low
C008856,P1942,Drainage,Drain Blockage,Domlur,2026-09-19,Resolved,110,8,No,Low,No,8,Critical
C008857,P0908,Solid Waste Management,Garbage Not Collected,Mathikere,2026-09-19,Registered,230,22,No,Medium,No,4,Medium
C008858,P0120,Solid Waste Management,Garbage Not Collected,Dasarahalli,2026-09-19,Verified,75,31,Yes,Low,Yes,1,Low
C008859,P1817,Road Maintenance,Pothole,Hosahalli,2026-09-19,Assigned,55,1,Yes,Medium,No,12,Low
C008860,P1598,Drainage,Drain Blockage,Domlur,2026-09-19,Resolved,200,21,No,Low,No,6,High
C008861,P0014,Road Maintenance,Pothole,Dasarahalli,2026-09-19,Assigned,,1,No,Medium,Yes,24,Medium
C008862,P1624,Drainage,Drain Blockage,Domlur,2026-09-19,Resolved,200,,Yes,Low,No,8,High
C008863,P0605,Drainage,Drain Blockage,Domlur,2026-09-19,Resolved,230,21,No,Low,Yes,8,High
C008864,P2656,Solid Waste Management,Sweeping Not Done,Padmanabhanagar,2026-09-19,In Progress,90,,No,None,Yes,3,Low
C008865,P2846,Road Maintenance,Pothole,Dasarahalli,2026-09-19,Verified,50,,No,Medium,Yes,24,Medium
C008866,P2487,Sewerage,Sewage Overflow,Hebbal,2026-09-19,Registered,120,4,Yes,Critical,No,3,Critical
C008867,P1054,Solid Waste Management,Sweeping Not Done,Padmanabhanagar,2026-09-19,Assigned,70,7,No,None,Yes,4,Low
C008868,P0943,Health,Increase in Mosquito Density,Kodigehalli,2026-09-19,Registered,37,,No,High,No,16,High
C008869,P1741,Drainage,Drain Blockage,Domlur,2026-09-19,Resolved,200,19,No,Low,No,8,High
C008870,P1706,Drainage,Drain Overflow,Shantinagar,2026-09-19,Resolved,55,1,Yes,High,Yes,4,High
C008871,P1668,Solid Waste Management,Sweeping Not Done,Anjanapura,2026-09-19,Resolved,305,23,No,High,No,1,Medium
C008872,P2808,Drainage,Drain Blockage,Domlur,2026-09-19,Resolved,100,8,No,Low,No,8,High
C008873,P0468,Solid Waste Management,Sweeping Not Done,Jalahalli,2026-09-19,Resolved,100,6,Yes,Medium,No,1,Medium
C008874,P0908,Public Sanitation,Open Drain,Mathikere,2026-09-19,Resolved,110,24,No,Medium,No,12,High
C008875,P1817,Water Supply,Pipeline Leakage,Hosahalli,2026-09-19,Resolved,35,6,Yes,Low,No,8,Medium
C008876,P2602,Electrical,Damaged Street Light,Sarakki,2026-09-19,In Progress,120,14,No,Critical,Yes,8,Critical
C008877,P1469,Road Maintenance,Road Surface Damage ,Kodigehalli,2026-09-20,Registered,680,159,Yes,,Yes,8,Medium
C008878,P1394,Road Maintenance,Pothole,Mathikere,2026-09-20,Verified,70,2,No,Medium,Yes,4,Low
C008879,P1220,Water Supply,No Water Supply,Mathikere,2026-09-20,Resolved,1000,646,No,High,No,16,Critical
C008880,P2724,Street Infrastructure,Fallen Tree Branch,Sadashivanagar,2026-09-20,Resolved,75,3,No,High,No,8,Low
C008881,P2743,Electrical,Exposed Electrical Wires,Chamrajpet,2026-09-20,Resolved,30,2,No,High,No,4,Medium
C008882,P2058,Road Maintenance,Pothole,Mathikere,2026-09-20,Verified,70,2,No,Medium,Yes,4,Low
C008883,P1820,Electrical,Street Light Not Working,Varthur,2026-09-20,In Progress,55,4,No,None,Yes,1,Low
C008884,P1859,Sewerage,Sewer Line Blockage,Dasarahalli,2026-09-20,Resolved,150,11,No,Medium,No,8,High
C008885,P0850,Health,Increase in Mosquito Density,Banaswadi,2026-09-20,In Progress,580,155,No,Low,No,4,Medium
C008886,P2270,Electrical,Multiple Street Lights Not Working,KR Puram,2026-09-20,Verified,160,8,No,Medium,Yes,2,Critical
C008887,P2270,Electrical,Multiple Street Lights Not Working,KR Puram,2026-09-20,Verified,160,8,No,Medium,Yes,2,Critical
C008888,P1580,Drainage,Drain Overflow,Shantinagar,2026-09-20,Closed,60,1,Yes,High,Yes,4,High
C008889,P1859,Drainage,Drain Overflow,Dasarahalli,2026-09-20,In Progress,130,13,Yes,Medium,Yes,36,High
C008890,P0285,Solid Waste Management,Garbage Vehicle Not Arrived,Padmanabhanagar,2026-09-20,Resolved,90,29,No,None,No,2,Low
C008891,P1930,Electrical,Multiple Street Lights Not Working,KR Puram,2026-09-20,Verified,181,12,No,Medium,No,2,High
C008892,P1436,Road Maintenance,Footpath Damage,Hebbal,2026-09-20,Assigned,208,16,No,High,Yes,24,High
C008893,P0815,Drainage,Drain Blockage,Shivajinagar,2026-09-20,Verified,280,42,No,High,Yes,2,High
C008894,P1256,Solid Waste Management,Garbage Vehicle Not Arrived,Padmanabhanagar,2026-09-20,Closed,75,29,No,None,No,2,Low
C008895,P2027,Water Supply,Pipeline Leakage,Hosahalli,2026-09-20,Resolved,30,3,Yes,Low,No,12,Medium
C008896,P2978,Revenue Department,Trade Licence Issue,Kadugodi,2026-09-20,Verified,4,0,No,None,Yes,1,Low
C008897,P0645,Health,Increase in Mosquito Density,Banaswadi,2026-09-20,In Progress,580,112,No,Low,No,4,Medium
C008898,P1000,Water Supply,Pipeline Leakage,Kadugodi,2026-09-20,Assigned,880,50,Yes,None,Yes,6,High
C008899,P2070,Road Maintenance,Pothole,Mathikere,2026-09-20,Verified,50,2,No,Medium,Yes,4,Low
C008900,P1054,Electrical,Multiple Street Lights Not Working,KR Puram,2026-09-20,Assigned,243,14,No,Medium,Yes,2,High
C008901,P2464,Electrical,Damaged Street Light,Sarakki,2026-09-20,Resolved,119,25,Yes,Critical,Yes,8,Critical
C008902,P2023,Drainage,Drain Overflow,Mathikere,2026-09-20,Resolved,40,0,Yes,Medium,No,6,Medium
C008903,P1817,Sewerage,Sewer Line Blockage,Hosahalli,2026-09-20,In Progress,320,15,Yes,Medium,Yes,6,Medium
C008904,P0883,Electrical,Multiple Street Lights Not Working,KR Puram,2026-09-20,Assigned,210,16,No,Medium,Yes,2,High
C008905,P0883,Electrical,Multiple Street Lights Not Working,KR Puram,2026-09-20,Assigned,210,16,No,Medium,Yes,2,High
C008906,P1319,Electrical,Multiple Street Lights Not Working,Jalahalli,2026-09-21,Registered,100,44,No,High,,4,High
C008907,P0171,Electrical,Multiple Street Lights Not Working,KR Puram,2026-09-21,Verified,130,11,No,Medium,Yes,3,High
C008908,P0104,Solid Waste Management,Garbage Vehicle Not Arrived,Padmanabhanagar,2026-09-21,Resolved,70,,No,None,No,2,Low
C008909,P2046,Drainage,Drain Overflow,Bellandur,2026-09-21,Resolved,80,19,Yes,High,No,6,Critical
C008910,P0614,Health,Increase in Mosquito Density,Electronic City,2026-09-21,Closed,360,36,No,Low,Yes,1,Medium
C008911,P0078,Street Infrastructure,Damaged Footpath Railing,Hosahalli,2026-09-21,Registered,125,20,No,High,No,4,Medium
C008912,P0078,Drainage,Damaged Drain,Hosahalli,2026-09-21,Verified,40,6,No,High,Yes,8,High
C008913,P0664,Drainage,Drain Overflow,Malleshwaram,2026-09-21,Resolved,465,66,Yes,Low,No,12,High
C008914,P0521,Electrical,Street Light Not Working,Kadugodi,2026-09-21,Verified,50,3,No,High,Yes,4,Critical
C008915,P2171,Drainage,Damaged Drain,Kadugodi,2026-09-21,Resolved,45,0,No,Medium,Yes,24,Medium
C008916,P2749,Health,Increase in Mosquito Density,Kodigehalli,2026-09-21,Registered,37,10,No,High,Yes,12,High
C008917,P2656,Health,Increase in Mosquito Density,Padmanabhanagar,2026-09-21,In Progress,6700,554,No,High,Yes,2,Critical
C008918,P2839,Sewerage,Sewer Line Blockage,Dasarahalli,2026-09-21,Resolved,140,8,No,Medium,No,8,High
C008919,P2380,Solid Waste Management,Garbage Not Collected,Vasanthnagar,2026-09-21,Resolved,80,3,Yes,None,No,8,Low
C008920,P0266,Drainage,Drain Overflow,Nagarbhavi,2026-09-21,Resolved,110,24,Yes,None,Yes,6,High
C008921,P1659,Road Maintenance,Road Maintenance Required,Bellandur,2026-09-21,Verified,75,,No,None,No,16,Low
C008922,P2045,Drainage,Drain Blockage,Yeshwanthpur,2026-09-21,Verified,25,1,Yes,Low,No,4,Medium
C008923,P2595,Road Infrastructure,Missing Manhole Cover,Mahadevapura,2026-09-21,Assigned,50,3,No,Medium,No,0.5,Low
C008924,P1985,Drainage,Drain Overflow,Dasarahalli,2026-09-21,Assigned,190,16,Yes,Medium,,24,High
C008925,P0735,Sewerage,Sewer Line Blockage,Banaswadi,2026-09-21,Verified,340,104,Yes,High,No,4,Critical
C008926,P2115,Drainage,Drain Overflow,Malleshwaram,2026-09-21,Closed,680,80,Yes,Low,No,12,High
C008927,P1054,Health,Increase in Mosquito Density,Padmanabhanagar,2026-09-21,In Progress,7000,616,No,Medium,Yes,3,Critical
C008928,P2275,Electrical,Multiple Street Lights Not Working,Shantinagar,2026-09-21,Verified,65,2,No,High,Yes,2,Medium
C008929,P1942,Drainage,Drain Blockage,Domlur,2026-09-21,Resolved,110,8,No,Low,No,8,Critical
C008930,P1199,Electrical,Multiple Street Lights Not Working,Shantinagar,2026-09-21,Registered,65,2,No,Medium,Yes,2,Medium
C008931,P0909,Electrical,Multiple Street Lights Not Working,Jalahalli,2026-09-21,Registered,85,34,No,High,No,4,High
C008932,P0029,Electrical,Exposed Electrical Wires,Begur,2026-09-21,Closed,81,11,No,High,No,4,Medium
C008933,P1287,Drainage,Drain Overflow,Kodigehalli,2026-09-21,Closed,700,100,No,Medium,No,8,High
C008934,P1098,Drainage,Drain Overflow,Nagarbhavi,2026-09-21,Resolved,240,89,Yes,None,Yes,3,High
C008935,P0020,Solid Waste Management,Garbage Dumping in Vacant Site,Rajajinagar,2026-09-21,In Progress,20,0,No,Low,Yes,12,Low
C008936,P2935,Electrical,Multiple Street Lights Not Working,Jalahalli,2026-09-21,Registered,85,28,No,High,No,4,High
C008937,P2656,Water Supply,Low Water Pressure,Padmanabhanagar,2026-09-21,In Progress,200,23,Yes,Medium,Yes,2,Medium
C008938,P1727,Electrical,Multiple Street Lights Not Working,Shantinagar,2026-09-21,Verified,55,3,No,Medium,Yes,1,Medium
C008939,P1735,Road Maintenance,Footpath Damage,Domlur,2026-09-21,Verified,,11,No,High,Yes,6,High
C008940,P1735,Road Maintenance,Footpath Damage,Domlur,2026-09-21,Verified,70,11,No,Medium,Yes,6,High
C008941,P2747,Health,Stray Dog Menace,Electronic City,2026-09-21,Registered,107,19,No,None,No,3,Low
C008942,P1489,Electrical,Electric Pole Damaged,Dasarahalli,2026-09-21,In Progress,250,9,No,Low,No,16,Low
C008943,P2559,Water Supply,No Water Supply,Mathikere,2026-09-21,Resolved,,308,No,High,No,16,Critical
C008944,P2782,Electrical,Multiple Street Lights Not Working,KR Puram,2026-09-21,Verified,240,12,No,Medium,Yes,2,High
C008945,P0511,Water Supply,Pipeline Leakage,Kadugodi,2026-09-21,Assigned,210,14,No,Medium,No,4,Medium
C008946,P1624,Sewerage,Sewage Overflow,Domlur,2026-09-21,Registered,280,,Yes,None,No,8,Medium
C008947,P1665,Drainage,Drain Overflow,Nagarbhavi,2026-09-21,Resolved,210,75,Yes,Low,No,4,High
C008948,P0375,Solid Waste Management,Garbage Not Collected,Hebbal,2026-09-21,Resolved,140,27,Yes,Low,Yes,2,Low
C008949,P0480,Solid Waste Management,Garbage Not Collected,Vasanthnagar,2026-09-21,Resolved,80,2,Yes,None,Yes,8,Low
C008950,P2789,Drainage,Drain Overflow,Malleshwaram,2026-09-21,In Progress,680,116,,Medium,No,12,High
C008951,P1721,Solid Waste Management,Garbage Not Collected,Mathikere,2026-09-21,Resolved,30,1,No,Low,Yes,4,Low
C008952,P1752,Solid Waste Management,Garbage Vehicle Not Arrived,Padmanabhanagar,2026-09-21,Resolved,150,41,No,None,No,3,Low
C008953,P1843,Road Infrastructure,Road Cutting Not Restored,Chamrajpet,2026-09-21,In Progress,80,3,Yes,Critical,No,24,High
C008954,P2046,Road Maintenance,Road Maintenance Required,Bellandur,2026-09-21,Registered,110,5,No,None,No,16,Low
C008955,P2484,Electrical,Multiple Street Lights Not Working,Shantinagar,2026-09-21,Verified,65,4,No,Medium,No,2,Medium
C008956,P1133,Electrical,Exposed Electrical Wires,Sarakki,2026-09-21,Resolved,8,1,Yes,High,No,4,Medium
C008957,P2984,Solid Waste Management,Garbage Vehicle Not Arrived,Padmanabhanagar,2026-09-21,Resolved,90,37,No,None,No,1,Low
C008958,P1436,Electrical,Street Light Not Working,Hebbal,2026-09-21,In Progress,30,3,No,Low,Yes,0.5,Medium
C008959,P2905,Electrical,Street Light Not Working,Kadugodi,2026-09-21,In Progress,140,8,No,None,No,6,Medium
C008960,P1117,Sewerage,Manhole Overflow,Varthur,2026-09-21,Resolved,280,93,No,Low,No,4,Medium
C008961,P2017,Road Maintenance,Pothole,Electronic City,2026-09-21,Verified,,0,No,High,No,6,Medium
C008962,P0043,Electrical,Street Light Not Working,Hoodi,2026-09-21,In Progress,75,19,No,Low,Yes,4,Medium
C008963,P0123,Water Supply,Pipeline Leakage,Kadugodi,2026-09-21,Assigned,510,31,Yes,Low,Yes,6,Medium
C008964,P0369,Electrical,Multiple Street Lights Not Working,Shantinagar,2026-09-21,Verified,65,3,Yes,High,Yes,1,Medium
C008965,P0034,Public Sanitation,Garbage Burning,BTM Layout,2026-09-21,Verified,35,3,No,High,No,2,Medium
C008966,P1688,Water Supply,Pipeline Leakage,Anjanapura,2026-09-21,Closed,143,4,No,Medium,Yes,4,High
C008967,P1798,Drainage,Drain Blockage,Yeshwanthpur,2026-09-21,Registered,25,1,Yes,None,No,4,Medium
C008968,P2714,Sewerage,Sewage Overflow,Rajajinagar,2026-09-22,In Progress,80,5,No,Medium,Yes,8,Medium
C008969,P1503,Sewerage,Sewer Line Blockage,Banaswadi,2026-09-22,Registered,332,119,Yes,High,No,4,Critical
C008970,P0858,Drainage,Drain Blockage,Varthur,2026-09-22,Assigned,60,12,No,None,No,4,Low
C008971,P2912,Health,Increase in Mosquito Density,Indiranagar,2026-09-22,In Progress,620,318,Yes,Medium,Yes,8,Medium
C008972,P0726,Solid Waste Management,Garbage Vehicle Not Arrived,Mathikere,2026-09-22,Resolved,65,2,Yes,High,Yes,4,High
C008973,P2318,Drainage,Drain Blockage,Yeshwanthpur,2026-09-22,Registered,25,1,Yes,Low,No,4,Medium
C008974,P2704,Others,Stray Cattle on Road,Hoodi,2026-09-22,Verified,25,1,No,Critical,Yes,2,Medium
C008975,P2797,Health,Increase in Mosquito Density,Banaswadi,2026-09-22,Assigned,580,114,No,None,Yes,6,Medium
C008976,P1195,Road Infrastructure,Road Cutting Not Restored,Chamrajpet,2026-09-22,Assigned,80,3,,Critical,No,16,High
C008977,P0573,Health,Increase in Mosquito Density,Dasarahalli,2026-09-22,Verified,190,39,Yes,Medium,Yes,4,Medium
C008978,P0573,Drainage,Drain Blockage,Dasarahalli,2026-09-22,Resolved,550,20,Yes,High,No,6,Medium
C008979,P1425,Road Maintenance,Road Surface Damage,Basavanagudi,2026-09-22,In Progress,190,33,No,High,No,6,Medium
C008980,P0182,Sewerage,Sewage Overflow,Begur,2026-09-22,Verified,190,14,Yes,Medium,No,24,Low
C008981,P1407,Drainage,Drain Blockage,Yeshwanthpur,2026-09-22,Registered,20,1,Yes,Low,No,4,Medium
C008982,P0016,Health,Increase in Mosquito Density,Dasarahalli,2026-09-22,Registered,232,43,Yes,Medium,Yes,4,Medium
C008983,P0445,Drainage,Drain Overflow,Nagarbhavi,2026-09-22,Resolved,110,36,Yes,None,Yes,6,High
C008984,P1462,Drainage,Drain Overflow,Nagarbhavi,2026-09-22,Resolved,79,19,Yes,None,Yes,,High
C008985,P1462,Drainage,Drain Overflow,Nagarbhavi,2026-09-22,Resolved,79,19,Yes,None,Yes,4,High
C008986,P2257,Solid Waste Management,Garbage Dumping in Vacant Site,Koramangala,2026-09-22,Resolved,75,6,No,High,Yes,8,Medium
C008987,P0821,Sewerage,Sewage Overflow,Begur,2026-09-22,Registered,94,20,Yes,Medium,Yes,24,Low
C008988,P1467,Road Infrastructure,Road Cutting Not Restored,Chamrajpet,2026-09-22,Assigned,80,2,No,Critical,No,16,High
C008989,P1044,Road Maintenance,Road Surface Damage,Basavanagudi,2026-09-22,In Progress,170,47,No,Critical,No,8,Medium
C008990,P2639,Water Supply,Pipeline Leakage,Kadugodi,2026-09-22,Assigned,95,8,No,Medium,No,4,Medium
C008991,P1076,Water Supply,Low Water Pressure,Sarakki,2026-09-22,Assigned,95,3,Yes,Medium,Yes,4,Medium
C008992,P0890,Electrical,Exposed Electrical Wires,Chickpet,2026-09-22,Resolved,35,6,No,High,No,1,High
C008993,P1441,Drainage,Drain Overflow,Kodigehalli,2026-09-22,Resolved,290,59,No,Medium,No,8,High
C008994,P1776,Solid Waste Management,Garbage Dumping in Vacant Site,Rajajinagar,2026-09-22,Verified,36,1,No,Low,Yes,8,Low
C008995,P0726,Road Maintenance,Road Surface Damage,Mathikere,2026-09-22,Resolved,22,3,No,Low,Yes,48,Medium
C008996,P0404,Water Supply,Water Leakage,Sadashivanagar,2026-09-22,In Progress,70,2,Yes,None,Yes,12,Medium
C008997,P0180,Sewerage,Manhole Overflow,Peenya,2026-09-22,Closed,620,42,Yes,Critical,No,2,Critical
C008998,P0770,Solid Waste Management,Garbage Not Collected,Anjanapura,2026-09-22,Assigned,160,7,No,None,Yes,4,Low
C008999,P2316,Electrical,Exposed Electrical Wires,Mathikere,2026-09-22,In Progress,7,1,No,High,Yes,4,Low
C009000,P1776,Sewerage,Sewage Overflow,Rajajinagar,2026-09-22,In Progress,45,3,No,Low,Yes,8,Medium
C009001,P0216,Electrical,Damaged Street Light,Yelahanka,2026-09-22,Closed,20,4,No,Medium,No,4,Medium
C009002,P1283,Drainage,Drain Overflow,Nagarbhavi,2026-09-22,Resolved,80,22,Yes,Low,Yes,3,High
C009003,P1764,Drainage,Drain Blockage,Dasarahalli,2026-09-22,Resolved,361,6,Yes,Medium,No,4,Medium
C009004,P0707,Electrical,Multiple Street Lights Not Working,Jalahalli,2026-09-22,Registered,192,62,No,High,No,4,High
C009005,P1040,Others,Miscellaneous Complaint,Koramangala,2026-09-22,Resolved,30,3,No,None,Yes,1,Low
C009006,P0066,Electrical,Exposed Electrical Wires,Chickpet,2026-09-22,Resolved,35,7,No,Critical,No,2,High
C009007,P1052,Drainage,Drain Overflow,Hennur,2026-09-22,Resolved,90,20,No,None,Yes,8,Medium
C009008,P1861,Health,Stray Dog Menace,Padmanabhanagar,2026-09-22,Assigned,20,9,No,Critical,Yes,6,High
C009009,P1031,Water Supply,Low Water Pressure,Sarakki,2026-09-22,Assigned,85,7,Yes,Medium,Yes,4,Medium
C009010,P2131,Solid Waste Management,Garbage Dumping in Vacant Site,Rajajinagar,2026-09-22,Assigned,33,1,No,Low,Yes,12,Low
C009011,P2568,Road Maintenance,Road Surface Damage,Kodigehalli,2026-09-22,Registered,720,144,No,Medium,Yes,8,Medium
C009012,P0346,Drainage,Drain Blockage,Varthur,2026-09-22,Verified,60,13,No,None,No,6,Low
C009013,P0478,Electrical,Exposed Electrical Wires,Begur,2026-09-22,Resolved,85,10,No,High,No,4,High
C009014,P0478,Electrical,Exposed Electrical Wires,Begur,2026-09-22,Resolved,77,10,No,High,No,4,High
C009015,P2639,Electrical,Street Light Not Working,Kadugodi,2026-09-22,In Progress,140,5,No,None,Yes,6,Low
C009016,P2248,Drainage,Drain Overflow,Kammanahalli,2026-09-22,Closed,190,11,Yes,Low,No,2,Low
C009017,P1383,Electrical,Multiple Street Lights Not Working,Jalahalli,2026-09-22,Registered,85,28,No,High,No,4,High
C009018,P0148,Solid Waste Management,Garbage Not Collected,Anjanapura,2026-09-22,Verified,210,7,No,None,Yes,4,Low
C009019,P1626,Solid Waste Management,Garbage Not Collected,Chamrajpet,2026-09-23,Resolved,65,1,Yes,Low,Yes,2,Low
C009020,P0306,Drainage,Drain Blockage,Yeshwanthpur,2026-09-23,Verified,20,0,Yes,Low,No,6,Medium
C009021,P2427,Road Infrastructure,Road Cutting Not Restored,Chamrajpet,2026-09-23,Assigned,80,3,No,High,No,12,High
C009022,P0543,Water Supply,Low Water Pressure,Rajajinagar,2026-09-23,Resolved,90,7,Yes,Low,No,8,Medium
C009023,P2359,Drainage,Drain Overflow,Nagarbhavi,2026-09-23,Resolved,140,75,Yes,None,Yes,4,High
C009024,P1900,Road Maintenance,Pothole,Sarakki,2026-09-23,In Progress,25,4,No,Medium,Yes,12,High
C009025,P0523,Drainage,Drain Blockage,Dasarahalli,2026-09-23,Resolved,240,5,Yes,High,No,4,Medium
C009026,P2924,Solid Waste Management,Garbage Not Collected,Chamrajpet,2026-09-23,Resolved,65,1,Yes,None,Yes,2,Low
C009027,P2886,Sewerage,Manhole Overflow,Varthur,2026-09-23,Resolved,270,76,Yes,Low,No,4,Medium
C009028,P2732,Drainage,Drain Blockage,Varthur,2026-09-23,Assigned,85,15,No,None,No,4,Low
C009029,P2587,Solid Waste Management,Garbage Dump,Sarakki,2026-09-23,Registered,90,3,Yes,Low,Yes,8,Low
C009030,P0530,Health,Public Health Sanitation Issue,BTM Layout,2026-09-23,Assigned,50,11,Yes,Low,Yes,4,Medium
C009031,P1726,Drainage,Open Drain,Kammanahalli,2026-09-23,Registered,45,2,No,High,Yes,36,High
C009032,P2067,Water Supply,Low Water Pressure,Rajajinagar,2026-09-23,Resolved,90,6,Yes,Low,No,6,Medium
C009033,P0062,Drainage,Drain Overflow,Malleshwaram,2026-09-23,Resolved,680,116,Yes,Low,No,12,High
C009034,P0654,Water Supply,No Water Supply,Bellandur,2026-09-23,Registered,855,60,Yes,None,No,16,Medium
C009035,P0201,Health,Increase in Mosquito Density,Electronic City,2026-09-23,Resolved,250,17,No,Low,Yes,1,Medium
C009036,P0201,Health,Increase in Mosquito Density,Electronic City,2026-09-23,Resolved,250,17,No,Low,Yes,1,Medium
C009037,P1152,Electrical,Street Light Not Working,Yelahanka,2026-09-23,In Progress,30,4,No,Low,Yes,0.5,Low
C009038,P2381,Electrical,Damaged Street Light,Dasarahalli,2026-09-23,In Progress,10,1,No,Critical,Yes,2,High
C009039,P1228,Electrical,Damaged Street Light,Dasarahalli,2026-09-23,In Progress,10,1,No,Critical,Yes,2,High
C009040,P0540,Solid Waste Management,Garbage Vehicle Not Arrived,Mathikere,2026-09-23,Resolved,65,,No,Critical,Yes,6,High
C009041,P1578,Street Infrastructure,Damaged Signboard,Chickpet,2026-09-23,Verified,11,0,No,High,No,4,Low
C009042,P1144,Solid Waste Management,Garbage Not Collected,Chamrajpet,2026-09-23,Resolved,65,1,Yes,None,Yes,2,Low
C009043,P1512,Sewerage,Sewage Overflow,Begur,2026-09-23,Registered,94,10,Yes,Medium,Yes,24,Low
C009044,P2590,Electrical,Multiple Street Lights Not Working,Shantinagar,2026-09-23,Verified,65,3,Yes,Medium,Yes,2,Medium
C009045,P1903,Electrical,Exposed Electrical Wires,Begur,2026-09-23,Resolved,100,8,No,High,No,4,High
C009046,P0526,Electrical,Multiple Street Lights Not Working,Jalahalli,2026-09-23,Registered,55,17,No,Medium,No,4,High
C009047,P0536,Drainage,Drain Overflow,Bellandur,2026-09-23,Resolved,90,15,Yes,High,No,6,Critical
C009048,P1162,Drainage,Drain Overflow,Nagarbhavi,2026-09-23,Resolved,100,37,Yes,None,Yes,4,High
C009049,P1907,Drainage,Drain Overflow,Nagarbhavi,2026-09-23,Resolved,110,34,Yes,None,Yes,4,High
C009050,P2152,Water Supply,Low Water Pressure,Rajajinagar,2026-09-23,Resolved,90,6,Yes,None,No,8,Medium
C009051,P0717,Solid Waste Management,Garbage Not Collected,Kadugodi,2026-09-23,Resolved,120,4,No,Medium,No,4,Low
C009052,P0654,Drainage,Drain Overflow,Bellandur,2026-09-23,Resolved,90,18,Yes,Critical,No,8,Critical
C009053,P0729,Drainage,Drain Blockage,Yeshwanthpur,2026-09-23,Verified,25,1,Yes,Low,No,4,Medium
C009054,P2674,Drainage,Drain Overflow,Nagarbhavi,2026-09-23,Resolved,150,28,Yes,None,Yes,3,High
C009055,P2674,Drainage,Drain Overflow,Nagarbhavi,2026-09-23,Resolved,140,28,Yes,Low,Yes,3,High
C009056,P0497,Road Maintenance,Footpath Damage,Mathikere,2026-09-23,Registered,70,6,No,None,No,8,Low
C009057,P2816,Solid Waste Management,Garbage Not Collected,Kadugodi,2026-09-23,Resolved,120,7,No,High,No,4,Low
C009058,P0031,Sewerage,Sewer Line Blockage,Banaswadi,2026-09-23,Registered,420,82,Yes,High,No,4,Critical
C009059,P0806,Electrical,Exposed Electrical Wires,Begur,2026-09-23,Resolved,81,7,No,High,No,6,High
C009060,P2238,Drainage,Drain Overflow,Malleshwaram,2026-09-23,Closed,680,87,Yes,Low,,12,High
C009061,P0393,Solid Waste Management,Garbage Not Collected,Kadugodi,2026-09-23,Closed,120,5,No,Medium,No,4,Low
C009062,P1789,Revenue Department,Khata Related Issue,Kammanahalli,2026-09-23,Assigned,6,0,Yes,None,No,1,Low
C009063,P2379,Public Sanitation,Public Toilet Not Maintained,Vijayanagar,2026-09-24,In Progress,90,7,No,Medium,No,2,Medium
C009064,P2880,Solid Waste Management,Garbage Dump,Mathikere,2026-09-24,Verified,20,0,Yes,Low,Yes,3,Low
C009065,P0502,Solid Waste Management,Garbage Not Collected,Kadugodi,2026-09-24,Resolved,110,4,No,Low,No,4,Low
C009066,P0784,Road Maintenance,Footpath Damage,Mathikere,2026-09-24,Verified,75,6,No,Low,Yes,8,High
C009067,P0579,Road Maintenance,Footpath Damage,Shivajinagar,2026-09-24,Verified,270,,No,Low,Yes,8,Medium
C009068,P1165,Solid Waste Management,Garbage Dumping in Vacant Site,Malleshwaram,2026-09-24,In Progress,,8,No,Medium,No,4,Medium
C009069,P2326,Solid Waste Management,Garbage Dump,Mathikere,2026-09-24,Verified,20,0,Yes,Low,No,4,Low
C009070,P2007,Electrical,Damaged Street Light,Varthur,2026-09-24,Resolved,21,5,No,Medium,Yes,1,Low
C009071,P1529,Drainage,Open Drain,Kammanahalli,2026-09-24,Registered,35,3,Yes,High,Yes,24,High
C009072,P0680,Solid Waste Management,Garbage Dumping in Vacant Site,Shantinagar,2026-09-24,Assigned,35,2,No,Medium,Yes,16,Low
C009073,P0908,Electrical,Street Light Not Working,Mathikere,2026-09-24,Resolved,10,4,No,Low,No,4,Medium
C009074,P0069,Road Maintenance,Footpath Damage,Mathikere,2026-09-24,Verified,90,7,No,None,No,12,Low
C009075,P0161,Electrical,Street Light Not Working,Yelahanka,2026-09-24,Assigned,20,3,No,None,Yes,1,Low
C009076,P1743,Solid Waste Management,Garbage Dumping in Vacant Site,Shantinagar,2026-09-24,Assigned,35,3,Yes,,Yes,12,Low
C009077,P1165,Road Maintenance,Pothole,Malleshwaram,2026-09-24,Registered,18,3,No,Low,Yes,4,Medium
C009078,P0078,Solid Waste Management,Garbage Dump,Hosahalli,2026-09-24,Closed,117,2,No,None,Yes,12,Low
C009079,P2837,Water Supply,Water Leakage,Sadashivanagar,2026-09-24,Assigned,77,2,Yes,None,Yes,12,Medium
C009080,P0992,Drainage,Drain Overflow,Kodigehalli,2026-09-24,Resolved,85,8,Yes,Medium,Yes,4,Medium
C009081,P2476,Solid Waste Management,Garbage Not Collected,Chamrajpet,2026-09-24,In Progress,65,1,Yes,None,Yes,2,Low
C009082,P2628,Street Infrastructure,Bus Shelter Damaged,Mathikere,2026-09-24,In Progress,60,,No,Critical,No,4,High
C009083,P1509,Sewerage,Sewer Line Blockage,Hoodi,2026-09-24,Resolved,200,12,Yes,High,Yes,12,High
C009084,P2007,Drainage,Drain Blockage,Varthur,2026-09-24,Registered,445,30,No,Low,Yes,8,Medium
C009085,P1141,Water Supply,Low Water Pressure,Marathahalli,2026-09-24,Verified,1500,4,Yes,Low,Yes,6,Medium
C009086,P0594,Solid Waste Management,Garbage Dump,Hosahalli,2026-09-24,Resolved,117,4,No,Low,Yes,12,Low
C009087,P1855,Electrical,Street Light Not Working,Bellandur,2026-09-24,Verified,35,4,No,Low,Yes,1,Low
C009088,P1286,Health,Increase in Mosquito Density,Dasarahalli,2026-09-24,Verified,190,39,Yes,Medium,Yes,,Medium
C009089,P2162,Drainage,Drain Overflow,Kodigehalli,2026-09-24,Resolved,120,10,Yes,High,Yes,4,Medium
C009090,P0593,Street Infrastructure,Fallen Tree Branch,Malleshwaram,2026-09-25,Resolved,35,1,No,Medium,Yes,12,Medium
C009091,P0899,Solid Waste Management,Garbage Dump,Shantinagar,2026-09-25,In Progress,45,2,No,Low,Yes,8,Low
C009092,P1950,Drainage,Drain Overflow,Kodigehalli,2026-09-25,Resolved,85,10,Yes,High,Yes,6,Medium
C009093,P2174,Road Maintenance,Pothole,Sadashivanagar,2026-09-25,Registered,140,2,No,Low,Yes,4,Medium
C009094,P0482,Solid Waste Management,Garbage Not Collected,Bellandur,2026-09-25,Registered,60,14,Yes,Medium,Yes,1,Medium
C009095,P1503,Electrical,Damaged Street Light,Dasarahalli,2026-09-25,Assigned,10,0,No,Critical,Yes,2,High
C009096,P0284,Electrical,Street Light Not Working,Shivajinagar,2026-09-25,Verified,14,4,No,High,No,2,Medium
C009097,P2415,Electrical,Street Light Not Working,Mathikere,2026-09-25,Resolved,10,3,No,Low,No,4,Medium
C009098,P1555,Electrical,Street Light Not Working,Mathikere,2026-09-25,Resolved,10,2,No,Low,No,4,Medium
C009099,P2538,Solid Waste Management,Garbage Dumping in Vacant Site,Shantinagar,2026-09-25,Verified,23,2,No,High,,12,Low
C009100,P1779,Road Maintenance,Pothole,Yelahanka,2026-09-25,Assigned,85,3,No,Critical,Yes,2,Critical
C009101,P1580,Solid Waste Management,Garbage Dump,Shantinagar,2026-09-25,Assigned,,1,No,Low,Yes,12,Low
C009102,P0369,Solid Waste Management,Garbage Dump,Shantinagar,2026-09-25,In Progress,50,2,No,Low,Yes,8,Low
C009103,P0537,Road Maintenance,Pothole,Yelahanka,2026-09-25,Verified,90,5,No,Critical,No,2,Critical
C009104,P0108,Public Sanitation,Garbage Burning,Hosahalli,2026-09-25,Assigned,51,3,No,Medium,No,2,Medium
C009105,P2273,Water Supply,Low Water Pressure,Jayanagar,2026-09-25,Assigned,930,9,Yes,Low,Yes,8,Medium
C009106,P2218,Road Infrastructure,Road Signage Missing,Hosahalli,2026-09-25,Registered,104,3,No,Low,Yes,4,Low
C009107,P2273,Sewerage,Manhole Overflow,Jayanagar,2026-09-25,Assigned,172,,Yes,Medium,Yes,8,High
C009108,P2162,Water Supply,Low Water Pressure,Jayanagar,2026-09-25,Assigned,898,6,Yes,Low,Yes,8,Medium
C009109,P0858,Electrical,Damaged Street Light,Varthur,2026-09-25,Resolved,21,4,No,Medium,Yes,2,Low
C009110,P1420,Public Sanitation,Unclean Public Area,Dasarahalli,2026-09-25,Resolved,60,8,No,None,Yes,2,Low
C009111,P1555,Solid Waste Management,Garbage Dump,Mathikere,2026-09-25,Verified,20,0,Yes,Low,Yes,4,Low
C009112,P2764,Road Maintenance,Pothole,Sadashivanagar,2026-09-25,Verified,220,3,No,,Yes,6,Medium
C009113,P0781,Solid Waste Management,Garbage Dump ,Ulsoor,2026-09-26,Verified,112,6,Yes,None,Yes,4,Medium
C009114,P1126,Solid Waste Management,Garbage Dump,Hosahalli,2026-09-26,Resolved,117,3,No,None,Yes,8,Low
C009115,P2308,Road Maintenance,Pothole,Yelahanka,2026-09-26,Verified,106,4,,Critical,Yes,1,Critical
C009116,P1899,Solid Waste Management,Garbage Dump,Ulsoor,2026-09-26,Registered,142,8,Yes,None,No,4,Medium
C009117,P1084,Solid Waste Management,Garbage Not Collected,Bellandur,2026-09-26,Verified,60,10,Yes,Medium,No,2,Medium
C009118,P2944,Road Maintenance,Pothole,Sadashivanagar,2026-09-26,Verified,140,2,No,Low,No,4,Medium
C009119,P1329,Road Maintenance,Road Surface Damage,Malleshwaram,2026-09-26,Verified,207,6,No,Low,Yes,24,Low
C009120,P0152,Drainage,Drain Overflow,KODIGEHALLI,2026-09-26,Resolved,85,6,Yes,Medium,Yes,4,Medium
C009121,P0699,Solid Waste Management,Garbage Dump,Yeshwanthpur,2026-09-26,Resolved,217,51,No,Low,No,4,Low
C009122,P2318,Solid Waste Management,Garbage Dump,Yeshwanthpur,2026-09-26,Resolved,207,42,No,Low,No,4,Low
C009123,P2089,Drainage,Drain Overflow,Kodigehalli,2026-09-26,Resolved,55,6,Yes,Medium,Yes,4,Medium
C009124,P1126,Water Supply,Low Water Pressure,Hosahalli,2026-09-26,Registered,850,27,No,High,Yes,6,High
C009125,P2400,Road Maintenance,Road Surface Damage,Malleshwaram,2026-09-26,Registered,190,6,No,,Yes,24,Low
C009126,P2570,Solid Waste Management,Garbage Dump,Yeshwanthpur,2026-09-26,Resolved,420,69,No,Low,No,4,Low
C009127,P2878,Drainage,Open Drain,Kadugodi,2026-09-27,In Progress,80,7,No,High,No,8,High
C009128,P2910,Solid Waste Management,Garbage Dump,Ulsoor,2026-09-27,Verified,120,8,Yes,Low,Yes,3,Medium
C009129,P0896,Road Maintenance,Road Surface Damage,Arekere,2026-09-27,Registered,95,5,No,High,No,8,Medium
C009130,P2114,Electrical,Street Light Not Working,Peenya,2026-09-27,Registered,30,,No,Low,Yes,4,Low
C009131,P0825,Solid Waste Management,Garbage Not Collected,Bellandur,2026-09-27,Registered,,12,Yes,Medium,Yes,1,Medium
C009132,P0349,Electrical,Street Light Not Working,Peenya,2026-09-27,Registered,30,0,No,None,Yes,4,Low
C009133,P0349,Electrical,Street Light Not Working,Peenya,2026-09-27,Closed,30,0,No,None,Yes,4,Low
C009134,P2035,Drainage,Open Drain,Whitefield,2026-09-27,Verified,110,35,No,Low,No,24,Medium
C009135,P2223,Water Supply,Water Leakage,Hosahalli,2026-09-27,Verified,168,27,Yes,Low,No,2,Medium
C009136,P1072,Road Infrastructure,Speed Breaker Required,Ulsoor,2026-09-27,Verified,303,75,No,Medium,Yes,8,Medium
C009137,P2855,Road Infrastructure,Road Signage Missing,Chamrajpet,2026-09-27,Verified,105,44,No,Medium,No,4,Medium
C009138,P0383,Electrical,Street Light Not Working,Hosahalli,2026-09-28,Verified,18,2,No,High,Yes,8,High
C009139,P1358,Water Supply,Water Leakage,Hosahalli,2026-09-28,Assigned,110,,Yes,Low,No,2,Medium
C009140,P1303,Street Infrastructure,Bus Shelter Damaged,Rajarajeshwari Nagar,2026-09-28,Registered,65,9,No,Low,No,6,Low
C009141,P1952,Water Supply,Water Leakage,Hosahalli,2026-09-28,Registered,120,43,Yes,Low,No,2,Low
C009142,P1817,Water Supply,Water Leakage,Hosahalli,2026-09-28,Verified,160,28,Yes,Low,No,2,Medium
C009143,P1938,Solid Waste Management,Garbage Not Collected,Electronic City,2026-09-28,Assigned,15,4,Yes,None,No,6,High
C009144,P0576,Drainage,Drain Overflow,Koramangala,2026-09-28,Assigned,200,29,Yes,Low,Yes,8,Medium
C009145,P2429,Water Supply,Water Leakage,Hosahalli,2026-09-28,Verified,100,21,Yes,Low,No,2,Medium
C009146,P2328,Water Supply,No Water Supply,Hosahalli,2026-09-28,In Progress,480,26,Yes,Low,No,12,Low
C009147,P0116,Water Supply,Water Leakage,Hosahalli,2026-09-28,Verified,100,21,Yes,None,No,2,Medium
C009148,P1236,Sewerage,Drain Overflow,Mathikere,2026-09-28,Verified,20,2,Yes,None,Yes,2,Low
C009149,P0393,Road Infrastructure ,Speed Breaker Required,Kadugodi,2026-09-28,Registered,420,156,No,Low,No,3,Medium
C009150,P2132,Drainage,Drain Blockage,Shantinagar,2026-09-28,Registered,110,4,No,Low,No,12,Low
C009151,P1492,Drainage,Drain Blockage,Shantinagar,2026-09-28,Verified,75,2,No,Low,No,8,Low
C009152,P2600,Public Sanitation,Garbage Burning,Hoodi,2026-09-28,Assigned,40,2,No,None,Yes,1,Low
C009153,P0684,Road Maintenance,Road Surface Damage,Yelahanka,2026-09-28,Registered,85,1,No,Medium,No,6,Medium
C009154,P0573,Water Supply,No Water Supply,Hosahalli,2026-09-28,Assigned,380,24,Yes,Low,No,16,Low
C009155,P0677,Drainage,Drain Blockage,Shantinagar,2026-09-28,Verified,55,4,No,Low,No,8,Low
C009156,P2504,Drainage,Drain Blockage,Shantinagar,2026-09-28,Verified,56,2,No,Low,No,8,Low
C009157,P2595,Solid Waste Management,Garbage Not Collected,Hebbal,2026-09-28,Verified,65,5,No,Medium,Yes,1,Medium
C009158,P1053,Solid Waste Management,Garbage Not Collected,Hebbal,2026-09-28,Assigned,100,7,No,Medium,Yes,1,Medium
C009159,P0178,Drainage,Damaged Drain,Sarakki,2026-09-28,Verified,25,4,No,High,Yes,48,Medium
C009160,P0383,Water Supply,Water Leakage,Hosahalli,2026-09-28,Assigned,85,19,No,Low,Yes,1,High
C009161,P2470,Water Supply,Water Leakage,Hosahalli,2026-09-28,Verified,120,28,Yes,Low,No,1,Medium
C009162,P0890,Water Supply,Water Leakage,Hosahalli,2026-09-28,Registered,3000,17,Yes,Low,No,2,Medium
C009163,P2538,Road Infrastructure,Road Cutting Not Restored,Shantinagar,2026-09-28,Registered,30,2,No,Low,Yes,24,Low
C009164,P1681,Water Supply,Water Leakage,Hosahalli,2026-09-28,Assigned,120,30,Yes,Low,No,2,Medium
C009165,P1236,Water Supply,Pipeline Leakage,Mathikere,2026-09-28,Assigned,120,8,Yes,Low,No,3,Medium
C009166,P2449,Water Supply,Water Leakage,Hosahalli,2026-09-28,Assigned,100,29,Yes,Low,No,2,Medium
C009167,P1323,Road Maintenance,Pothole,Varthur,2026-09-28,Verified,890,27,No,Low,No,,Medium
C009168,P1211,Solid Waste Management,Sweeping Not Done,Hebbal,2026-09-28,Registered,60,6,No,Low,No,2,Low
C009169,P2691,Water Supply,Water Leakage,Hosahalli,2026-09-28,Verified,130,26,No,Low,No,2,Medium
C009170,P0549,Road Maintenance,Pothole,Sadashivanagar,2026-09-28,Registered,100,2,No,Low,Yes,4,Medium
C009171,P2219,Road Maintenance,Pothole,Hosahalli,2026-09-29,Assigned,220,7,No,High,Yes,8,Medium
C009172,P0190,Solid Waste Management,Garbage Vehicle Not Arrived,Kengeri,2026-09-29,Assigned,250,,No,None,No,3,Medium
C009173,P0594,Water Supply,Water Leakage,Hosahalli,2026-09-29,Registered,180,26,Yes,None,No,3,Medium
C009174,P0708,Solid Waste Management,Garbage Not Collected,Electronic City,2026-09-29,Registered,20,7,Yes,None,Yes,6,Medium
C009175,P0393,Electrical,Multiple Street Lights Not Working,Kadugodi,2026-09-29,Verified,55,1,No,Medium,Yes,,Medium
C009176,P1232,Electrical,Multiple Street Lights Not Working,Kadugodi,2026-09-29,Verified,65,1,No,High,Yes,4,Medium
C009177,P0704,Road Maintenance,Footpath Damage,Bellandur,2026-09-29,Registered,9,1,No,Medium,No,4,Low
C009178,P2236,Road Maintenance,Pothole,Malleshwaram,2026-09-29,Registered,934,54,No,High,Yes,24,High
C009179,P2524,Electrical,Street Light Not Working,Peenya,2026-09-29,Registered,20,0,No,Low,Yes,4,Low
C009180,P0482,Drainage,Drain Blockage,Rajajinagar,2026-09-29,Registered,420,10,No,High,No,8,Medium
C009181,P1639,Solid Waste Management,Sweeping Not Done,Hebbal,2026-09-29,Registered,55,4,No,Medium,Yes,1,Low
C009182,P0460,Drainage,Drain Blockage,Shantinagar,2026-09-29,Registered,65,5,No,None,No,8,Low
C009183,P2198,Road Maintenance,Pothole,Padmanabhanagar,2026-09-29,Verified,110,28,No,High,Yes,4,Critical
C009184,P2941,Drainage,Open Drain,Whitefield,2026-09-29,Registered,120,40,No,None,No,24,Medium
C009185,P0142,Sewerage,Sewage Overflow,Yelahanka,2026-09-29,Registered,100,12,No,None,Yes,4,Medium
C009186,P1479,Road Maintenance,Road Surface Damage,Sarakki,2026-09-29,Registered,60,5,No,Low,No,12,Low
C009187,P1453,Road Infrastructure,Road Encroachment,Padmanabhanagar,2026-09-29,Registered,300,16,No,Low,No,16,Low
C009188,P0733,Drainage,Drain Overflow,Mathikere,2026-09-29,Verified,160,22,Yes,High,Yes,8,High
C009189,P0349,Others,Miscellaneous Complaint,Electronic City,2026-09-29,Registered,55,1,No,Medium,No,2,Low
C009190,P1460,Road Maintenance,Pothole,Padmanabhanagar,2026-09-29,Assigned,100,19,No,High,Yes,4,Critical
C009191,P1054,Road Maintenance,Pothole,Padmanabhanagar,2026-09-29,Assigned,100,21,No,High,Yes,4,Critical
C009192,P2484,Road Infrastructure,Road Cutting Not Restored,Shantinagar,2026-09-29,Registered,30,2,No,Low,Yes,24,Medium
C009193,P2335,Drainage,Open Drain,Whitefield,2026-09-29,Registered,110,26,No,None,No,36,Medium
C009194,P0321,Sewerage,Sewage Overflow,Yelahanka,2026-09-29,Registered,106,13,No,None,Yes,4,Medium
C009195,P0587,Sewerage,Sewage Overflow,Padmanabhanagar,2026-09-30,Assigned,200,38,Yes,None,No,4,Medium
C009196,P1054,Road Maintenance,Pothole,Padmanabhanagar,2026-09-30,Assigned,100,21,No,High,Yes,4,Critical
C009197,P0573,Water Supply,No Water Supply,Hosahalli,2026-09-30,Registered,5000,18,Yes,Medium,Yes,12,High
C009198,P2151,Water Supply,Pipeline Leakage,Mathikere,2026-09-30,Registered,114,11,Yes,Low,No,4,Medium
C009199,P1012,Road Infrastructure,Missing Manhole Cover,Varthur,2026-09-30,Registered,10,1,No,Critical,Yes,,Critical
C009200,P1681,Water Supply,Water Leakage,Hosahalli,2026-09-30,Assigned,120,30,Yes,Low,No,2,Medium
C009201,P0848,Water Supply,No Water Supply,Hosahalli,2026-09-30,Registered,168,20,Yes,Medium,Yes,8,High
C009202,P2691,Road Maintenance,Pothole,Hosahalli,2026-09-30,Registered,220,8,No,Medium,Yes,8,Medium
C009203,P0665,Water Supply,Pipeline Leakage,Mathikere,2026-09-30,Registered,180,10,Yes,Low,No,4,Medium
C009204,P1410,Road Infrastructure,Missing Manhole Cover,Varthur,2026-09-30,Verified,5,0,No,Critical,Yes,3,Critical
C009205,P2223,Road Maintenance,Pothole,Hosahalli,2026-09-30,Registered,220,7,No,Medium,Yes,8,Medium
C009206,P2994,Solid Waste Management,Garbage Vehicle Not Arrived,Kengeri,2026-09-30,Registered,250,51,No,None,No,2,Medium
C009207,P0830,Water Supply,No Water Supply,Hosahalli,2026-09-30,Registered,168,14,Yes,Low,No,8,High
C009208,P1902,Water Supply,No Water Supply,Hosahalli,2026-09-30,Verified,685,,Yes,Low,Yes,,High
C009209,P1053,Water Supply,No Water Supply,Hosahalli,2026-09-30,Registered,,171,Yes,Medium,Yes,8,High
C009210,P2291,Road Infrastructure,Speed Breaker Required,JP Nagar,2026-09-30,Verified,110,16,No,Medium,No,8,Low
C009211,P1570,Solid Waste Management,Garbage Vehicle Not Arrived,Mathikere,2026-09-30,Registered,35,4,Yes,Medium,Yes,2,Medium
C009212,P1902,Road Maintenance,Pothole,Hosahalli,2026-09-30,Registered,220,8,No,Medium,Yes,8,Medium
C009213,P1236,Solid Waste Management,Garbage Vehicle Not Arrived,Mathikere,2026-09-30,Registered,35,4,Yes,Medium,Yes,1,Medium
C009214,P1470,Solid Waste Management,Garbage Vehicle Not Arrived,Mathikere,2026-09-30,Registered,25,3,Yes,High,Yes,1,Medium
C009215,P1979,Road Infrastructure,Road Cutting Not Restored,Kodigehalli,2026-09-30,Registered,70,1,No,Critical,Yes,24,High
C009216,P0704,Solid Waste Management,Garbage Not Collected,Hebbal,2026-09-30,Registered,150,17,No,Medium,Yes,1,Medium
C009217,P0393,Road Infrastructure,Speed Breaker Required,Kadugodi,2026-09-30,Registered,19,1,No,None,No,8,Low
